timestamp,artist_name,track_title,track_url,album_art,plays,likes,reposts,playlist_adds,release_date
2026-08-20 03:01:03,SIO,SIONobody Ugly,https://audiomack.com/vibeking-sio/song/nobody-ugly,https://i.audiomack.com/vibeking-sio/3af34ac4ae.webp?width=416,91200,1370,N/A,519,"August 11, 2026"
2026-08-20 03:01:06,SIO,SIOAll Hail,https://audiomack.com/vibeking-sio/song/all-hail,https://i.audiomack.com/vibeking-sio/0f75ec02ba.webp?width=416,431000,5100,N/A,3820,"May 16, 2026"
2026-08-20 03:01:09,SIO,SIOWe know them,https://audiomack.com/vibeking-sio/song/we-know-them,https://i.audiomack.com/vibeking-sio/a436a7ae85.webp?width=416,1050000,8850,N/A,8140,"December 10, 2025"
2026-08-20 03:01:13,SIO,SIOMoney-way-na-lost,https://audiomack.com/vibeking-sio/song/money-way-na-lost,https://i.audiomack.com/vibeking-sio/cf8b9ebf08.webp?width=416,1550000,7340,N/A,14600,"February 20, 2024"
2026-08-20 03:01:17,SIO,SIOTime,https://audiomack.com/vibeking-sio/song/sio-time-prod-by-afo4doe-master,https://i.audiomack.com/vibeking-sio/87c653780f.webp?width=416,1410000,11200,N/A,11500,"July 1, 2025"
2026-08-20 03:01:20,SIO,SIOTrouble,https://audiomack.com/vibeking-sio/song/trouble,https://i.audiomack.com/vibeking-sio/cf8b9ebf08.webp?width=416,370000,2580,N/A,4220,"February 20, 2024"
2026-08-20 03:01:24,SIO,SIOOyoyo,https://audiomack.com/vibeking-sio/song/oyoyo,https://i.audiomack.com/vibeking-sio/c1c0ce846e.webp?width=416,481000,2410,N/A,3870,"July 15, 2023"
2026-08-20 03:01:27,SIO,SIOsio __ Barnersville _pro.perfect,https://audiomack.com/vibeking-sio/song/sio-barnersville-properfect,https://i.audiomack.com/bangboi-sio/dc1d125214.webp?width=416,243000,1190,N/A,1840,"November 21, 2020"
2026-08-20 03:01:44,Nahj,Nahj9mm,https://audiomack.com/nahj/song/9mm,https://i.audiomack.com/nahj/5446d08abb.webp?width=416,1060000,4160,N/A,7440,"July 29, 2026"
2026-08-20 03:01:47,Nahj,NahjMy Lady,https://audiomack.com/nahj/song/my-lady,https://i.audiomack.com/nahj/3967fd4dee.webp?width=416,3420000,19000,N/A,35400,"September 17, 2025"
2026-08-20 03:01:51,Nahj,NahjBig Man Sound,https://audiomack.com/nahj/song/big-man-sound,https://i.audiomack.com/nahj/16ea708e4b.webp?width=416,850000,3800,N/A,10900,"February 25, 2026"
2026-08-20 03:01:54,Nahj,NahjStupid Me,https://audiomack.com/nahj/song/stupid-me,https://i.audiomack.com/nahj_/54eb8c918e.webp?width=416,747000,4660,N/A,7500,"October 18, 2024"
2026-08-20 03:01:57,Nahj,NahjShe Na Know,https://audiomack.com/nahj/song/she-na-know,https://i.audiomack.com/nahj/598c209b88.webp?width=416,1010000,6120,N/A,12900,"June 27, 2025"
2026-08-20 03:02:00,Nahj,NahjStupid Me(Acoustic),https://audiomack.com/nahj/song/stupid-meacoustic,https://i.audiomack.com/nahj_/54eb8c918e.webp?width=416,187000,1690,N/A,3910,"February 14, 2025"
2026-08-20 03:02:04,Nahj,NahjTha Boi,https://audiomack.com/nahj/song/nahj-tha-boi,https://i.audiomack.com/nahj46/f4e7fec0db.webp?width=416,40500,291,N/A,178,"March 31, 2023"
2026-08-20 03:02:07,Nahj,NahjScrew You,https://audiomack.com/nahj/song/screw-you,https://i.audiomack.com/nahj_daboi/493d08ba17.webp?width=416,27500,186,N/A,98,"April 26, 2024"
2026-08-20 03:02:10,Nahj,NahjFearless Freestyle,https://audiomack.com/nahj/song/fearless-freestyle,https://i.audiomack.com/nahj231/64d6bc4861.webp?width=416,28800,172,N/A,154,"January 26, 2024"
2026-08-20 03:02:27,Spize,SpizeThey Dunno,https://audiomack.com/spizeofficial/song/they-dont-know-official-audiowav,https://i.audiomack.com/spizeofficial/02b23f3da7.webp?width=416,789000,4680,N/A,8330,"July 10, 2026"
2026-08-20 03:02:31,Spize,SpizeHallelujah,https://audiomack.com/spizeofficial/song/spize-halleluu-ms-01-wav,https://i.audiomack.com/spizeofficial/02b23f3da7.webp?width=416,273000,2500,N/A,2100,"July 10, 2026"
2026-08-20 03:02:34,Spize,SpizeWoman,https://audiomack.com/spizeofficial/song/woman,https://i.audiomack.com/spizeofficial/c4bb4cc0f1.webp?width=416,161000,2110,N/A,625,"July 10, 2026"
2026-08-20 03:02:37,Spize,ZoravynAfrican Sound,https://audiomack.com/spizeofficial/song/african-sound,https://i.audiomack.com/spizeofficial/11136f71b6.webp?width=416,554000,4030,N/A,4040,"March 27, 2026"
2026-08-20 03:02:40,Spize,SpizeMiss You,https://audiomack.com/spizeofficial/song/miss-you,https://i.audiomack.com/spizeofficial/18326979-1.webp?width=416,824000,8130,N/A,10500,"August 1, 2025"
2026-08-20 03:02:44,Spize,SpizeRoad,https://audiomack.com/spizeofficial/song/road,https://i.audiomack.com/spizeofficial/ca83e6b3d5.webp?width=416,457000,4170,N/A,3790,"February 27, 2026"
2026-08-20 03:02:47,Spize,SpizeMelo,https://audiomack.com/spizeofficial/song/melo-22,https://i.audiomack.com/spizeofficial/591fa960db.webp?width=416,773000,6950,N/A,9780,"June 7, 2024"
2026-08-20 03:02:51,Spize,SpizeWith You,https://audiomack.com/spizeofficial/song/with-you-1,https://i.audiomack.com/spize-7/c9889f6883.webp?width=416,467000,4530,N/A,6330,"August 24, 2024"
2026-08-20 03:02:55,Spize,SpizeMy Side,https://audiomack.com/spizeofficial/song/my-side,https://i.audiomack.com/spize-7/14916091-1.webp?width=416,949000,7390,N/A,8170,"January 1, 2025"
2026-08-20 03:03:12,Will Flash,Will FlashMoney Flow,https://audiomack.com/will-flash/song/money-flow,https://i.audiomack.com/will-flash/bd70225375.webp?width=416,381000,3780,N/A,3480,"May 22, 2026"
2026-08-20 03:03:15,Will Flash,Will FlashMy Ex,https://audiomack.com/will-flash/song/my-ex,https://i.audiomack.com/will-flash/128d7c449e.webp?width=416,1660000,12100,N/A,20300,"February 28, 2025"
2026-08-20 03:03:18,Will Flash,Will FlashTell Me,https://audiomack.com/will-flash/song/tell-me,https://i.audiomack.com/will-flash/17988005-c.webp?width=416,1110000,7700,N/A,8530,"June 30, 2025"
2026-08-20 03:03:22,Will Flash,Will FlashSingle,https://audiomack.com/will-flash/song/single,https://i.audiomack.com/will-flash/1e814790be.webp?width=416,1030000,7910,N/A,9800,"May 9, 2025"
2026-08-20 03:03:25,Will Flash,Will FlashFriday,https://audiomack.com/will-flash/song/friday,https://i.audiomack.com/will-flash/20051834-c.webp?width=416,706000,4900,N/A,8540,"November 21, 2025"
2026-08-20 03:03:28,Will Flash,Will FlashYoyo,https://audiomack.com/will-flash/song/yoyo,https://i.audiomack.com/will-flash/8691275fb8.webp?width=416,426000,3690,N/A,3870,"February 27, 2026"
2026-08-20 03:03:32,Will Flash,Who's DatOn My Hay,https://audiomack.com/will-flash/song/on-my-hay,https://i.audiomack.com/will-flash/2feb60d550.webp?width=416,430000,3530,N/A,3550,"January 30, 2026"
2026-08-20 03:03:35,Will Flash,Will FlashCute Gangsta,https://audiomack.com/will-flash/song/cute-gangsta,https://i.audiomack.com/will-flash/bd70225375.webp?width=416,48400,783,N/A,237,"May 22, 2026"
2026-08-20 03:03:38,Will Flash,Will FlashStuck in the Mood,https://audiomack.com/will-flash/song/stuck-in-the-mood,https://i.audiomack.com/will-flash/bd70225375.webp?width=416,30000,K,N/A,193,"May 22, 2026"
2026-08-20 03:03:42,Will Flash,Will FlashPoor Boy,https://audiomack.com/will-flash/song/poor-boy,https://i.audiomack.com/will-flash/bd70225375.webp?width=416,26400,622,N/A,197,"May 22, 2026"
2026-08-20 03:03:45,Will Flash,Will FlashFind Your Own,https://audiomack.com/will-flash/song/find-your-own,https://i.audiomack.com/will-flash/bd70225375.webp?width=416,24800,553,N/A,176,"May 22, 2026"
2026-08-20 03:03:48,Will Flash,Will FlashLike That,https://audiomack.com/will-flash/song/like-that,https://i.audiomack.com/will-flash/bd70225375.webp?width=416,29200,599,N/A,190,"May 22, 2026"
2026-08-20 03:03:52,Will Flash,Will FlashBoil on Dem,https://audiomack.com/will-flash/song/boil-on-dem,https://i.audiomack.com/will-flash/13325134-c.webp?width=416,168000,1100,N/A,2710,"November 15, 2024"
2026-08-20 03:03:56,Will Flash,Will FlashKilimanjaro,https://audiomack.com/will-flash/song/kilimanjaro-1,https://i.audiomack.com/will-flash/11215502-c.webp?width=416,106000,1040,N/A,1610,"June 14, 2024"
2026-08-20 03:03:59,Will Flash,Will FlashHeart and Soul,https://audiomack.com/will-flash/song/heart-and-soul,https://i.audiomack.com/will-flash/10867586-c.webp?width=416,251000,2900,N/A,6630,"May 31, 2024"
2026-08-20 03:04:02,Will Flash,Will FlashDa Your Problem,https://audiomack.com/will-flash/song/da-your-problem,https://i.audiomack.com/will-flash/81b760d7a3.webp?width=416,133000,915,N/A,1760,"December 6, 2024"
2026-08-20 03:04:05,Will Flash,Will FlashWILL FLASH - Congratulations H.E Joseph Boakai Sr,https://audiomack.com/will-flash/song/will-flash-congratulations-he-joseph-boakai-sr,https://i.audiomack.com/will-flash/552b6b127d.webp?width=416,18200,164,N/A,129,"January 12, 2024"
2026-08-20 03:04:09,Will Flash,Will FlashHeart and Soul Refix,https://audiomack.com/will-flash/song/heart-and-soul-refix,https://i.audiomack.com/will-flash/11884024-c.webp?width=416,27600,381,N/A,775,"August 5, 2024"
2026-08-20 03:04:28,STUNN,STUNNFace Card,https://audiomack.com/stunn/song/face-card,https://i.audiomack.com/stunn/a6db6bfa3e.webp?width=416,214000,2300,N/A,1030,"July 3, 2026"
2026-08-20 03:04:31,STUNN,StunnaHer Engine Oil,https://audiomack.com/stunn/song/her-engine-oil,https://i.audiomack.com/stunnamusic/2193c4c33f.webp?width=416,234000,935,N/A,1470,"May 22, 2020"
2026-08-20 03:04:34,STUNN,Stunn & Will FlashLove,https://audiomack.com/stunn/song/love,https://i.audiomack.com/will-flash/4339e0d270.webp?width=416,819000,5000,N/A,13900,"December 4, 2025"
2026-08-20 03:04:38,STUNN,StunnDavid,https://audiomack.com/stunn/song/david-stunn,https://i.audiomack.com/stunn/4785de673e.webp?width=416,466000,3860,N/A,7000,"October 25, 2024"
2026-08-20 03:04:41,STUNN,StunnChop Life,https://audiomack.com/stunn/song/chop-life,https://i.audiomack.com/stunn/7ddc2fed59.webp?width=416,325000,2280,N/A,3870,"April 26, 2024"
2026-08-20 03:04:44,STUNN,STUNNDIAMONDS (PRESSURE),https://audiomack.com/stunn/song/688b2e4bea82e,https://i.audiomack.com/stunn/f9e26519d1.webp?width=416,351000,3000,N/A,5040,"July 31, 2025"
2026-08-20 03:04:47,STUNN,StunnaAddicted,https://audiomack.com/stunn/song/addicted,https://i.audiomack.com/stunnamusic/dd0be8e4f2.webp?width=416,113000,833,N/A,966,"January 19, 2020"
2026-08-20 03:04:51,STUNN,StunnaOh Lady,https://audiomack.com/stunn/song/oh-lady,https://i.audiomack.com/stunnamusic/de9eede0ab.webp?width=416,75100,644,N/A,739,"November 25, 2019"
2026-08-20 03:04:54,STUNN,StunnaIntro,https://audiomack.com/stunn/song/intro,https://i.audiomack.com/stunnamusic/dd0be8e4f2.webp?width=416,72700,557,N/A,538,"January 19, 2020"
2026-08-20 03:04:57,STUNN,StunnaLove 2Night,https://audiomack.com/stunn/song/love-2night,https://i.audiomack.com/stunnamusic/dd0be8e4f2.webp?width=416,60700,543,N/A,669,"January 19, 2020"
2026-08-20 03:05:01,STUNN,STUNNBABY O -STUNN,https://audiomack.com/stunn/song/68b2ab5117022,https://i.audiomack.com/stunn/0a2aaec24d.webp?width=416,21000,169,N/A,125,"August 30, 2025"
2026-08-20 03:05:04,STUNN,StunnMedicine,https://audiomack.com/stunn/song/medicine,https://i.audiomack.com/stunnamusic/23d8e128b4.webp?width=416,440000,1430,N/A,2400,"June 16, 2023"
2026-08-20 03:05:08,STUNN,StunnaSeh Pay Love,https://audiomack.com/stunn/song/seh-pay-love,https://i.audiomack.com/stunnamusic/dd0be8e4f2.webp?width=416,48700,438,N/A,677,"January 19, 2020"
2026-08-20 03:05:11,STUNN,StunnaWhen a Woman Loves,https://audiomack.com/stunn/song/when-a-woman-loves-lil-jay-mp3,https://i.audiomack.com/stunnamusic/dd0be8e4f2.webp?width=416,52700,490,N/A,517,"January 19, 2020"
2026-08-20 03:05:14,STUNN,StunnaWhat IF,https://audiomack.com/stunn/song/what-if-bucky-raw,https://i.audiomack.com/stunnamusic/dd0be8e4f2.webp?width=416,42700,420,N/A,574,"January 19, 2020"
2026-08-20 03:05:18,STUNN,StunnaIt's Over,https://audiomack.com/stunn/song/its-over,https://i.audiomack.com/stunnamusic/dd0be8e4f2.webp?width=416,36400,416,N/A,526,"January 19, 2020"
2026-08-20 03:05:21,STUNN,StunnFallen,https://audiomack.com/stunn/song/fallen,https://i.audiomack.com/stunnmusic/fcc23f3f65.webp?width=416,233000,1820,N/A,2790,"November 3, 2023"
2026-08-20 03:05:24,STUNN,StunnaWhy,https://audiomack.com/stunn/song/why,https://i.audiomack.com/stunnamusic/dd0be8e4f2.webp?width=416,29800,366,N/A,496,"January 19, 2020"
2026-08-20 03:05:28,STUNN,StunnaSlowdown,https://audiomack.com/stunn/song/slowdown,https://i.audiomack.com/stunnamusic/dd0be8e4f2.webp?width=416,42800,425,N/A,550,"January 19, 2020"
2026-08-20 03:05:31,STUNN,StunnaSammy Song,https://audiomack.com/stunn/song/sammy-song,https://i.audiomack.com/stunnamusic/dd0be8e4f2.webp?width=416,31400,365,N/A,499,"January 19, 2020"
2026-08-20 03:05:34,STUNN,StunnFly With You,https://audiomack.com/stunn/song/fly-away-stunn-master-v2,https://i.audiomack.com/stunn/ab5d4d2daf.webp?width=416,105000,1240,N/A,1840,"June 27, 2024"
2026-08-20 03:05:37,STUNN,StunnaGreen Light,https://audiomack.com/stunn/song/green-light,https://i.audiomack.com/stunn/121d1a1330.webp?width=416,234000,1350,N/A,1320,"July 22, 2022"
2026-08-20 03:05:41,STUNN,StunnaFire,https://audiomack.com/stunn/song/fire-x-ei,https://i.audiomack.com/stunnamusic/dd0be8e4f2.webp?width=416,26300,332,N/A,475,"January 19, 2020"
2026-08-20 03:05:44,STUNN,StunnaSex Friend,https://audiomack.com/stunn/song/sex-friend-feat-barsee,https://i.audiomack.com/stunnamusic/dd0be8e4f2.webp?width=416,32400,376,N/A,445,"January 19, 2020"
2026-08-20 03:05:47,STUNN,StunnaOriginal Baby,https://audiomack.com/stunn/song/original-baby,https://i.audiomack.com/stunnamusic/dd0be8e4f2.webp?width=416,36100,424,N/A,571,"January 19, 2020"
2026-08-20 03:05:51,STUNN,Stunna10/10,https://audiomack.com/stunn/song/1010,https://i.audiomack.com/stunnamusic/51dad54e1c.webp?width=416,19000,10,N/A,198,"September 9, 2020"
2026-08-20 03:05:54,STUNN,StunnaMela (Melanin),https://audiomack.com/stunn/song/mela-melanin,https://i.audiomack.com/stunnamusic/dd0be8e4f2.webp?width=416,30600,370,N/A,492,"January 19, 2020"
2026-08-20 03:05:57,STUNN,StunnaTi Amo,https://audiomack.com/stunn/song/ti-amo,https://i.audiomack.com/stunnamusic/dd0be8e4f2.webp?width=416,28300,344,N/A,449,"January 19, 2020"
2026-08-20 03:06:00,STUNN,StunnMedicine,https://audiomack.com/stunn/song/medicine-1,https://i.audiomack.com/stunn/13573780-5.webp?width=416,5270,29,N/A,51,"June 25, 2023"
2026-08-20 03:06:04,STUNN,StunnDiamonds (Pressure),https://audiomack.com/stunn/song/diamonds-pressure,https://i.audiomack.com/stunn/b7d26f159d.webp?width=416,7600,95,N/A,58,"August 1, 2025"
2026-08-20 03:06:07,STUNN,StunnFallen,https://audiomack.com/stunn/song/fallen-1,https://i.audiomack.com/stunn/13636702-5.webp?width=416,3500,26,N/A,16,"November 3, 2023"
2026-08-20 03:06:24,Larry G,Larry GHustle,https://audiomack.com/elvissaywon226/song/hustle,https://i.audiomack.com/elvissaywon226/df7086b6af.webp?width=416,370000,3930,N/A,2810,"June 26, 2026"
2026-08-20 03:06:27,Larry G,Larry GYolo,https://audiomack.com/elvissaywon226/song/yolo,https://i.audiomack.com/elvissaywon226/d3569c80c7.webp?width=416,922000,7870,N/A,6280,"January 28, 2026"
2026-08-20 03:06:31,Larry G,Larry GWicked people,https://audiomack.com/elvissaywon226/song/wicked-people,https://i.audiomack.com/elvissaywon226/759a66ecd7.webp?width=416,917000,6620,N/A,6890,"October 24, 2025"
2026-08-20 03:06:34,Larry G,Larry GMy-Time,https://audiomack.com/elvissaywon226/song/my-time,https://i.audiomack.com/elvissaywon226/2d45892402.webp?width=416,1480000,10900,N/A,10700,"July 18, 2025"
2026-08-20 03:06:37,Larry G,Larry GLonely Soja,https://audiomack.com/elvissaywon226/song/lonely-soja,https://i.audiomack.com/elvissaywon226/8884e8fae8.webp?width=416,251000,1670,N/A,1570,"November 23, 2024"
2026-08-20 03:06:54,Fluxii,FluxiiLiberia,https://audiomack.com/fluxiimusic/song/liberia,https://i.audiomack.com/fluxiimusic/b7dfba52e5.webp?width=416,155000,1880,N/A,1140,"July 24, 2026"
2026-08-20 03:06:58,Fluxii,FluxiiBalance,https://audiomack.com/fluxiimusic/song/balance,https://i.audiomack.com/fluxiimusic/9808eb1e2a.webp?width=416,268000,2490,N/A,2200,"June 26, 2026"
2026-08-20 03:07:01,Fluxii,FluxiiTalk So,https://audiomack.com/fluxiimusic/song/talk-so,https://i.audiomack.com/fluxiimusic/10476412-1.webp?width=416,1010000,9120,N/A,11000,"May 3, 2024"
2026-08-20 03:07:04,Fluxii,FluxiiHustle,https://audiomack.com/fluxiimusic/song/hustle,https://i.audiomack.com/fluxiimusic/a357d39cad.webp?width=416,507000,4710,N/A,4860,"June 13, 2025"
2026-08-20 03:07:07,Fluxii,FluxiiC.O.G (Child of Grace),https://audiomack.com/fluxiimusic/song/cog-child-of-grace,https://i.audiomack.com/fluxii-2/36cbfa6283.webp?width=416,53800,422,N/A,257,"January 9, 2026"
2026-08-20 03:07:11,Fluxii,FluxiiNext,https://audiomack.com/fluxiimusic/song/next,https://i.audiomack.com/fluxiimusic/abcbb1aae2.webp?width=416,396000,3830,N/A,4270,"September 12, 2025"
2026-08-20 03:07:15,Fluxii,FluxiiTime,https://audiomack.com/fluxiimusic/song/time,https://i.audiomack.com/fluxiimusic/16ba7739b3.webp?width=416,412000,3030,N/A,5630,"December 20, 2024"
2026-08-20 03:07:18,Fluxii,FluxiiHappy Player (feat. DenG),https://audiomack.com/fluxiimusic/song/happyplayer,https://i.audiomack.com/fluxiimusic/11797994-1.webp?width=416,336000,2970,N/A,5190,"July 31, 2024"
2026-08-20 03:07:21,Fluxii,FluxiiLoyalty,https://audiomack.com/fluxiimusic/song/loyalty,https://i.audiomack.com/fluxiimusic/9412542-19.webp?width=416,129000,1060,N/A,1100,"February 9, 2024"
2026-08-20 03:07:24,Fluxii,FluxiiTalk So (Remix),https://audiomack.com/fluxiimusic/song/talkso-remix,https://i.audiomack.com/fluxiimusic/49a2b54688.webp?width=416,236000,2000,N/A,3460,"September 20, 2024"
2026-08-20 03:07:28,Fluxii,FluxiiPose (Gold Version),https://audiomack.com/fluxiimusic/song/pose,https://i.audiomack.com/fluxiimusic/a8e1378ce0.webp?width=416,85100,747,N/A,719,"August 26, 2023"
2026-08-20 03:07:31,Fluxii,FluxiiBreakfast (feat. TanTan B),https://audiomack.com/fluxiimusic/song/breakfast,https://i.audiomack.com/fluxiimusic/14052402-1.webp?width=416,151000,B,N/A,2940,"November 15, 2024"
2026-08-20 03:07:34,Fluxii,FluxiiHustle (Sped Up) (Sped Up),https://audiomack.com/fluxiimusic/song/hustle-sped-up,https://i.audiomack.com/fluxiimusic/17888894-1.webp?width=416,42200,310,N/A,280,"June 14, 2025"
2026-08-20 03:07:54,Teddyride,TEDDYRIDEFALL IN LOVE,https://audiomack.com/teddyride/song/fall-in-love,https://i.audiomack.com/teddyride/4ff2fc8313.webp?width=416,871000,5380,N/A,7870,"April 24, 2026"
2026-08-20 03:07:57,Teddyride,TeddyrideWleesayma,https://audiomack.com/teddyride/song/wleesayma,https://i.audiomack.com/teddyride/ff164e9dd7.webp?width=416,1750000,12500,N/A,16600,"December 13, 2024"
2026-08-20 03:08:00,Teddyride,TeddyrideTAMATAYLAY,https://audiomack.com/teddyride/song/tamataylay,https://i.audiomack.com/teddyride/d509875a22.webp?width=416,30000,470,N/A,122,"July 3, 2026"
2026-08-20 03:08:04,Teddyride,TeddyrideBesa,https://audiomack.com/teddyride/song/besa,https://i.audiomack.com/teddyride/ea4eb115f7.webp?width=416,603000,3840,N/A,5790,"January 25, 2024"
2026-08-20 03:08:07,Teddyride,TeddyrideDeh Jay,https://audiomack.com/teddyride/song/deh-jay,https://i.audiomack.com/teddyride/ae02e4ad32.webp?width=416,181000,1550,N/A,2050,"February 12, 2026"
2026-08-20 03:08:10,Teddyride,TeddyrideLiberian Girl,https://audiomack.com/teddyride/song/liberian-girl,https://i.audiomack.com/teddyride/aca3fb7fe9.webp?width=416,221000,1850,N/A,2250,"November 13, 2025"
2026-08-20 03:08:14,Teddyride,TeddyrideBeautiful Girl,https://audiomack.com/teddyride/song/beautiful-girl,https://i.audiomack.com/teddyride/f2fc8f822d.webp?width=416,447000,2980,N/A,3030,"August 15, 2025"
2026-08-20 03:08:17,Teddyride,TeddyrideVlah,https://audiomack.com/teddyride/song/vlah,https://i.audiomack.com/teddyride/7b4a15e03c.webp?width=416,453000,3300,N/A,6690,"July 27, 2024"
2026-08-20 03:08:20,Teddyride,TeddyrideTeddyride X Eric Geso Find A Friend,https://audiomack.com/teddyride/song/teddyride-x-eric-geso-find-a-friend,https://i.audiomack.com/darius-teddyride-kumorteh/4c3dfe276f.webp?width=416,211000,799,N/A,1260,"August 26, 2021"
2026-08-20 03:08:23,Teddyride,TeddyrideTeddyride   King Solomon,https://audiomack.com/teddyride/song/teddyride-king-solomon,https://i.audiomack.com/darius-teddyride-kumorteh/4c3dfe276f.webp?width=416,151000,523,N/A,886,"August 26, 2021"
2026-08-20 03:08:27,Teddyride,TEDDYRIDEUSE YOUR HEAD,https://audiomack.com/teddyride/song/teddyride-use-your-head,https://i.audiomack.com/teddyride/2aceeec711.webp?width=416,601000,4780,N/A,8270,"September 18, 2023"
2026-08-20 03:08:30,Teddyride,TeddyrideTAKE IT EASY,https://audiomack.com/teddyride/song/take-it-easy,https://i.audiomack.com/teddyride/9e61d30020.webp?width=416,437000,2940,N/A,3780,"May 1, 2025"
2026-08-20 03:08:33,Teddyride,TEDDYRIDEYOU NA KNOW,https://audiomack.com/teddyride/song/teddyride-featfazari-you-na-know,https://i.audiomack.com/teddyride/2aceeec711.webp?width=416,387000,2180,N/A,5510,"September 18, 2023"
2026-08-20 03:08:37,Teddyride,TeddyrideTeddyride Feat. Jzyno   Sweet Sweet Bad Thing,https://audiomack.com/teddyride/song/teddyride-feat-jzyno-sweet-sweet-bad-thing,https://i.audiomack.com/darius-teddyride-kumorteh/4c3dfe276f.webp?width=416,85300,399,N/A,769,"August 26, 2021"
2026-08-20 03:08:40,Teddyride,TeddyrideZIGZALAYWA,https://audiomack.com/teddyride/song/zigzalaywa,https://i.audiomack.com/darius-teddyride-kumorteh/98ed3ce4a0.webp?width=416,276000,1490,N/A,2590,"November 16, 2022"
2026-08-20 03:08:43,Teddyride,TeddyrideTeddyride X Lucky Bucky   U Able It,https://audiomack.com/teddyride/song/teddyride-x-lucky-bucky-u-able-it,https://i.audiomack.com/darius-teddyride-kumorteh/4c3dfe276f.webp?width=416,90700,406,N/A,740,"August 26, 2021"
2026-08-20 03:08:46,Teddyride,TeddyrideTeddyride   Money Business,https://audiomack.com/teddyride/song/teddyride-money-business,https://i.audiomack.com/darius-teddyride-kumorteh/4c3dfe276f.webp?width=416,138000,437,N/A,901,"August 26, 2021"
2026-08-20 03:08:50,Teddyride,TeddyrideTeddyride Order,https://audiomack.com/teddyride/song/teddyride-order,https://i.audiomack.com/darius-teddyride-kumorteh/4c3dfe276f.webp?width=416,78000,324,N/A,564,"August 26, 2021"
2026-08-20 03:08:53,Teddyride,TeddyrideOn The  low,https://audiomack.com/teddyride/song/on-the-ow,https://i.audiomack.com/darius-teddyride-kumorteh/90cdb51fa3.webp?width=416,74000,412,N/A,521,"November 19, 2020"
2026-08-20 03:08:56,Teddyride,TeddyrideTeddyride - Pray for me,https://audiomack.com/teddyride/song/teddyride-pray-for-me,https://i.audiomack.com/darius-teddyride-kumorteh/7b6df88ed7.webp?width=416,33300,133,N/A,334,"April 7, 2020"
2026-08-20 03:09:00,Teddyride,TeddyrideTeddyride   Bye Bye,https://audiomack.com/teddyride/song/teddyride-bye-bye,https://i.audiomack.com/darius-teddyride-kumorteh/4c3dfe276f.webp?width=416,62000,281,N/A,464,"August 26, 2021"
2026-08-20 03:09:03,Teddyride,TEDDYRIDETeddyride   Enter ( Prod By Kellz Beatz ),https://audiomack.com/teddyride/song/teddyride-enter-prod-by-kellz-beatz,https://i.audiomack.com/teddyride/2aceeec711.webp?width=416,129000,902,N/A,1370,"September 18, 2023"
2026-08-20 03:09:06,Teddyride,TeddyrideDon't Go,https://audiomack.com/teddyride/song/dont-go-official-audio,https://i.audiomack.com/teddyride/5e478465d6.webp?width=416,163000,2540,N/A,2290,"April 30, 2024"
2026-08-20 03:09:10,Teddyride,TeddyrideGUNSHOT,https://audiomack.com/teddyride/song/gunshot,https://i.audiomack.com/teddyride/108a600104.webp?width=416,183000,1890,N/A,3030,"March 7, 2025"
2026-08-20 03:09:13,Teddyride,TeddyrideTeddyride X D'Ameko   Dance,https://audiomack.com/teddyride/song/teddyride-x-dameko-dance,https://i.audiomack.com/darius-teddyride-kumorteh/4c3dfe276f.webp?width=416,49600,272,N/A,425,"August 26, 2021"
2026-08-20 03:09:16,Teddyride,TeddyrideGo Down,https://audiomack.com/teddyride/song/teddyride-go-down,https://i.audiomack.com/darius-teddyride-kumorteh/d1626de1d8.webp?width=416,138000,791,N/A,681,"February 10, 2023"
2026-08-20 03:09:19,Teddyride,TeddyrideThis Year,https://audiomack.com/teddyride/song/this-year,https://i.audiomack.com/darius-teddyride-kumorteh/b27a91f279.webp?width=416,50400,430,N/A,212,"May 1, 2022"
2026-08-20 03:09:23,Teddyride,TeddyrideTeddyRide Feat. Tamba Hali - Hosanna,https://audiomack.com/teddyride/song/18202095,https://i.audiomack.com/darius-teddyride-kumorteh/9c807f3b06.webp?width=416,20500,172,N/A,45,"April 27, 2022"
2026-08-20 03:09:26,Teddyride,TeddyrideOrange money,https://audiomack.com/teddyride/song/orange-money,https://i.audiomack.com/darius-teddyride-kumorteh/1349213926.webp?width=416,21600,88,N/A,110,"August 14, 2022"
2026-08-20 03:09:29,Teddyride,Da-Vero-Single-Lady-Prod.Kellzbeatz,https://audiomack.com/teddyride/song/single-lady-prodkellzbeatz,https://i.audiomack.com/darius-teddyride-kumorteh/e0eb2b7aad.webp?width=416,9360,52,N/A,84,"October 2, 2020"
2026-08-20 03:09:33,Teddyride,TeddyrideBull satan,https://audiomack.com/teddyride/song/bull-satan,https://i.audiomack.com/darius-teddyride-kumorteh/07c02eca32.webp?width=416,12500,66,N/A,141,"September 18, 2020"
2026-08-20 03:09:36,Teddyride,Teddyrideuse your head live,https://audiomack.com/teddyride/song/use-your-head-live,https://i.audiomack.com/teddyride/4a5a1adeba.webp?width=416,9320,76,N/A,72,"November 1, 2023"
2026-08-20 03:09:39,Teddyride,TeddyrideBull Satan Melody version,https://audiomack.com/teddyride/song/bull-satan-melody-version,https://i.audiomack.com/darius-teddyride-kumorteh/e0eb2b7aad.webp?width=416,4050,23,N/A,23,"October 2, 2020"
2026-08-20 03:09:56,Jaredo,PAGE NOT FOUND,https://audiomack.com/jaredo/song/cinderella,N/A,N/A,N/A,N/A,N/A,N/A
2026-08-20 03:10:00,Jaredo,jaredoTo Be a Man,https://audiomack.com/Jaredo/song/to-be-a-man,https://i.audiomack.com/Jaredo/18779290-c.webp?width=416,540000,4240,N/A,2450,"August 15, 1"
2026-08-20 03:10:03,Jaredo,"jaredo, Lil MoreCan't Complain",https://audiomack.com/Jaredo/song/cant-complain,https://i.audiomack.com/Jaredo/16707513-c.webp?width=416,893000,7290,N/A,7670,"April 18, 2025"
2026-08-20 03:10:06,Jaredo,jaredoBlessings,https://audiomack.com/Jaredo/song/blessings,https://i.audiomack.com/Jaredo/17848161-c.webp?width=416,518000,4019,N/A,4350,"June 20, 2025"
2026-08-20 03:10:09,Jaredo,jaredoBus Stop,https://audiomack.com/Jaredo/song/bus-stop,https://i.audiomack.com/Jaredo/18779290-c.webp?width=416,535000,5800,N/A,3960,"August 15, 1"
2026-08-20 03:10:13,Jaredo,jaredoWhy,https://audiomack.com/Jaredo/song/why,https://i.audiomack.com/Jaredo/18779290-c.webp?width=416,277000,3150,N/A,1290,"August 15, 1"
2026-08-20 03:10:16,Jaredo,jaredoFavor Me,https://audiomack.com/Jaredo/song/favor-me,https://i.audiomack.com/Jaredo/18779290-c.webp?width=416,221000,3080,N/A,1060,"August 15, 1"
2026-08-20 03:10:19,Jaredo,jaredoI Dey Okay,https://audiomack.com/Jaredo/song/i-dey-okay,https://i.audiomack.com/Jaredo/18779290-c.webp?width=416,292000,2850,N/A,3070,"August 15, 1"
2026-08-20 03:10:23,Jaredo,jaredoDont Go,https://audiomack.com/Jaredo/song/dont-go,https://i.audiomack.com/Jaredo/11877675-c.webp?width=416,74000,445,N/A,613,"August 8, 2024"
2026-08-20 03:10:26,Jaredo,jaredoTo Know,https://audiomack.com/Jaredo/song/to-know,https://i.audiomack.com/Jaredo/12454953-c.webp?width=416,135000,1300,N/A,2730,"August 30, 2024"
2026-08-20 03:10:29,Jaredo,jaredoBebe,https://audiomack.com/Jaredo/song/bebe,https://i.audiomack.com/Jaredo/11877691-c.webp?width=416,115000,957,N/A,2120,"August 5, 2024"
2026-08-20 03:10:33,Jaredo,jaredoCinderella,https://audiomack.com/Jaredo/song/cinderella,https://i.audiomack.com/Jaredo/69b35012c4.webp?width=416,84700,717,N/A,1340,"December 15, 2023"
2026-08-20 03:10:54,502 Bad Gateway,King DennisBorn To Suffer,https://audiomack.com/troublecoming/song/born-to-suffer,https://i.audiomack.com/troublecoming/23fee72ece.webp?width=416,553000,5400,N/A,3390,"July 3, 2026"
2026-08-20 03:10:58,502 Bad Gateway,King DennisJunny Brabe,https://audiomack.com/troublecoming/song/junny-brabe,https://i.audiomack.com/troublecoming/c885c61822.webp?width=416,769000,6430,N/A,5670,"March 30, 2026"
2026-08-20 03:11:01,502 Bad Gateway,King DennisPatience,https://audiomack.com/troublecoming/song/patience,https://i.audiomack.com/troublecoming/7a1b773ec2.webp?width=416,606000,5150,N/A,4850,"February 12, 2026"
2026-08-20 03:11:04,502 Bad Gateway,King DennisMoney Na Water,https://audiomack.com/troublecoming/song/money-na-water,https://i.audiomack.com/troublecoming/f3068b7478.webp?width=416,889000,6820,N/A,7140,"December 13, 2025"
2026-08-20 03:11:08,502 Bad Gateway,King Dennis123 Drill,https://audiomack.com/troublecoming/song/king-dennis-123-drill-prod-shadow-beatz,https://i.audiomack.com/kingdennis/cbeb7b139f.webp?width=416,622000,10500,N/A,6820,"October 11, 2024"
2026-08-20 03:11:12,502 Bad Gateway,King DennisHustler Anthem,https://audiomack.com/troublecoming/song/hustler-anthem-prod-t-que-beatz-2,https://i.audiomack.com/kingdennis/8a68bfd266.webp?width=416,1380000,9710,N/A,12000,"March 30, 2025"
2026-08-20 03:11:15,502 Bad Gateway,King DennisZowahlazo,https://audiomack.com/troublecoming/song/zowahlazo,https://i.audiomack.com/troublecoming/a806cc9478.webp?width=416,740000,7080,N/A,7810,"October 10, 2025"
2026-08-20 03:11:18,502 Bad Gateway,King DennisHelp Me Now,https://audiomack.com/troublecoming/song/help-me-now,https://i.audiomack.com/kingdennis/960d3a3607.webp?width=416,821000,6430,N/A,7230,"July 4, 2025"
2026-08-20 03:11:22,502 Bad Gateway,King DennisPray,https://audiomack.com/troublecoming/song/king-dennis-pray-prod-shadow-beatzz,https://i.audiomack.com/kingdennis/3bbdd44aa4.webp?width=416,343000,4370,N/A,4550,"July 4, 2024"
2026-08-20 03:11:25,502 Bad Gateway,King DennisProblem,https://audiomack.com/troublecoming/song/king-dennis-problem-ft-barsee-prod-j-nas-beatz-mp-3,https://i.audiomack.com/kingdennis/3bbdd44aa4.webp?width=416,363000,3670,N/A,6040,"July 4, 2024"
2026-08-20 03:11:28,502 Bad Gateway,King DennisMama Wayy,https://audiomack.com/troublecoming/song/king-dennis-ft-nuchie-meek-mama-wayy-prod-shadow-beatz,https://i.audiomack.com/kingdennis/3bbdd44aa4.webp?width=416,725000,5690,N/A,11900,"July 4, 2024"
2026-08-20 03:11:32,502 Bad Gateway,King DennisZawah,https://audiomack.com/troublecoming/song/zawah,https://i.audiomack.com/troublecoming/c7af40b6f8.webp?width=416,335000,3710,N/A,5240,"March 30, 2024"
2026-08-20 03:11:35,502 Bad Gateway,King DennisUnbalance,https://audiomack.com/troublecoming/song/king-dennis-unbalance-ft-a-wood-prod-by-flexzzbeatz,https://i.audiomack.com/kingdennis/3bbdd44aa4.webp?width=416,239000,3330,N/A,3620,"July 4, 2024"
2026-08-20 03:11:38,502 Bad Gateway,King DennisLa u feeding me,https://audiomack.com/troublecoming/song/king-dennis-la-u-feeling-me-prod-by-flexzzbeatz,https://i.audiomack.com/kingdennis/3bbdd44aa4.webp?width=416,195000,3040,N/A,3520,"July 4, 2024"
2026-08-20 03:11:42,502 Bad Gateway,King DennisMoney,https://audiomack.com/troublecoming/song/king-dennis-money-ft-ldrez-prod-flexzzbeatz-2,https://i.audiomack.com/kingdennis/3bbdd44aa4.webp?width=416,172000,2710,N/A,3310,"July 4, 2024"
2026-08-20 03:11:45,502 Bad Gateway,King DennisTrouble Coming,https://audiomack.com/troublecoming/song/trouble-coming,https://i.audiomack.com/bilikonent/632bb423ea.webp?width=416,392000,3040,N/A,3040,"May 12, 2023"
2026-08-20 03:11:48,502 Bad Gateway,King DennisCome Leh Bet Ly,https://audiomack.com/troublecoming/song/king-dennis-ft-jb-d-general-come-leh-bet-ly-prod-shadow-beatz,https://i.audiomack.com/kingdennis/3bbdd44aa4.webp?width=416,194000,2870,N/A,3990,"July 4, 2024"
2026-08-20 03:11:52,502 Bad Gateway,King DennisQuabey,https://audiomack.com/troublecoming/song/king-dennis-quabey-prod-shadow-beatz,https://i.audiomack.com/kingdennis/3bbdd44aa4.webp?width=416,203000,3150,N/A,3720,"July 4, 2024"
2026-08-20 03:11:55,502 Bad Gateway,King DennisLa lay fact,https://audiomack.com/troublecoming/song/lalayfact,https://i.audiomack.com/troublecoming/a29b2431fc.webp?width=416,215000,3030,N/A,3460,"January 26, 2024"
2026-08-20 03:11:58,502 Bad Gateway,King DennisNimba Anthem,https://audiomack.com/troublecoming/song/nimba-anthem,https://i.audiomack.com/troublecoming/3995e132c0.webp?width=416,116000,1210,N/A,782,"January 10, 2026"
2026-08-20 03:12:01,502 Bad Gateway,King DennisKinkinneekin,https://audiomack.com/troublecoming/song/kinkinneekin-prod-shadow-beatz,https://i.audiomack.com/kingdennis/3fccba04b4.webp?width=416,444000,4320,N/A,6640,"March 7, 2025"
2026-08-20 03:12:05,502 Bad Gateway,King DennisI Jeh Laugh,https://audiomack.com/troublecoming/song/i-jeh-laugh,https://i.audiomack.com/bilikonent/632bb423ea.webp?width=416,354000,2040,N/A,2560,"May 12, 2023"
2026-08-20 03:12:08,502 Bad Gateway,King DennisJunny Brabe,https://audiomack.com/troublecoming/song/junny-brabe-1,https://i.audiomack.com/troublecoming/8d989edf09.webp?width=416,22500,226,N/A,222,"April 3, 2026"
2026-08-20 03:12:11,502 Bad Gateway,King DennisMy Way Yaah!,https://audiomack.com/troublecoming/song/my-way-yaah-prod-shadow-beatz,https://i.audiomack.com/kingdennis/2c601b8a9d.webp?width=416,515000,5290,N/A,7740,"January 1, 2025"
2026-08-20 03:12:15,502 Bad Gateway,King DennisHipCo Alphabet (A to Z ),https://audiomack.com/troublecoming/song/hipco-alphabet-a-to-z,https://i.audiomack.com/bilikonent/880effc95d.webp?width=416,326000,2390,N/A,2460,"March 8, 2023"
2026-08-20 03:12:18,502 Bad Gateway,King DennisBook Jimmy,https://audiomack.com/troublecoming/song/book-jimmy,https://i.audiomack.com/bilikonent/00d10c574b.webp?width=416,239000,1600,N/A,1810,"June 28, 2022"
2026-08-20 03:12:21,502 Bad Gateway,King DennisS.O so,https://audiomack.com/troublecoming/song/so-so,https://i.audiomack.com/bilikonent/632bb423ea.webp?width=416,186000,1360,N/A,1270,"May 12, 2023"
2026-08-20 03:12:24,502 Bad Gateway,King DennisTimes Table,https://audiomack.com/troublecoming/song/times-table,https://i.audiomack.com/bilikonent/632bb423ea.webp?width=416,158000,1290,N/A,1450,"May 12, 2023"
2026-08-20 03:12:28,502 Bad Gateway,King DennisPalorpor,https://audiomack.com/troublecoming/song/palorpor-1,https://i.audiomack.com/bilikonent/51eef8a848.webp?width=416,156000,1260,N/A,1230,"December 22, 2022"
2026-08-20 03:12:31,502 Bad Gateway,King DennisOutside,https://audiomack.com/troublecoming/song/outside,https://i.audiomack.com/bilikonent/632bb423ea.webp?width=416,122000,1120,N/A,1040,"May 12, 2023"
2026-08-20 03:12:34,502 Bad Gateway,King DennisThank You,https://audiomack.com/troublecoming/song/thank-you,https://i.audiomack.com/bilikonent/632bb423ea.webp?width=416,119000,1190,N/A,1100,"May 12, 2023"
2026-08-20 03:12:38,502 Bad Gateway,King DennisPray,https://audiomack.com/troublecoming/song/pray,https://i.audiomack.com/king-dennis-12/18484622-c.webp?width=416,9310,108,N/A,67,"July 24, 3600"
2026-08-20 03:12:41,502 Bad Gateway,King DennisCheep Gossip,https://audiomack.com/troublecoming/song/king-denis-cheep-gossip-prod-by-flexzzbeatz,https://i.audiomack.com/bilikonent/632bb423ea.webp?width=416,192000,1340,N/A,1590,"May 12, 2023"
2026-08-20 03:12:44,502 Bad Gateway,King DennisCome Leh Bet Lay,https://audiomack.com/troublecoming/song/come-leh-bet-lay,https://i.audiomack.com/king-dennis-12/18484622-c.webp?width=416,15100,117,N/A,145,"July 24, 3600"
2026-08-20 03:12:48,502 Bad Gateway,King DennisMoney,https://audiomack.com/troublecoming/song/money,https://i.audiomack.com/king-dennis-12/18484622-c.webp?width=416,7040,93,N/A,67,"July 24, 3600"
2026-08-20 03:12:51,502 Bad Gateway,King DennisGreedy Gutt,https://audiomack.com/troublecoming/song/greedy-gutt,https://i.audiomack.com/bilikonent/632bb423ea.webp?width=416,114000,1080,N/A,1040,"May 12, 2023"
2026-08-20 03:12:54,502 Bad Gateway,King Dennis(BMT) beg my toes,https://audiomack.com/troublecoming/song/bmt-beg-my-toes,https://i.audiomack.com/bilikonent/cbcb67123c.webp?width=416,97500,757,N/A,893,"September 4, 2023"
2026-08-20 03:12:57,502 Bad Gateway,King DennisI thinking on it,https://audiomack.com/troublecoming/song/i-thinking-on-it,https://i.audiomack.com/bilikonent/d4c0afef48.webp?width=416,116000,866,N/A,928,"November 26, 2023"
2026-08-20 03:13:01,502 Bad Gateway,King DennisProblems,https://audiomack.com/troublecoming/song/problems,https://i.audiomack.com/king-dennis-12/18484622-c.webp?width=416,9890,105,N/A,105,"July 24, 3600"
2026-08-20 03:13:04,502 Bad Gateway,King DennisWassce Anthem,https://audiomack.com/troublecoming/song/wassce-anthem-prod-shadow-beatz,https://i.audiomack.com/kingdennis/b2d919554b.webp?width=416,181000,2160,N/A,2930,"May 17, 2024"
2026-08-20 03:13:07,502 Bad Gateway,King DennisBook Jimmy,https://audiomack.com/troublecoming/song/bookjimmy,https://i.audiomack.com/denniskelvinj200/bcb6cce747.webp?width=416,26800,147,N/A,127,"September 11, 2022"
2026-08-20 03:13:11,502 Bad Gateway,King DennisEhn La U,https://audiomack.com/troublecoming/song/king-dennis-ehn-la-u-prod-shadow-beatz,https://i.audiomack.com/troublecoming/96f88b9f75.webp?width=416,121000,1040,N/A,1530,"April 23, 2024"
2026-08-20 03:13:14,502 Bad Gateway,King DennisUnbalanced,https://audiomack.com/troublecoming/song/unbalanced,https://i.audiomack.com/king-dennis-12/18484622-c.webp?width=416,5870,85,N/A,65,"July 24, 3600"
2026-08-20 03:13:17,502 Bad Gateway,King DennisMama Wayy,https://audiomack.com/troublecoming/song/mama-wayy,https://i.audiomack.com/king-dennis-12/18484622-c.webp?width=416,6910,94,N/A,116,"July 24, 3600"
2026-08-20 03:13:21,502 Bad Gateway,King DennisAyyy Free ooo,https://audiomack.com/troublecoming/song/ayyy-free-ooo-prod-shadow-beatz,https://i.audiomack.com/kingdennis/05e6e984ce.webp?width=416,51300,552,N/A,742,"June 21, 2024"
2026-08-20 03:13:24,502 Bad Gateway,King DennisHustler Anthem,https://audiomack.com/troublecoming/song/hustler-anthem,https://i.audiomack.com/king-dennis-12/18335512-c.webp?width=416,6240,44,N/A,71,"July 11, 2025"
2026-08-20 03:13:27,502 Bad Gateway,King DennisHelp Me Now,https://audiomack.com/troublecoming/song/help-me-now-1,https://i.audiomack.com/king-dennis-12/18335928-c.webp?width=416,7100,83,N/A,73,"July 11, 2025"
2026-08-20 03:13:31,502 Bad Gateway,King DennisLa You Feeding Me?,https://audiomack.com/troublecoming/song/la-you-feeding-me,https://i.audiomack.com/king-dennis-12/18484622-c.webp?width=416,4500,71,N/A,70,"July 24, 3600"
2026-08-20 03:13:34,502 Bad Gateway,King Dennis123 Drill,https://audiomack.com/troublecoming/song/123-drill,https://i.audiomack.com/king-dennis-12/18350380-c.webp?width=416,18300,150,N/A,179,"August 2, 2025"
2026-08-20 03:13:37,502 Bad Gateway,King DennisThis Year I Outside,https://audiomack.com/troublecoming/song/16616291,https://i.audiomack.com/denniskelvinj200/12012b5260.webp?width=416,106000,527,N/A,825,"January 9, 2022"
2026-08-20 03:13:41,502 Bad Gateway,King DennisQuabey,https://audiomack.com/troublecoming/song/quabey,https://i.audiomack.com/king-dennis-12/18484622-c.webp?width=416,3800,72,N/A,48,"July 24, 3600"
2026-08-20 03:13:44,502 Bad Gateway,King DennisMy Way Yaah!,https://audiomack.com/troublecoming/song/my-way-yaah,https://i.audiomack.com/king-dennis-12/18484617-c.webp?width=416,2060,16,N/A,18,"November 9, 2024"
2026-08-20 03:13:48,502 Bad Gateway,King DennisBanjo Banjo,https://audiomack.com/troublecoming/song/king-dennis-banjo-banjo-prod-d-nuch,https://i.audiomack.com/denniskelvinj200/1964397be6.webp?width=416,58500,303,N/A,482,"December 18, 2020"
2026-08-20 03:13:51,502 Bad Gateway,King DennisPalorpor,https://audiomack.com/troublecoming/song/palorpor,https://i.audiomack.com/denniskelvinj200/71ba5f85f0.webp?width=416,12700,60,N/A,82,"January 26, 2023"
2026-08-20 03:13:55,502 Bad Gateway,King DennisZawah,https://audiomack.com/troublecoming/song/zawah-1,https://i.audiomack.com/king-dennis-12/18484627-c.webp?width=416,2350,19,N/A,18,"March 30, 2024"
2026-08-20 03:14:14,JZyNo,JZyNoButta My Bread,https://audiomack.com/jzyno/song/butta-my-bread,https://i.audiomack.com/jzyno/b2c9af525a.webp?width=416,59200000,136000,N/A,340000,"April 7, 2023"
2026-08-20 03:14:17,JZyNo,"JZyNo, Wendy ShaySofaya",https://audiomack.com/jzyno/song/sofaya,https://i.audiomack.com/jzyno/15e9648a06.webp?width=416,3660000,24400,N/A,31600,"April 8, 2026"
2026-08-20 03:14:21,JZyNo,JZyNOMood (feat. Khaid),https://audiomack.com/jzyno/song/mood-feat-khaid-6843136,https://i.audiomack.com/jzyno/9e082023bc.webp?width=416,4270000,31000,N/A,56900,"July 26, 2024"
2026-08-20 03:14:24,JZyNo,JZyNOProfeh,https://audiomack.com/jzyno/song/profeh,https://i.audiomack.com/jzyno/6ef578bbb6.webp?width=416,1690000,19500,N/A,17500,"December 20, 2024"
2026-08-20 03:14:27,JZyNo,JZyNoEyes On You,https://audiomack.com/jzyno/song/eyes-on-you,https://i.audiomack.com/jzyno/5197d39b20.webp?width=416,6350000,37100,N/A,84200,"October 6, 2023"
2026-08-20 03:14:31,JZyNo,"JZyNo, Nasty C, Sid Sriram feat. LasmidButta My Bread (Remix)",https://audiomack.com/jzyno/song/butta-my-bread-remix,https://i.audiomack.com/jzyno/107110f869.webp?width=416,3250000,24900,N/A,19100,"May 10, 2024"
2026-08-20 03:14:34,JZyNo,JZyNOJoy,https://audiomack.com/jzyno/song/joy,https://i.audiomack.com/jzyno/619960ede2.webp?width=416,1880000,18700,N/A,30700,"September 13, 2024"
2026-08-20 03:14:37,JZyNo,JZyNOTetato,https://audiomack.com/jzyno/song/tetato-9025027,https://i.audiomack.com/jzyno/c270a3b01f.webp?width=416,730000,9520,N/A,9360,"November 7, 2025"
2026-08-20 03:14:40,JZyNo,JZyNOFinally,https://audiomack.com/jzyno/song/finally,https://i.audiomack.com/jzyno/bbac9154c0.webp?width=416,1660000,15200,N/A,20300,"June 21, 2024"
2026-08-20 03:14:44,JZyNo,JZyNO & The GameGo Down,https://audiomack.com/jzyno/song/go-down,https://i.audiomack.com/jzyno/2a2c4b2a7b.webp?width=416,1850000,14400,N/A,22300,"April 25, 2025"
2026-08-20 03:14:47,JZyNo,"JZyNO, Christoph The ChangeBabe",https://audiomack.com/jzyno/song/babe,https://i.audiomack.com/jzyno/619960ede2.webp?width=416,569000,8640,N/A,8140,"September 13, 2024"
2026-08-20 03:14:50,JZyNo,"JZyNO, Jaywillz360",https://audiomack.com/jzyno/song/360,https://i.audiomack.com/jzyno/619960ede2.webp?width=416,382000,360,N/A,5030,"September 13, 2024"
2026-08-20 03:14:54,JZyNo,JZyNoYakunay,https://audiomack.com/jzyno/song/yakunay,https://i.audiomack.com/jzyno/56188d5aee.webp?width=416,2440000,15400,N/A,24200,"December 22, 2023"
2026-08-20 03:14:57,JZyNo,JZyNoAll You Want,https://audiomack.com/jzyno/song/jzyno-all-you-want,https://i.audiomack.com/jzyno/83b4433d46.webp?width=416,741000,3530,N/A,5870,"August 7, 2021"
2026-08-20 03:15:00,JZyNo,JZyNo feat. LasmidButta My Bread,https://audiomack.com/jzyno/song/butta-my-bread-2,https://i.audiomack.com/jzyno/1beb399152.webp?width=416,18700,136,N/A,293,"January 5, 2024"
2026-08-20 03:15:03,JZyNo,JZyNOTrust Issues,https://audiomack.com/jzyno/song/trust-issues,https://i.audiomack.com/jzyno/619960ede2.webp?width=416,249000,5800,N/A,3990,"September 13, 2024"
2026-08-20 03:15:07,JZyNo,JZyNoONANA,https://audiomack.com/jzyno/song/onana,https://i.audiomack.com/jzyno/09c19c1bbf.webp?width=416,1220000,5350,N/A,6600,"November 25, 2022"
2026-08-20 03:15:10,JZyNo,JZyNoFall Down Inside (FDI),https://audiomack.com/jzyno/song/fall-down-inside-fdi,https://i.audiomack.com/jzyno/7b94af5032.webp?width=416,1340000,4270,N/A,3160,"April 8, 2022"
2026-08-20 03:15:13,JZyNo,JZyNoAllowed,https://audiomack.com/jzyno/song/allowed,https://i.audiomack.com/jzyno/83b4433d46.webp?width=416,211000,1490,N/A,1870,"August 7, 2021"
2026-08-20 03:15:16,JZyNo,JZyNoKpan Kpan Me,https://audiomack.com/jzyno/song/kpan-kpan-me,https://i.audiomack.com/j-lee-muzic/1ccc0f12b6.webp?width=416,154000,628,N/A,1220,"December 13, 2019"
2026-08-20 03:15:20,JZyNo,JZyNoI Like It,https://audiomack.com/jzyno/song/14425900,https://i.audiomack.com/jzyno/8ac76da325.webp?width=416,208000,1370,N/A,1280,"July 21, 2021"
2026-08-20 03:15:23,JZyNo,JZyNoSlow Mo,https://audiomack.com/jzyno/song/slow-mo,https://i.audiomack.com/j-lee-muzic/981c28ceb8.webp?width=416,132000,731,N/A,1450,"August 11, 2019"
2026-08-20 03:15:26,JZyNo,JZyNo feat. LasmidButta My Bread (Yves V Remix),https://audiomack.com/jzyno/song/butta-my-bread-yves-v-remix-1,https://i.audiomack.com/jzyno/1beb399152.webp?width=416,6620,66,N/A,48,"January 5, 2024"
2026-08-20 03:15:30,JZyNo,JZyNoOLoLo,https://audiomack.com/jzyno/song/ololo,https://i.audiomack.com/jzyno/83b4433d46.webp?width=416,292000,1680,N/A,2770,"August 7, 2021"
2026-08-20 03:15:33,JZyNo,JZyNoSave Me,https://audiomack.com/jzyno/song/save-me,https://i.audiomack.com/jzyno/83b4433d46.webp?width=416,202000,1420,N/A,1970,"August 7, 2021"
2026-08-20 03:15:36,JZyNo,JZyNoWocho,https://audiomack.com/jzyno/song/wocho,https://i.audiomack.com/jzyno/b08ee2789d.webp?width=416,196000,830,N/A,634,"December 15, 2021"
2026-08-20 03:15:39,JZyNo,JZyNoLet’s Flex,https://audiomack.com/jzyno/song/lets-flex,https://i.audiomack.com/jzyno/83b4433d46.webp?width=416,138000,1130,N/A,1500,"August 7, 2021"
2026-08-20 03:15:43,JZyNo,JZyNoDuDuKeh,https://audiomack.com/jzyno/song/dudukeh,https://i.audiomack.com/jzyno/83b4433d46.webp?width=416,132000,1140,N/A,1490,"August 7, 2021"
2026-08-20 03:15:46,JZyNo,JZyNoAmi,https://audiomack.com/jzyno/song/ami,https://i.audiomack.com/jzyno/cb3ea28212.webp?width=416,242000,1680,N/A,1210,"August 5, 2022"
2026-08-20 03:15:49,JZyNo,JZyNoMamie Watta,https://audiomack.com/jzyno/song/mamie-watta,https://i.audiomack.com/jzyno/dcf44bc353.webp?width=416,200000,795,N/A,983,"April 13, 2021"
2026-08-20 03:15:53,JZyNo,JZyNo feat. LasmidButta My Bread (Sped Up),https://audiomack.com/jzyno/song/butta-my-bread-sped-up,https://i.audiomack.com/jzyno/aec758120a.webp?width=416,29700,439,N/A,368,"April 7, 2023"
2026-08-20 03:15:56,JZyNo,JZyNoI'm Tired,https://audiomack.com/jzyno/song/im-tired,https://i.audiomack.com/jzyno/8f26229a79.webp?width=416,52100,314,N/A,462,"June 29, 2020"
2026-08-20 03:15:59,JZyNo,JZyNoRula,https://audiomack.com/jzyno/song/rula,https://i.audiomack.com/jzyno/99dda6a2e1.webp?width=416,91000,410,N/A,335,"February 5, 2021"
2026-08-20 03:16:02,JZyNo,JZyNoDon't Kill My Vibe,https://audiomack.com/jzyno/song/dont-kill-my-vibes,https://i.audiomack.com/jzyno/2a0a8a9b67.webp?width=416,61800,445,N/A,381,"October 22, 2021"
2026-08-20 03:16:06,JZyNo,JZyNoASK (FREESTYLE),https://audiomack.com/jzyno/song/jzyno-ask-freestyle,https://i.audiomack.com/jzyno/e89bf312b9.webp?width=416,83400,403,N/A,643,"July 8, 2022"
2026-08-20 03:16:09,JZyNo,JZyNoMarry You,https://audiomack.com/jzyno/song/marry-you,https://i.audiomack.com/jzyno/dcc0ba309d.webp?width=416,40600,186,N/A,253,"November 12, 2020"
2026-08-20 03:16:12,JZyNo,JZyNoFreshBoy Freestyle,https://audiomack.com/jzyno/song/freshboy-freestyle,https://i.audiomack.com/j-lee-muzic/43cb777fee.webp?width=416,15400,121,N/A,132,"August 11, 2019"
2026-08-20 03:16:16,JZyNo,JZyNoDIFFERENT,https://audiomack.com/jzyno/song/different,https://i.audiomack.com/jzyno/493bff5bf8.webp?width=416,39500,654,N/A,360,"September 17, 2021"
2026-08-20 03:16:35,C.I.C,C.I.C & PeruzziNobody,https://audiomack.com/cralorboi_cic/song/nobody,https://i.audiomack.com/cralorboi_cic/882a28cb2b.webp?width=416,740000,3750,N/A,2590,"August 7, 2026"
2026-08-20 03:16:38,C.I.C,C.I.CCongratulations,https://audiomack.com/cralorboi_cic/song/congratulations,https://i.audiomack.com/cralorboi_cic/9813336-co.webp?width=416,1830000,15800,N/A,21900,"February 23, 2024"
2026-08-20 03:16:42,C.I.C,C.I.COne Day,https://audiomack.com/cralorboi_cic/song/one-day,https://i.audiomack.com/cralorboi_cic/11865034-c.webp?width=416,2260000,15400,N/A,32400,"July 30, 2024"
2026-08-20 03:16:45,C.I.C,C.I.CHappy,https://audiomack.com/cralorboi_cic/song/happy,https://i.audiomack.com/cralorboi_cic/183cd5eefa.webp?width=416,1390000,12000,N/A,15500,"May 9, 2025"
2026-08-20 03:16:48,C.I.C,C.I.CPlearjay,https://audiomack.com/cralorboi_cic/song/plearjay,https://i.audiomack.com/cralorboi_cic/18141318-c.webp?width=416,1260000,8850,N/A,13400,"July 23, 2025"
2026-08-20 03:16:51,C.I.C,C.I.CDon't Give up on Me,https://audiomack.com/cralorboi_cic/song/dont-give-up-on-me-1,https://i.audiomack.com/cralorboi_cic/18141318-c.webp?width=416,247000,3440,N/A,2270,"July 23, 2025"
2026-08-20 03:16:55,C.I.C,C.I.CMorning,https://audiomack.com/cralorboi_cic/song/morning,https://i.audiomack.com/cralorboi_cic/3c9527d22a.webp?width=416,391000,1880,N/A,5360,"May 1, 2023"
2026-08-20 03:16:58,C.I.C,SOGHigh,https://audiomack.com/cralorboi_cic/song/high,https://i.audiomack.com/cralorboi-cic/c16aa4c513.webp?width=416,345000,1600,N/A,3480,"April 4, 2020"
2026-08-20 03:17:01,C.I.C,C.I.CIntro,https://audiomack.com/cralorboi_cic/song/intro,https://i.audiomack.com/cralorboi_cic/18141318-c.webp?width=416,259000,3540,N/A,1840,"July 23, 2025"
2026-08-20 03:17:05,C.I.C,C.I.CHeaven,https://audiomack.com/cralorboi_cic/song/heaven,https://i.audiomack.com/cralorboi_cic/18141318-c.webp?width=416,403000,3520,N/A,2650,"July 23, 2025"
2026-08-20 03:17:08,C.I.C,C.I.CReverse,https://audiomack.com/cralorboi_cic/song/cic-reverse-ft-jaredo,https://i.audiomack.com/cralorboi_cic/3c9527d22a.webp?width=416,185000,1070,N/A,1730,"May 1, 2023"
2026-08-20 03:17:12,C.I.C,CICBaby,https://audiomack.com/cralorboi_cic/song/cic-babyxldrez,https://i.audiomack.com/cralorboi-cic/40ee76a91b.webp?width=416,308000,1270,N/A,3780,"June 3, 2020"
2026-08-20 03:17:15,C.I.C,C.I.CHala Me,https://audiomack.com/cralorboi_cic/song/hala-me,https://i.audiomack.com/cralorboi_cic/18141318-c.webp?width=416,248000,2680,N/A,2100,"July 23, 2025"
2026-08-20 03:17:18,C.I.C,C.I.CMUMU ft Iyanya X Jaredo,https://audiomack.com/cralorboi_cic/song/mumu-ft-iyanya-x-jaredo,https://i.audiomack.com/cralorboi_cic/3c9527d22a.webp?width=416,157000,913,N/A,1540,"May 1, 2023"
2026-08-20 03:17:22,C.I.C,C.I.CDahtor,https://audiomack.com/cralorboi_cic/song/dahtor,https://i.audiomack.com/cralorboi_cic/8900d7f8e9.webp?width=416,1140000,10400,N/A,21700,"August 4, 2023"
2026-08-20 03:17:25,C.I.C,C.I.CDON'T GIVE UP ON ME,https://audiomack.com/cralorboi_cic/song/cic-dont-give-up-on-me-mp3,https://i.audiomack.com/cralorboi_cic/c848750f17.webp?width=416,652000,3570,N/A,4840,"February 3, 2023"
2026-08-20 03:17:28,C.I.C,C.I.CFine,https://audiomack.com/cralorboi_cic/song/fine,https://i.audiomack.com/cralorboi_cic/18141318-c.webp?width=416,144000,2760,N/A,1660,"July 23, 2025"
2026-08-20 03:17:31,C.I.C,C.I.CBig Papa,https://audiomack.com/cralorboi_cic/song/big-papa,https://i.audiomack.com/cralorboi_cic/3c9527d22a.webp?width=416,128000,804,N/A,1580,"May 1, 2023"
2026-08-20 03:17:35,C.I.C,C.I.CForever,https://audiomack.com/cralorboi_cic/song/forever,https://i.audiomack.com/cralorboi_cic/18141318-c.webp?width=416,112000,2350,N/A,1520,"July 23, 2025"
2026-08-20 03:17:38,C.I.C,C.I.CAll to Myself,https://audiomack.com/cralorboi_cic/song/all-to-myself,https://i.audiomack.com/cralorboi_cic/18141318-c.webp?width=416,113000,2300,N/A,1510,"July 23, 2025"
2026-08-20 03:17:41,C.I.C,C.I.CAyy Mehn,https://audiomack.com/cralorboi_cic/song/ayy-mehn,https://i.audiomack.com/cralorboi_cic/18141318-c.webp?width=416,196000,2370,N/A,1580,"July 23, 2025"
2026-08-20 03:17:45,C.I.C,C.I.CPon It,https://audiomack.com/cralorboi_cic/song/pon-it,https://i.audiomack.com/cralorboi_cic/362aeb4ba9.webp?width=416,161000,628,N/A,1020,"July 23, 2021"
2026-08-20 03:17:48,C.I.C,C.I.CYou,https://audiomack.com/cralorboi_cic/song/you,https://i.audiomack.com/cralorboi_cic/18141318-c.webp?width=416,192000,2370,N/A,1710,"July 23, 2025"
2026-08-20 03:17:51,C.I.C,C.I.CFvck with It,https://audiomack.com/cralorboi_cic/song/fvck-with-it,https://i.audiomack.com/cralorboi_cic/18141318-c.webp?width=416,95000,2160,N/A,1440,"July 23, 2025"
2026-08-20 03:17:54,C.I.C,C.I.CThick,https://audiomack.com/cralorboi_cic/song/thick,https://i.audiomack.com/cralorboi_cic/18141318-c.webp?width=416,124000,2850,N/A,2260,"July 23, 2025"
2026-08-20 03:17:58,C.I.C,C.I.CJoromi,https://audiomack.com/cralorboi_cic/song/joromi,https://i.audiomack.com/cralorboi_cic/11865034-c.webp?width=416,360000,3240,N/A,5620,"July 30, 2024"
2026-08-20 03:18:01,C.I.C,C.I.CEver Since Jue,https://audiomack.com/cralorboi_cic/song/ever-since-jue-128-kbps,https://i.audiomack.com/cralorboi_cic/3c9527d22a.webp?width=416,64200,499,N/A,745,"May 1, 2023"
2026-08-20 03:18:04,C.I.C,C.I.CCIC FT ARAMIDE  LOVE,https://audiomack.com/cralorboi_cic/song/cic-ft-aramide-love,https://i.audiomack.com/cralorboi_cic/3c9527d22a.webp?width=416,68600,501,N/A,726,"May 1, 2023"
2026-08-20 03:18:08,C.I.C,C.I.CFIRE,https://audiomack.com/cralorboi_cic/song/x2downloadapp-fire-128-kbps,https://i.audiomack.com/cralorboi_cic/3c9527d22a.webp?width=416,65800,532,N/A,790,"May 1, 2023"
2026-08-20 03:18:11,C.I.C,C.I.CCIC   God Dammit Ft. Medikal,https://audiomack.com/cralorboi_cic/song/cic-god-dammit-ft-medikal,https://i.audiomack.com/cralorboi_cic/3c9527d22a.webp?width=416,60000,503,N/A,739,"May 1, 2023"
2026-08-20 03:18:14,C.I.C,C.I.CCommander,https://audiomack.com/cralorboi_cic/song/commander,https://i.audiomack.com/cralorboi_cic/3c9527d22a.webp?width=416,52900,447,N/A,636,"May 1, 2023"
2026-08-20 03:18:17,C.I.C,C.I.CDon Alhaji (128 Kbps),https://audiomack.com/cralorboi_cic/song/don-alhaji-128-kbps,https://i.audiomack.com/cralorboi_cic/3c9527d22a.webp?width=416,58300,519,N/A,716,"May 1, 2023"
2026-08-20 03:18:21,C.I.C,C.I.CToo Much Money,https://audiomack.com/cralorboi_cic/song/too-much-money,https://i.audiomack.com/cralorboi-cic/11dcb90ccb.webp?width=416,151000,775,N/A,1120,"July 23, 2022"
2026-08-20 03:18:25,C.I.C,CICPruh (freestyle),https://audiomack.com/cralorboi_cic/song/pruh-freestyle,https://i.audiomack.com/cralorboi-cic/2fc2512f6d.webp?width=416,49100,231,N/A,388,"March 20, 2020"
2026-08-20 03:18:28,C.I.C,C.I.CLiberia,https://audiomack.com/cralorboi_cic/song/liberia,https://i.audiomack.com/cralorboi_cic/11841390-c.webp?width=416,43800,460,N/A,409,"August 18, 2024"
2026-08-20 03:18:32,C.I.C,CICSexolation,https://audiomack.com/cralorboi_cic/song/sexolation,https://i.audiomack.com/cralorboi-cic/8c24dd8b8f.webp?width=416,111000,526,N/A,641,"April 17, 2020"
2026-08-20 03:18:35,C.I.C,C.I.CDon't Give up on Me,https://audiomack.com/cralorboi_cic/song/dont-give-up-on-me,https://i.audiomack.com/cralorboi_cic/6103814-co.webp?width=416,10800,43,N/A,82,"February 3, 2023"
2026-08-20 03:19:01,MC CARO,MC CAROCooking,https://audiomack.com/mccaro/song/cooking,https://i.audiomack.com/mccaro/877bf9620b.webp?width=416,208000,1690,N/A,1770,"August 7, 2026"
2026-08-20 03:19:05,MC CARO,MC CAROToo much to pack,https://audiomack.com/mccaro/song/too-much-to-pack,https://i.audiomack.com/mccaro/88fa1306ad.webp?width=416,143000,1110,N/A,1170,"July 30, 2026"
2026-08-20 03:19:08,MC CARO,MC CAROCall me na na,https://audiomack.com/mccaro/song/call-me-na-na,https://i.audiomack.com/mccaro/2e94f88f3a.webp?width=416,295000,2820,N/A,2300,"July 10, 2026"
2026-08-20 03:19:12,MC CARO,MC CAROShot For Me,https://audiomack.com/mccaro/song/shot-for-me,https://i.audiomack.com/mccaro/130ef6c5ab.webp?width=416,988000,8690,N/A,11100,"November 28, 2025"
2026-08-20 03:19:15,MC CARO,MC CAROGoal,https://audiomack.com/mccaro/song/goal,https://i.audiomack.com/mccaro/4a3416f361.webp?width=416,1320000,11900,N/A,15200,"November 14, 2024"
2026-08-20 03:19:18,MC CARO,MC CAROWave,https://audiomack.com/mccaro/song/wave,https://i.audiomack.com/mccaro/88fa1306ad.webp?width=416,5700,170,N/A,60,"July 30, 2026"
2026-08-20 03:19:22,MC CARO,MC CARORun away,https://audiomack.com/mccaro/song/run-away,https://i.audiomack.com/mccaro/88fa1306ad.webp?width=416,5050,172,N/A,60,"July 30, 2026"
2026-08-20 03:19:25,MC CARO,MC CARONo excuses,https://audiomack.com/mccaro/song/no-excuses,https://i.audiomack.com/mccaro/86a4751baf.webp?width=416,314000,3030,N/A,4560,"September 26, 2025"
2026-08-20 03:19:29,MC CARO,MC CAROBaby,https://audiomack.com/mccaro/song/baby,https://i.audiomack.com/mccaro/891d7a4069.webp?width=416,1080000,6680,N/A,11600,"November 29, 2022"
2026-08-20 03:19:32,MC CARO,MC CAROYayaha,https://audiomack.com/mccaro/song/yayaha,https://i.audiomack.com/mccaro/88fa1306ad.webp?width=416,3580,151,N/A,51,"July 30, 2026"
2026-08-20 03:19:35,MC CARO,MC CAROFiancé,https://audiomack.com/mccaro/song/finance-ft-harmonize-master-mp3,https://i.audiomack.com/mccaro/130ef6c5ab.webp?width=416,366000,2390,N/A,5780,"November 28, 2025"
2026-08-20 03:19:39,MC CARO,MC CAROLiberia la  Ur Mate,https://audiomack.com/mccaro/song/liberia-la-ur-mate,https://i.audiomack.com/mccaro/c74caca938.webp?width=416,730000,4910,N/A,12100,"June 12, 2024"
2026-08-20 03:19:42,MC CARO,MC CAROGlobal soldier,https://audiomack.com/mccaro/song/global-solider,https://i.audiomack.com/mccaro/130ef6c5ab.webp?width=416,60700,1360,N/A,1160,"November 28, 2025"
2026-08-20 03:19:45,MC CARO,MC CAROFreh,https://audiomack.com/mccaro/song/mc-caro-fresh,https://i.audiomack.com/mccaro/130ef6c5ab.webp?width=416,107000,1570,N/A,986,"November 28, 2025"
2026-08-20 03:19:48,MC CARO,MC CAROLandlord,https://audiomack.com/mccaro/song/landlord,https://i.audiomack.com/mccaro/0bc98fc320.webp?width=416,474000,3560,N/A,7980,"February 28, 2025"
2026-08-20 03:19:52,MC CARO,MC CAROU HEAR  Me,https://audiomack.com/mccaro/song/u-hear-me,https://i.audiomack.com/mccaro/7317e212af.webp?width=416,229000,2900,N/A,3820,"September 26, 2025"
2026-08-20 03:19:55,MC CARO,MC CAROWho u knw,https://audiomack.com/mccaro/song/who-u-knw,https://i.audiomack.com/mccaro/2afa0d0f53.webp?width=416,337000,2610,N/A,5020,"June 6, 2025"
2026-08-20 03:19:58,MC CARO,MC CAROMelody,https://audiomack.com/mccaro/song/melody,https://i.audiomack.com/mccaro/a2bdeef430.webp?width=416,54100,477,N/A,592,"July 23, 2021"
2026-08-20 03:20:02,MC CARO,Mc caro ft ChristophDudu,https://audiomack.com/mccaro/song/dudu,https://i.audiomack.com/mc-caro/e0f999c535.webp?width=416,66800,270,N/A,449,"March 30, 2020"
2026-08-20 03:20:05,MC CARO,MC CAROWazup,https://audiomack.com/mccaro/song/mc-caro-wazup,https://i.audiomack.com/mccaro/130ef6c5ab.webp?width=416,38800,918,N/A,682,"November 28, 2025"
2026-08-20 03:20:08,MC CARO,MC CAROErryday,https://audiomack.com/mccaro/song/erryday-1,https://i.audiomack.com/mccaro/003541f7fd.webp?width=416,120000,1530,N/A,2300,"April 18, 2025"
2026-08-20 03:20:11,MC CARO,MC CAROYAYOYOYA,https://audiomack.com/mccaro/song/yayoyoya,https://i.audiomack.com/mccaro/49df6ddd91.webp?width=416,650000,3230,N/A,3850,"May 4, 2023"
2026-08-20 03:20:15,MC CARO,MC CAROBang,https://audiomack.com/mccaro/song/bang,https://i.audiomack.com/mccaro/c74caca938.webp?width=416,260000,2580,N/A,5040,"June 12, 2024"
2026-08-20 03:20:19,MC CARO,MC CAROELEVEN,https://audiomack.com/mccaro/song/eleven,https://i.audiomack.com/mccaro/2e22c6bf4e.webp?width=416,539000,2900,N/A,3880,"June 1, 2023"
2026-08-20 03:20:22,MC CARO,MC CAROSide chick cry,https://audiomack.com/mccaro/song/side-chick-cry,https://i.audiomack.com/mccaro/a2bdeef430.webp?width=416,141000,690,N/A,1040,"July 23, 2021"
2026-08-20 03:20:25,MC CARO,MC CAROStill Broke (Intro),https://audiomack.com/mccaro/song/still-broke-intro,https://i.audiomack.com/mccaro/c74caca938.webp?width=416,150000,1750,N/A,1860,"June 12, 2024"
2026-08-20 03:20:28,MC CARO,MC CAROForkor,https://audiomack.com/mccaro/song/forkor,https://i.audiomack.com/mccaro/a2bdeef430.webp?width=416,122000,680,N/A,954,"July 23, 2021"
2026-08-20 03:20:32,MC CARO,MC CAROHelebor Me,https://audiomack.com/mccaro/song/helebor-me,https://i.audiomack.com/mccaro/b69041078d.webp?width=416,187000,1550,N/A,3330,"February 24, 2025"
2026-08-20 03:20:35,MC CARO,MC CAROWin,https://audiomack.com/mccaro/song/win,https://i.audiomack.com/mccaro/3b4b458e2e.webp?width=416,414000,3280,N/A,6160,"October 27, 2023"
2026-08-20 03:20:38,MC CARO,MC CARONo Feeling for me,https://audiomack.com/mccaro/song/no-feeling-for-me-mp3,https://i.audiomack.com/mccaro/a2bdeef430.webp?width=416,95700,595,N/A,858,"July 23, 2021"
2026-08-20 03:20:42,MC CARO,MC CAROPull up,https://audiomack.com/mccaro/song/pullup,https://i.audiomack.com/KINGCARO/408499c3f2.webp?width=416,107000,635,N/A,909,"August 10, 2020"
2026-08-20 03:20:45,MC CARO,MC CAROAy way be fine,https://audiomack.com/mccaro/song/ay-way-be-fine,https://i.audiomack.com/mccaro/7bd671396e.webp?width=416,156000,1490,N/A,2029,"April 18, 2025"
2026-08-20 03:20:48,MC CARO,MC CARODid It,https://audiomack.com/mccaro/song/did-it,https://i.audiomack.com/mccaro/0ba1bd1726.webp?width=416,119000,1240,N/A,2250,"February 24, 2025"
2026-08-20 03:20:51,MC CARO,MC CAROFashion Killah,https://audiomack.com/mccaro/song/fashion-killah,https://i.audiomack.com/mccaro/c74caca938.webp?width=416,56400,937,N/A,1200,"June 12, 2024"
2026-08-20 03:20:55,MC CARO,MC CAROBeat It,https://audiomack.com/mccaro/song/beat-it-prod-smykidmp3,https://i.audiomack.com/mccaro/c74caca938.webp?width=416,59400,998,N/A,1170,"June 12, 2024"
2026-08-20 03:20:58,MC CARO,MC CAROSmoke,https://audiomack.com/mccaro/song/smoke,https://i.audiomack.com/mccaro/a2bdeef430.webp?width=416,114000,685,N/A,926,"July 23, 2021"
2026-08-20 03:21:01,MC CARO,MC CAROFine,https://audiomack.com/mccaro/song/fine,https://i.audiomack.com/mccaro/a2bdeef430.webp?width=416,50300,448,N/A,552,"July 23, 2021"
2026-08-20 03:21:05,MC CARO,MC CAROUmm hum,https://audiomack.com/mccaro/song/umm-hum-1,https://i.audiomack.com/mccaro/43e3156f6a.webp?width=416,292000,1140,N/A,1830,"June 1, 2023"
2026-08-20 03:21:08,MC CARO,MC CAROPop,https://audiomack.com/mccaro/song/mc-caro-pop,https://i.audiomack.com/mccaro/c74caca938.webp?width=416,277000,2150,N/A,3600,"June 12, 2024"
2026-08-20 03:21:11,MC CARO,MC CAROCommon sense,https://audiomack.com/mccaro/song/common-sense,https://i.audiomack.com/mccaro/a2bdeef430.webp?width=416,91100,587,N/A,572,"July 23, 2021"
2026-08-20 03:21:14,MC CARO,MC CAROAmakolo,https://audiomack.com/mccaro/song/amakolo,https://i.audiomack.com/mccaro/4541dfab91.webp?width=416,73300,1180,N/A,1670,"June 12, 2024"
2026-08-20 03:21:18,MC CARO,MC CAROSholee lit,https://audiomack.com/mccaro/song/sholee-lit,https://i.audiomack.com/mccaro/f5ca54afda.webp?width=416,189000,1970,N/A,3080,"February 14, 2025"
2026-08-20 03:21:21,MC CARO,MC CAROMy Gee (freestyle ),https://audiomack.com/mccaro/song/my-gee-freestyle,https://i.audiomack.com/mccaro/7d775ca05a.webp?width=416,253000,1900,N/A,3370,"January 17, 2024"
2026-08-20 03:21:25,MC CARO,MC CAROMessed Up,https://audiomack.com/mccaro/song/messed-up-mc-caro-eq-off-94-master,https://i.audiomack.com/mccaro/c74caca938.webp?width=416,37300,759,N/A,1060,"June 12, 2024"
2026-08-20 03:21:29,MC CARO,MC CAROWah Do U Want,https://audiomack.com/mccaro/song/mc-caro-ft-wicked-hyndrx-wah-do-u-want,https://i.audiomack.com/mccaro/c74caca938.webp?width=416,48700,844,N/A,1150,"June 12, 2024"
2026-08-20 03:21:32,MC CARO,MC CAROClassic,https://audiomack.com/mccaro/song/classic-prod-smykid,https://i.audiomack.com/mccaro/c74caca938.webp?width=416,32600,738,N/A,1060,"June 12, 2024"
2026-08-20 03:21:35,MC CARO,MC CAROOne Dance,https://audiomack.com/mccaro/song/one-dance-ft-nuchie-meek-mp3,https://i.audiomack.com/mccaro/a2bdeef430.webp?width=416,125000,759,N/A,1040,"July 23, 2021"
2026-08-20 03:21:39,MC CARO,MC CAROIntro,https://audiomack.com/mccaro/song/intro,https://i.audiomack.com/mccaro/a2bdeef430.webp?width=416,115000,713,N/A,670,"July 23, 2021"
2026-08-20 03:21:42,MC CARO,MC CAROKukwan,https://audiomack.com/mccaro/song/kukwan,https://i.audiomack.com/mccaro/c74caca938.webp?width=416,29200,706,N/A,1010,"June 12, 2024"
2026-08-20 03:21:45,MC CARO,MC CAROBroke n Famous,https://audiomack.com/mccaro/song/broke-n-famous,https://i.audiomack.com/mccaro/6d379aa301.webp?width=416,44900,681,N/A,969,"February 14, 2025"
2026-08-20 03:21:48,MC CARO,MC CAROTouch It,https://audiomack.com/mccaro/song/touch-it,https://i.audiomack.com/mccaro/3b4b458e2e.webp?width=416,116000,1190,N/A,1490,"October 27, 2023"
2026-08-20 03:21:52,MC CARO,MC CAROSpot on fire,https://audiomack.com/mccaro/song/spot-on-fire,https://i.audiomack.com/mccaro/5af0bccb98.webp?width=416,225000,1470,N/A,1360,"August 4, 2022"
2026-08-20 03:21:55,MC CARO,MC CAROMY WAY,https://audiomack.com/mccaro/song/my-way,https://i.audiomack.com/mccaro/0d82bd1671.webp?width=416,180000,1320,N/A,794,"December 12, 2022"
2026-08-20 03:21:58,MC CARO,MC CAROCinderella,https://audiomack.com/mccaro/song/cinderella,https://i.audiomack.com/mccaro/33a7974889.webp?width=416,75100,511,N/A,616,"April 9, 2021"
2026-08-20 03:22:02,MC CARO,MC CAROPrice,https://audiomack.com/mccaro/song/price,https://i.audiomack.com/mccaro/656ac06495.webp?width=416,204000,1610,N/A,1690,"August 5, 2022"
2026-08-20 03:22:05,MC CARO,MC CAROIn My Cup,https://audiomack.com/mccaro/song/in-my-cup-prod-smykidmp3,https://i.audiomack.com/mccaro/c74caca938.webp?width=416,86100,978,N/A,1690,"June 12, 2024"
2026-08-20 03:22:08,MC CARO,MC CAROOn Test,https://audiomack.com/mccaro/song/on-test,https://i.audiomack.com/mccaro/0bc98fc320.webp?width=416,26800,424,N/A,601,"February 28, 2025"
2026-08-20 03:22:11,MC CARO,MC CAROCandy,https://audiomack.com/mccaro/song/candy-mp3,https://i.audiomack.com/mccaro/a2bdeef430.webp?width=416,47000,430,N/A,465,"July 23, 2021"
2026-08-20 03:22:15,MC CARO,MC CAROMama,https://audiomack.com/mccaro/song/mama,https://i.audiomack.com/mccaro/a2bdeef430.webp?width=416,61000,473,N/A,519,"July 23, 2021"
2026-08-20 03:22:18,MC CARO,MC CAROAye,https://audiomack.com/mccaro/song/aye,https://i.audiomack.com/mccaro/a2bdeef430.webp?width=416,58900,434,N/A,398,"July 23, 2021"
2026-08-20 03:22:21,MC CARO,MC CAROLooka u  (freestyle),https://audiomack.com/mccaro/song/looka-u,https://i.audiomack.com/mccaro/7c1c44911d.webp?width=416,162000,1760,N/A,2880,"February 2, 2024"
2026-08-20 03:22:24,MC CARO,MC CaroBaby,https://audiomack.com/mccaro/song/baby-1,https://i.audiomack.com/mc-caro-4/13538318-5.webp?width=416,3650,22,N/A,51,"January 20, 2023"
2026-08-20 03:22:28,MC CARO,MC CAROGimme love (freestyle ),https://audiomack.com/mccaro/song/gimme-love,https://i.audiomack.com/mccaro/b72a129fa3.webp?width=416,160000,1270,N/A,1840,"February 12, 2024"
2026-08-20 03:22:31,MC CARO,MC CAROChapter,https://audiomack.com/mccaro/song/chapter,https://i.audiomack.com/mccaro/11b4eb3630.webp?width=416,37400,638,N/A,928,"February 14, 2025"
2026-08-20 03:22:34,MC CARO,MC CAROFresh,https://audiomack.com/mccaro/song/fresh,https://i.audiomack.com/mccaro/a2bdeef430.webp?width=416,29600,342,N/A,374,"July 23, 2021"
2026-08-20 03:22:38,MC CARO,MC CAROWe inside,https://audiomack.com/mccaro/song/we-inside,https://i.audiomack.com/mccaro/0d82bd1671.webp?width=416,93000,832,N/A,829,"December 12, 2022"
2026-08-20 03:22:41,MC CARO,MC CAROVroom,https://audiomack.com/mccaro/song/vroom,https://i.audiomack.com/mccaro/311a13010a.webp?width=416,69600,495,N/A,532,"July 23, 2021"
2026-08-20 03:22:44,MC CARO,MC CaroOne More Round,https://audiomack.com/mccaro/song/one-more-round,https://i.audiomack.com/mc-caro/316a06e5d0.webp?width=416,19100,79,N/A,138,"May 25, 2019"
2026-08-20 03:22:47,MC CARO,Mc CaroListen,https://audiomack.com/mccaro/song/listen,https://i.audiomack.com/mc-caro/14f8547891.webp?width=416,12800,52,N/A,95,"May 25, 2019"
2026-08-20 03:22:51,MC CARO,Mc CaroI Like It,https://audiomack.com/mccaro/song/i-like-it,https://i.audiomack.com/KINGCARO/815446a961.webp?width=416,5710,27,N/A,63,"November 8, 2020"
2026-08-20 03:22:54,MC CARO,MC CAROJotay (Joe Tate),https://audiomack.com/mccaro/song/joetay-joe-tate,https://i.audiomack.com/mccaro/7b4aa0a0b8.webp?width=416,60100,627,N/A,960,"February 14, 2025"
2026-08-20 03:22:57,MC CARO,MC CaroMy Way,https://audiomack.com/mccaro/song/my-way-1,https://i.audiomack.com/mc-caro-4/13538318-5.webp?width=416,1960,20,N/A,12,"January 20, 2023"
2026-08-20 03:23:01,MC CARO,MC CaroLast Time,https://audiomack.com/mccaro/song/last-time-1,https://i.audiomack.com/mc-caro-4/13538318-5.webp?width=416,1110,11,N/A,11,"January 20, 2023"
2026-08-20 03:23:04,MC CARO,MC CAROHonest (freestyle),https://audiomack.com/mccaro/song/honest-freestyle-1,https://i.audiomack.com/mccaro/3958e78c42.webp?width=416,97100,944,N/A,1100,"February 2, 2024"
2026-08-20 03:23:07,MC CARO,MC CARODo Me,https://audiomack.com/mccaro/song/do-me-prod-smykid,https://i.audiomack.com/mccaro/a2bdeef430.webp?width=416,31600,346,N/A,396,"July 23, 2021"
2026-08-20 03:23:11,MC CARO,MC CAROSound,https://audiomack.com/mccaro/song/sound,https://i.audiomack.com/mccaro/a2bdeef430.webp?width=416,38300,371,N/A,435,"July 23, 2021"
2026-08-20 03:23:14,MC CARO,MC CAROMoney,https://audiomack.com/mccaro/song/money-mp3,https://i.audiomack.com/mccaro/a2bdeef430.webp?width=416,40000,382,N/A,435,"July 23, 2021"
2026-08-20 03:23:17,MC CARO,MC CAROFwen (freestyle ),https://audiomack.com/mccaro/song/fwen,https://i.audiomack.com/mccaro/f7bec9dd90.webp?width=416,117000,995,N/A,2020,"February 12, 2024"
2026-08-20 03:23:21,MC CARO,MC CAROUncle Solomon,https://audiomack.com/mccaro/song/uncle-solomon,https://i.audiomack.com/mc-caro/c185c70291.webp?width=416,8680,52,N/A,93,"March 30, 2020"
2026-08-20 03:23:24,MC CARO,MC CaroPololo,https://audiomack.com/mccaro/song/pololo-1,https://i.audiomack.com/mc-caro-4/13538318-5.webp?width=416,1370,16,N/A,40,"January 20, 2023"
2026-08-20 03:23:28,MC CARO,MC CaroWe Inside,https://audiomack.com/mccaro/song/we-inside-1,https://i.audiomack.com/mc-caro-4/13538318-5.webp?width=416,1270,14,N/A,18,"January 20, 2023"
2026-08-20 03:23:31,MC CARO,MC CAROPolololo,https://audiomack.com/mccaro/song/pololo,https://i.audiomack.com/mccaro/0d82bd1671.webp?width=416,118000,960,N/A,787,"December 12, 2022"
2026-08-20 03:23:34,MC CARO,MC CAROBanger,https://audiomack.com/mccaro/song/banger,https://i.audiomack.com/mccaro/a2bdeef430.webp?width=416,48900,424,N/A,448,"July 23, 2021"
2026-08-20 03:23:38,MC CARO,MC CAROLast time,https://audiomack.com/mccaro/song/last-time,https://i.audiomack.com/mccaro/0d82bd1671.webp?width=416,93700,959,N/A,991,"December 12, 2022"
2026-08-20 03:23:41,MC CARO,Mc CaroDon’t ask me,https://audiomack.com/mccaro/song/mc-caro-dont-ask-me-prod-smykidmp3,https://i.audiomack.com/mc-caro/19bbb5fa42.webp?width=416,14800,70,N/A,153,"March 30, 2020"
2026-08-20 03:23:44,MC CARO,MC CaroPrice,https://audiomack.com/mccaro/song/price-1,https://i.audiomack.com/mc-caro-4/13538318-5.webp?width=416,916,16,N/A,34,"January 20, 2023"
2026-08-20 03:23:47,MC CARO,MC CAROMan Dem,https://audiomack.com/mccaro/song/man-dem,https://i.audiomack.com/mccaro/3b4b458e2e.webp?width=416,55800,713,N/A,773,"October 27, 2023"
2026-08-20 03:23:51,MC CARO,Mc caroLey light go off mc caro,https://audiomack.com/mccaro/song/ley-light-go-off-mc-caro,https://i.audiomack.com/mc-caro/1cc980d0e0.webp?width=416,6700,36,N/A,65,"March 30, 2020"
2026-08-20 03:23:54,MC CARO,MC CaroSpot On Fire,https://audiomack.com/mccaro/song/spot-on-fire-1,https://i.audiomack.com/mc-caro-4/13538318-5.webp?width=416,1270,20,N/A,45,"January 20, 2023"
2026-08-20 03:23:57,MC CARO,MC CAROFvck it (freestyle ),https://audiomack.com/mccaro/song/fvck-it-freestyle,https://i.audiomack.com/mccaro/ee4bf66465.webp?width=416,83300,924,N/A,1400,"January 27, 2024"
2026-08-20 03:24:01,MC CARO,MC CaroMegatron Cover,https://audiomack.com/mccaro/song/megatron-cover,https://i.audiomack.com/mc-caro/602b6244dd.webp?width=416,8800,37,N/A,78,"July 17, 2019"
2026-08-20 03:24:04,MC CARO,MC CARORisky Cover,https://audiomack.com/mccaro/song/mc-caro-risky-cover,https://i.audiomack.com/mc-caro/5e07dd7122.webp?width=416,11600,50,N/A,132,"April 6, 2020"
2026-08-20 03:24:07,MC CARO,MC CAROIN THE HOUSE,https://audiomack.com/mccaro/song/inthehouse,https://i.audiomack.com/mc-caro/94dc6b9ebc.webp?width=416,8490,36,N/A,60,"April 20, 2020"
2026-08-20 03:24:11,MC CARO,MC CaroSavage Freestyle,https://audiomack.com/mccaro/song/savage-freestyle,https://i.audiomack.com/mc-caro/dff212d952.webp?width=416,4900,23,N/A,39,"June 20, 2020"
2026-08-20 03:24:32,JBoy De Prophet,JBoy De ProphetSomething Inside,https://audiomack.com/jboydeprophet-1/song/someone-inside,https://i.audiomack.com/jboydeprophet-1/d7d1cb004a.webp?width=416,252000,2330,N/A,2210,"July 3, 2026"
2026-08-20 03:24:36,JBoy De Prophet,J.Boy De ProphetZOOM,https://audiomack.com/jboydeprophet-1/song/jboy-de-prophet-zoom-prpd-by-anothervibez,https://i.audiomack.com/jboydeprophet-1/5e671438b8.webp?width=416,214000,M,N/A,1610,"March 6, 2026"
2026-08-20 03:24:39,JBoy De Prophet,J.Boy De ProphetGnahowory,https://audiomack.com/jboydeprophet-1/song/14-jboy-de-prophet-gnahowory-prod-by-jwizard,https://i.audiomack.com/jboydeprophet-1/5e671438b8.webp?width=416,287000,3040,N/A,4120,"March 6, 2026"
2026-08-20 03:24:42,JBoy De Prophet,JBoy De ProphetTrumpet Sound,https://audiomack.com/jboydeprophet-1/song/trumpet-sound-1,https://i.audiomack.com/jboydeprophet-1/9096d237d9.webp?width=416,80600,1790,N/A,775,"May 23, 2026"
2026-08-20 03:24:46,JBoy De Prophet,J.Boy De ProphetPainful,https://audiomack.com/jboydeprophet-1/song/jboy-de-prophet-its-painful-ft-jb-de-general-prod-by-anothervibez,https://i.audiomack.com/jboydeprophet-1/5e671438b8.webp?width=416,117000,1960,N/A,1340,"March 6, 2026"
2026-08-20 03:24:49,JBoy De Prophet,J.Boy De ProphetPrivacy,https://audiomack.com/jboydeprophet-1/song/jboy-de-prophet-pravicy-ft-j-slught-prod-by-anothervibez,https://i.audiomack.com/jboydeprophet-1/5e671438b8.webp?width=416,67600,1630,N/A,784,"March 6, 2026"
2026-08-20 03:24:52,JBoy De Prophet,J.Boy De ProphetA Na Fair,https://audiomack.com/jboydeprophet-1/song/a-na-fair,https://i.audiomack.com/jboydeprophet-1/fdb9159c5b.webp?width=416,552000,3840,N/A,5720,"April 1, 2025"
2026-08-20 03:24:56,JBoy De Prophet,JBoy De ProphetMumu Love,https://audiomack.com/jboydeprophet-1/song/mumu-love,https://i.audiomack.com/jboydeprophet-1/c533b1036d.webp?width=416,285000,1880,N/A,2510,"November 21, 2025"
2026-08-20 03:24:59,JBoy De Prophet,J.Boy De ProphetConscience,https://audiomack.com/jboydeprophet-1/song/jboy-d-prophet-conscience-prod-by-anothervibez,https://i.audiomack.com/jboydeprophet-1/5e671438b8.webp?width=416,86800,1790,N/A,775,"March 6, 2026"
2026-08-20 03:25:02,JBoy De Prophet,JBoy De ProphetBe Content,https://audiomack.com/jboydeprophet-1/song/be-content,https://i.audiomack.com/jboydeprophet-1/8340281b66.webp?width=416,775000,5900,N/A,8530,"January 18, 2025"
2026-08-20 03:25:05,JBoy De Prophet,JBoy De ProphetMy Love,https://audiomack.com/jboydeprophet-1/song/my-love,https://i.audiomack.com/jboydeprophet-1/b630d13e34.webp?width=416,556000,4330,N/A,4750,"June 1, 2025"
2026-08-20 03:25:11,JBoy De Prophet,J.Boy De ProphetSomething Inside,https://audiomack.com/jboydeprophet-1/song/jboy-de-prophet-something-inside-prod-by-anothervibez,https://i.audiomack.com/jboydeprophet-1/5e671438b8.webp?width=416,53000,1390,N/A,624,"March 6, 2026"
2026-08-20 03:25:15,JBoy De Prophet,JBoy De ProphetJohnny Coming,https://audiomack.com/jboydeprophet-1/song/johnny-coming,https://i.audiomack.com/jboydeprophet-1/b950cba32f.webp?width=416,117000,1030,N/A,784,"January 1, 2026"
2026-08-20 03:25:18,JBoy De Prophet,J.Boy De ProphetMy Wrongs,https://audiomack.com/jboydeprophet-1/song/7-jboy-de-propet-my-wrong-prod-by-anothervibez,https://i.audiomack.com/jboydeprophet-1/5e671438b8.webp?width=416,41000,1220,N/A,606,"March 6, 2026"
2026-08-20 03:25:21,JBoy De Prophet,JBoy De ProphetSINGLE,https://audiomack.com/jboydeprophet-1/song/jboy-de-prophet-single-prod-by-anothervibez,https://i.audiomack.com/jboydeprophet-1/56144679d4.webp?width=416,361000,2029,N/A,3820,"September 19, 2024"
2026-08-20 03:25:25,JBoy De Prophet,JBoy De ProphetMessage,https://audiomack.com/jboydeprophet-1/song/message,https://i.audiomack.com/jboydeprophet-1/315cfa251b.webp?width=416,412000,3710,N/A,5860,"July 4, 2025"
2026-08-20 03:25:28,JBoy De Prophet,J.Boy De ProphetAlahaji,https://audiomack.com/jboydeprophet-1/song/alahaji,https://i.audiomack.com/jboydeprophet-1/91787261dc.webp?width=416,275000,2600,N/A,3050,"October 3, 2025"
2026-08-20 03:25:31,JBoy De Prophet,J.Boy De ProphetForever_(Prod_by_J.Wizard),https://audiomack.com/jboydeprophet-1/song/forever-prod-by-jwizard,https://i.audiomack.com/jboydeprophet-1/5e671438b8.webp?width=416,30700,1130,N/A,499,"March 6, 2026"
2026-08-20 03:25:34,JBoy De Prophet,JBoy De ProphetAnswer Me,https://audiomack.com/jboydeprophet-1/song/answer-me,https://i.audiomack.com/jboydeprophet-1/2624df6853.webp?width=416,195000,1830,N/A,1600,"August 15, 2025"
2026-08-20 03:25:38,JBoy De Prophet,J.Boy De ProphetAm-Sorry,https://audiomack.com/jboydeprophet-1/song/11-jboy-de-prophet-am-sorry-prod-by-jwizard,https://i.audiomack.com/jboydeprophet-1/5e671438b8.webp?width=416,28200,1050,N/A,490,"March 6, 2026"
2026-08-20 03:25:41,JBoy De Prophet,J.Boy De ProphetEternal Love,https://audiomack.com/jboydeprophet-1/song/eternal-love,https://i.audiomack.com/jboydeprophet-1/5e671438b8.webp?width=416,28300,1080,N/A,510,"March 6, 2026"
2026-08-20 03:25:44,JBoy De Prophet,J.Boy De ProphetHeart Treasure,https://audiomack.com/jboydeprophet-1/song/heart-treasure,https://i.audiomack.com/jboydeprophet-1/5e671438b8.webp?width=416,32600,1130,N/A,528,"March 6, 2026"
2026-08-20 03:25:47,JBoy De Prophet,"J.Boy De ProphetMy Country, My People",https://audiomack.com/jboydeprophet-1/song/jboy-de-peophet-my-country-my-people-prod-by-jwizard,https://i.audiomack.com/jboydeprophet-1/5e671438b8.webp?width=416,25800,1060,N/A,508,"March 6, 2026"
2026-08-20 03:25:51,JBoy De Prophet,J.Boy De ProphetSmoke Weed,https://audiomack.com/jboydeprophet-1/song/12-jboy-de-prophet-smoke-weed-feat-trap-devotion-prod-by-jwizardmp3,https://i.audiomack.com/jboydeprophet-1/5e671438b8.webp?width=416,25100,1040,N/A,520,"March 6, 2026"
2026-08-20 03:25:54,JBoy De Prophet,J.Boy De ProphetChange_My_Story,https://audiomack.com/jboydeprophet-1/song/change-my-story,https://i.audiomack.com/jboydeprophet-1/610244d8dc.webp?width=416,232000,1160,N/A,2009,"December 13, 2024"
2026-08-20 03:25:57,JBoy De Prophet,JBoy De ProphetPlay Me,https://audiomack.com/jboydeprophet-1/song/play-me,https://i.audiomack.com/jboydeprophet-1/7f41f48a45.webp?width=416,76200,388,N/A,583,"November 20, 2024"
2026-08-20 03:26:01,JBoy De Prophet,J.Boy De ProphetKeep_It_To_Yourself,https://audiomack.com/jboydeprophet-1/song/keep-it-to-yourself,https://i.audiomack.com/jboydeprophet-1/5a05b5830d.webp?width=416,110000,563,N/A,1060,"January 12, 2024"
2026-08-20 03:26:04,JBoy De Prophet,J.Boy De ProphetKanikokoi,https://audiomack.com/jboydeprophet-1/song/kanikokoi,https://i.audiomack.com/jboydeprophet-1/ccf5ccb9a1.webp?width=416,76100,524,N/A,585,"March 15, 2025"
2026-08-20 03:26:07,JBoy De Prophet,J.Boy De ProphetMore Than Treasure,https://audiomack.com/jboydeprophet-1/song/more-than-treasure,https://i.audiomack.com/jboydeprophet-1/233be12839.webp?width=416,54000,295,N/A,448,"September 6, 2024"
2026-08-20 03:26:10,JBoy De Prophet,J.Boy De ProphetMuna_My_Love,https://audiomack.com/jboydeprophet-1/song/muna-my-love,https://i.audiomack.com/jboydeprophet-1/6cd0a0aca0.webp?width=416,22800,117,N/A,250,"June 28, 2024"
2026-08-20 03:26:14,JBoy De Prophet,J.Boy De ProphetBABY MAMA,https://audiomack.com/jboydeprophet-1/song/baby-mama,https://i.audiomack.com/jboydeprophet-1/25fdc5d991.webp?width=416,21300,102,N/A,236,"January 21, 2024"
2026-08-20 03:26:17,JBoy De Prophet,JBoy De ProphetCOPY-&-PASTE,https://audiomack.com/jboydeprophet-1/song/copy-paste,https://i.audiomack.com/jboydeprophet-1/2428270d60.webp?width=416,22100,108,N/A,216,"September 26, 2024"
2026-08-20 03:26:20,JBoy De Prophet,JBoy De ProphetTalk & Do-Kobana,https://audiomack.com/jboydeprophet-1/song/talk-do-kobana,https://i.audiomack.com/jboydeprophet-1/3b09cc1723.webp?width=416,19200,98,N/A,231,"September 18, 2024"
2026-08-20 03:26:24,JBoy De Prophet,J.Boy De ProphetI'm_A_Liberian,https://audiomack.com/jboydeprophet-1/song/im-a-liberian,https://i.audiomack.com/jboydeprophet-1/0f2001cedd.webp?width=416,21900,135,N/A,276,"July 19, 2024"
2026-08-20 03:26:27,JBoy De Prophet,J.Boy De ProphetUnlearned_Lesson,https://audiomack.com/jboydeprophet-1/song/unlearned-lesson,https://i.audiomack.com/jboydeprophet-1/916451ff91.webp?width=416,12000,75,N/A,164,"April 28, 2024"
2026-08-20 03:26:30,JBoy De Prophet,SheridoNo_Yawah,https://audiomack.com/jboydeprophet-1/song/no-yawah,https://i.audiomack.com/jboydeprophet-1/aaa31b16da.webp?width=416,8370,33,N/A,88,"April 1, 2024"
2026-08-20 03:26:34,JBoy De Prophet,J.Boy De ProphetLay_Cominy,https://audiomack.com/jboydeprophet-1/song/lay-cominy,https://i.audiomack.com/jboydeprophet-1/f8322c2af5.webp?width=416,15500,89,N/A,223,"June 17, 2024"
2026-08-20 03:26:37,JBoy De Prophet,J.Boy De ProphetKo_Lo_Sa_ Cover_(Mix._by_J.Wizard),https://audiomack.com/jboydeprophet-1/song/ko-lo-sa-cover-mix-by-jwizard,https://i.audiomack.com/jboydeprophet-1/83a2762f66.webp?width=416,20200,94,N/A,271,"May 22, 2024"
2026-08-20 03:26:40,JBoy De Prophet,J.Boy De ProphetWise One,https://audiomack.com/jboydeprophet-1/song/wise-one,https://i.audiomack.com/jboydeprophet-1/8c9a0faf54.webp?width=416,68600,311,N/A,474,"May 24, 2024"
2026-08-20 03:26:44,JBoy De Prophet,J.Boy De ProphetFight_For_You,https://audiomack.com/jboydeprophet-1/song/fight-for-you,https://i.audiomack.com/jboydeprophet-1/333e42301a.webp?width=416,49900,1,N/A,347,"May 22, 2024"
2026-08-20 03:26:47,JBoy De Prophet,J.Boy De ProphetAnita,https://audiomack.com/jboydeprophet-1/song/anita,https://i.audiomack.com/jboydeprophet-1/bfa07ee1cd.webp?width=416,12300,58,N/A,156,"May 16, 2024"
2026-08-20 03:26:50,JBoy De Prophet,J.Boy De ProphetShe_Say_She_V,https://audiomack.com/jboydeprophet-1/song/she-say-she-v,https://i.audiomack.com/jboydeprophet-1/0d3a86dd52.webp?width=416,12000,54,N/A,162,"May 15, 2024"
2026-08-20 03:27:14,Christoph The Change,Christoph The ChangeKorkorzeekor,https://audiomack.com/christoph-the-change/song/korkorzeekor,https://i.audiomack.com/christoph-the-change/5a5d8dc820.webp?width=416,674000,6770,N/A,5460,"April 10, 2026"
2026-08-20 03:27:17,Christoph The Change,Christoph The ChangeBlessings,https://audiomack.com/christoph-the-change/song/blessings,https://i.audiomack.com/christoph-the-change/08c0b3e74d.webp?width=416,1190000,10200,N/A,9940,"October 31, 2025"
2026-08-20 03:27:21,Christoph The Change,Christoph The ChangeN’dbani (Lord Help Me),https://audiomack.com/christoph-the-change/song/ndbani-lord-help-me,https://i.audiomack.com/christoph-the-change/462403df15.webp?width=416,1630000,13800,N/A,19800,"April 11, 2024"
2026-08-20 03:27:24,Christoph The Change,Christoph The ChangeFollow Me,https://audiomack.com/christoph-the-change/song/follow-me,https://i.audiomack.com/christoph-the-change/08c0b3e74d.webp?width=416,357000,4250,N/A,2820,"October 31, 2025"
2026-08-20 03:27:27,Christoph The Change,Christoph The ChangeIntro,https://audiomack.com/christoph-the-change/song/the-ep-in,https://i.audiomack.com/christoph-the-change/08c0b3e74d.webp?width=416,397000,4500,N/A,2900,"October 30, 2025"
2026-08-20 03:27:31,Christoph The Change,Christoph The ChangeAll On God,https://audiomack.com/christoph-the-change/song/all-on-god,https://i.audiomack.com/christoph-the-change/08c0b3e74d.webp?width=416,244000,3840,N/A,1560,"October 31, 2025"
2026-08-20 03:27:34,Christoph The Change,Christoph The ChangeJokes,https://audiomack.com/christoph-the-change/song/jokes,https://i.audiomack.com/christoph-the-change/08c0b3e74d.webp?width=416,219000,3550,N/A,1820,"October 31, 2025"
2026-08-20 03:27:37,Christoph The Change,Christoph The ChangeJuliana,https://audiomack.com/christoph-the-change/song/juliana,https://i.audiomack.com/christoph-the-change/08c0b3e74d.webp?width=416,235000,3700,N/A,1770,"October 31, 2025"
2026-08-20 03:27:41,Christoph The Change,Christoph The ChangePrefer,https://audiomack.com/christoph-the-change/song/prefer,https://i.audiomack.com/christoph-the-change/08c0b3e74d.webp?width=416,175000,3370,N/A,1500,"October 31, 2025"
2026-08-20 03:27:44,Christoph The Change,Christoph The ChangeChampion,https://audiomack.com/christoph-the-change/song/champion,https://i.audiomack.com/christoph-the-change/08c0b3e74d.webp?width=416,152000,3170,N/A,1340,"October 31, 2025"
2026-08-20 03:27:47,Christoph The Change,Christoph The ChangeTrouble,https://audiomack.com/christoph-the-change/song/trouble-1,https://i.audiomack.com/christoph-the-change/08c0b3e74d.webp?width=416,127000,2950,N/A,1200,"October 31, 2025"
2026-08-20 03:27:50,Christoph The Change,ChristophLandlord Daughter,https://audiomack.com/christoph-the-change/song/landlord-daughter,https://i.audiomack.com/christoph-the-change/8ef7a4a608.webp?width=416,164000,1140,N/A,1370,"December 27, 2020"
2026-08-20 03:27:54,Christoph The Change,Christoph The ChangeAyy,https://audiomack.com/christoph-the-change/song/ayy,https://i.audiomack.com/christoph-the-change/a0cd59de7b.webp?width=416,357000,2320,N/A,4850,"April 19, 2024"
2026-08-20 03:27:57,Christoph The Change,Christoph The ChangeAfrican Child,https://audiomack.com/christoph-the-change/song/african-child,https://i.audiomack.com/christoph-the-change/b9e812a86e.webp?width=416,150000,687,N/A,1170,"July 11, 2020"
2026-08-20 03:28:00,Christoph The Change,Christoph The ChangeAkaZuKu,https://audiomack.com/christoph-the-change/song/akazuku,https://i.audiomack.com/christoph-the-change/4857539e38.webp?width=416,424000,3670,N/A,3760,"May 30, 2025"
2026-08-20 03:28:04,Christoph The Change,Christoph The ChangeLooka (Bonus Track),https://audiomack.com/christoph-the-change/song/looka,https://i.audiomack.com/christoph-the-change/08c0b3e74d.webp?width=416,110000,2940,N/A,1170,"October 31, 2025"
2026-08-20 03:28:07,Christoph The Change,Christoph The ChangeHipco TrapCo,https://audiomack.com/christoph-the-change/song/hipco-trapco,https://i.audiomack.com/christoph-the-change/96400957d8.webp?width=416,145000,566,N/A,1180,"July 12, 2020"
2026-08-20 03:28:10,Christoph The Change,Christoph x Revoluxon x Magas x Nuchie MeekThe Cypher,https://audiomack.com/christoph-the-change/song/the-cypher,https://i.audiomack.com/christoph-the-change/3791f2f8e1.webp?width=416,132000,605,N/A,1180,"July 12, 2020"
2026-08-20 03:28:13,Christoph The Change,Christoph The ChangeKumbasa,https://audiomack.com/christoph-the-change/song/kumbasa,https://i.audiomack.com/christoph-the-change/65cd78ef6b.webp?width=416,212000,1510,N/A,1570,"June 30, 2020"
2026-08-20 03:28:17,Christoph The Change,Christoph The ChangeMy Only One,https://audiomack.com/christoph-the-change/song/my-only-one,https://i.audiomack.com/christoph-the-change/65cd78ef6b.webp?width=416,137000,1110,N/A,1480,"June 30, 2020"
2026-08-20 03:28:20,Christoph The Change,Christoph The ChangeGod There,https://audiomack.com/christoph-the-change/song/god-there,https://i.audiomack.com/christoph-the-change/049cffab8e.webp?width=416,332000,2950,N/A,5250,"July 22, 2024"
2026-08-20 03:28:23,Christoph The Change,ChristophBMM(Black Man Mouth ),https://audiomack.com/christoph-the-change/song/christoph-bmmblack-man-mouth-prod-by-rapkid,https://i.audiomack.com/christoph-the-change/8ef7a4a608.webp?width=416,108000,1050,N/A,850,"December 27, 2020"
2026-08-20 03:28:26,Christoph The Change,Christoph The ChangeBig Boyz Things,https://audiomack.com/christoph-the-change/song/big-boyz-things,https://i.audiomack.com/christoph-the-change/b14594c002.webp?width=416,261000,2420,N/A,2660,"April 10, 2025"
2026-08-20 03:28:30,Christoph The Change,Christoph The ChangeCome Closer,https://audiomack.com/christoph-the-change/song/come-closer,https://i.audiomack.com/christoph-the-change/65cd78ef6b.webp?width=416,144000,1100,N/A,1390,"June 30, 2020"
2026-08-20 03:28:33,Christoph The Change,Christoph The ChangeSenior Player,https://audiomack.com/christoph-the-change/song/senior-player,https://i.audiomack.com/christoph-the-change/65cd78ef6b.webp?width=416,96100,918,N/A,1050,"June 30, 2020"
2026-08-20 03:28:36,Christoph The Change,Christoph The ChangeBad Girl,https://audiomack.com/christoph-the-change/song/bad-girl,https://i.audiomack.com/christoph-the-change/07dff55903.webp?width=416,138000,495,N/A,959,"July 11, 2020"
2026-08-20 03:28:40,Christoph The Change,ChristophJolly,https://audiomack.com/christoph-the-change/song/jolly,https://i.audiomack.com/christoph-the-change/8ef7a4a608.webp?width=416,64500,744,N/A,705,"December 27, 2020"
2026-08-20 03:28:43,Christoph The Change,Christoph The ChangeJay Sabu,https://audiomack.com/christoph-the-change/song/jay-sabu,https://i.audiomack.com/christoph-the-change/6978d08280.webp?width=416,98800,421,N/A,810,"July 12, 2020"
2026-08-20 03:28:46,Christoph The Change,Christoph The ChangeProblem,https://audiomack.com/christoph-the-change/song/problem,https://i.audiomack.com/christoph-the-change/65cd78ef6b.webp?width=416,106000,984,N/A,1150,"June 30, 2020"
2026-08-20 03:28:49,Christoph The Change,Christoph The ChangeBest Friend,https://audiomack.com/christoph-the-change/song/best-friend,https://i.audiomack.com/christoph-the-change/65cd78ef6b.webp?width=416,104000,1010,N/A,995,"June 30, 2020"
2026-08-20 03:28:53,Christoph The Change,Christoph The ChangeChakalah My Head,https://audiomack.com/christoph-the-change/song/chakalah-my-head,https://i.audiomack.com/christoph-the-change/850e8afeea.webp?width=416,98700,927,N/A,841,"June 30, 2020"
2026-08-20 03:28:57,Christoph The Change,Christoph The ChangeCongo Jue,https://audiomack.com/christoph-the-change/song/congo-jue,https://i.audiomack.com/christoph-the-change/173dedad9a.webp?width=416,101000,929,N/A,926,"June 30, 2020"
2026-08-20 03:29:00,Christoph The Change,Christoph The ChangeEggs are cooked from the edges,https://audiomack.com/christoph-the-change/song/eggs-are-cooked-from-the-edges,https://i.audiomack.com/christoph-the-change/d2b71dfc89.webp?width=416,53800,212,N/A,536,"July 12, 2020"
2026-08-20 03:29:03,Christoph The Change,Christoph The ChangeCall Me Ur Pa,https://audiomack.com/christoph-the-change/song/call-me-ur-pa,https://i.audiomack.com/christoph-the-change/540bc8607e.webp?width=416,105000,428,N/A,803,"July 10, 2020"
2026-08-20 03:29:07,Christoph The Change,Christoph The ChangeSmall Axe,https://audiomack.com/christoph-the-change/song/small-axe,https://i.audiomack.com/christoph-the-change/d36e95bfdb.webp?width=416,53600,214,N/A,548,"July 12, 2020"
2026-08-20 03:29:10,Christoph The Change,Christoph The ChangeAfrican Woman,https://audiomack.com/christoph-the-change/song/audio-2020-06-23-15-35-02-copy-8,https://i.audiomack.com/christoph-the-change/65cd78ef6b.webp?width=416,60600,737,N/A,712,"June 30, 2020"
2026-08-20 03:29:13,Christoph The Change,ChristophOpen My Way,https://audiomack.com/christoph-the-change/song/open-my-way,https://i.audiomack.com/christoph-the-change/8ef7a4a608.webp?width=416,50400,661,N/A,406,"December 27, 2020"
2026-08-20 03:29:16,Christoph The Change,ChristophDa You,https://audiomack.com/christoph-the-change/song/da-you,https://i.audiomack.com/christoph-the-change/8ef7a4a608.webp?width=416,58200,686,N/A,487,"December 27, 2020"
2026-08-20 03:29:20,Christoph The Change,Christoph The ChangeWoomi Oh,https://audiomack.com/christoph-the-change/song/woomi-oh,https://i.audiomack.com/christoph-the-change/5fd5ad7776.webp?width=416,84700,341,N/A,709,"July 11, 2020"
2026-08-20 03:29:23,Christoph The Change,Christoph The ChangeWhat Ur want,https://audiomack.com/christoph-the-change/song/what-ur-want,https://i.audiomack.com/christoph-the-change/20f3c41352.webp?width=416,63500,235,N/A,448,"July 11, 2020"
2026-08-20 03:29:26,Christoph The Change,Christoph The ChangeTrouble,https://audiomack.com/christoph-the-change/song/trouble,https://i.audiomack.com/christoph-the-change/65cd78ef6b.webp?width=416,66900,783,N/A,736,"June 30, 2020"
2026-08-20 03:29:30,Christoph The Change,Christoph The ChangeJay Sabu Remix,https://audiomack.com/christoph-the-change/song/jay-sabu-remix,https://i.audiomack.com/christoph-the-change/a9e5392fe1.webp?width=416,72200,270,N/A,545,"July 11, 2020"
2026-08-20 03:29:33,Christoph The Change,ChristophGlory,https://audiomack.com/christoph-the-change/song/glory,https://i.audiomack.com/christoph-the-change/8ef7a4a608.webp?width=416,43800,595,N/A,419,"December 27, 2020"
2026-08-20 03:29:37,Christoph The Change,ChristophEnvy And Jelousy,https://audiomack.com/christoph-the-change/song/envy-and-jelousy,https://i.audiomack.com/christoph-the-change/8ef7a4a608.webp?width=416,43700,593,N/A,386,"December 27, 2020"
2026-08-20 03:29:40,Christoph The Change,Christoph The ChangeLey Boy,https://audiomack.com/christoph-the-change/song/ley-boy,https://i.audiomack.com/christoph-the-change/65cd78ef6b.webp?width=416,62900,742,N/A,710,"June 30, 2020"
2026-08-20 03:29:43,Christoph The Change,Christoph The ChangeBeat Pork,https://audiomack.com/christoph-the-change/song/beat-pork,https://i.audiomack.com/christoph-the-change/b3b39733f0.webp?width=416,43400,192,N/A,388,"July 10, 2020"
2026-08-20 03:29:47,Christoph The Change,Christoph The ChangeGronaMan,https://audiomack.com/christoph-the-change/song/gronaman,https://i.audiomack.com/christoph-the-change/2f52c09a18.webp?width=416,80600,405,N/A,547,"June 6, 2021"
2026-08-20 03:29:50,Christoph The Change,Christoph the ChangeShatta (feat. CIC),https://audiomack.com/christoph-the-change/song/shatta-feat-cic,https://i.audiomack.com/christoph-the-change/1697a5f000.webp?width=416,122000,106,N/A,512,"November 2, 2021"
2026-08-20 03:29:53,Christoph The Change,Christoph The ChangeLove Forever,https://audiomack.com/christoph-the-change/song/love-forever,https://i.audiomack.com/christoph-the-change/65cd78ef6b.webp?width=416,49000,675,N/A,653,"June 30, 2020"
2026-08-20 03:29:56,Christoph The Change,Christoph the ChangeGbekugbeh,https://audiomack.com/christoph-the-change/song/gbekugbeh,https://i.audiomack.com/christoph-the-change/0cd411a0ec.webp?width=416,79800,277,N/A,478,"December 9, 2020"
2026-08-20 03:30:00,Christoph The Change,Christoph The ChangeMemories,https://audiomack.com/christoph-the-change/song/memories,https://i.audiomack.com/christoph-the-change/29ce73d62d.webp?width=416,64099,342,N/A,395,"July 18, 2020"
2026-08-20 03:30:03,Christoph The Change,Christoph The ChangeHipco For Life,https://audiomack.com/christoph-the-change/song/hipco-for-life,https://i.audiomack.com/christoph-the-change/4a0b4a99c5.webp?width=416,32600,2,N/A,222,"July 12, 2020"
2026-08-20 03:30:06,Christoph The Change,Christoph The ChangeYour Own,https://audiomack.com/christoph-the-change/song/your-own,https://i.audiomack.com/christoph-the-change/429e3c54e2.webp?width=416,26400,132,N/A,162,"July 11, 2020"
2026-08-20 03:30:10,Christoph The Change,Christoph The ChangeGlapor Zuo,https://audiomack.com/christoph-the-change/song/glapor-zuo,https://i.audiomack.com/christoph-the-change/372baab4e7.webp?width=416,48600,207,N/A,387,"July 11, 2020"
2026-08-20 03:30:13,Christoph The Change,Christoph The ChangeAM A RUNNER (DON'T COME FOR ME,https://audiomack.com/christoph-the-change/song/am-a-runner-dont-come-for-me,https://i.audiomack.com/christoph-the-change/2e813230a6.webp?width=416,24800,124,N/A,187,"July 12, 2020"
2026-08-20 03:30:16,Christoph The Change,Christoph the ChangeWho Be Who (feat. Teddy Ride),https://audiomack.com/christoph-the-change/song/who-be-who-feat-teddy-ride,https://i.audiomack.com/christoph-the-change/aaa1b7acc0.webp?width=416,81900,58,N/A,314,"November 2, 2021"
2026-08-20 03:30:20,Christoph The Change,Christoph The ChangeFake,https://audiomack.com/christoph-the-change/song/fake,https://i.audiomack.com/christoph-the-change/b46024a7f9.webp?width=416,24000,93,N/A,138,"July 12, 2020"
2026-08-20 03:30:23,Christoph The Change,Christoph The ChangeSavage Freestyle,https://audiomack.com/christoph-the-change/song/savage-freestyle,https://i.audiomack.com/christoph-the-change/ee7b9634ef.webp?width=416,43500,177,N/A,347,"June 16, 2020"
2026-08-20 03:30:27,Christoph The Change,CHRISTOPH THE CHANGEGEORGE WEAH,https://audiomack.com/christoph-the-change/song/george-weah,https://i.audiomack.com/christoph-the-change/39ba2f4b7f.webp?width=416,99200,661,N/A,1040,"September 26, 2023"
2026-08-20 03:30:30,Christoph The Change,Christoph The ChangeShe Love My Hit,https://audiomack.com/christoph-the-change/song/she-love-my-hit,https://i.audiomack.com/christoph-the-change/8c23ffe3a6.webp?width=416,26700,130,N/A,163,"July 12, 2020"
2026-08-20 03:30:33,Christoph The Change,Christoph The ChangeUncle Vanblo,https://audiomack.com/christoph-the-change/song/uncle-vanblo,https://i.audiomack.com/christoph-the-change/36684c3ab2.webp?width=416,25500,121,N/A,192,"July 11, 2020"
2026-08-20 03:30:37,Christoph The Change,Christoph The ChangeDon’t put it there,https://audiomack.com/christoph-the-change/song/don-t-put-it-there,https://i.audiomack.com/christoph-the-change/e748732bb5.webp?width=416,26900,117,N/A,203,"July 11, 2020"
2026-08-20 03:30:41,Christoph The Change,Christoph The ChangeBurst It,https://audiomack.com/christoph-the-change/song/burst-it,https://i.audiomack.com/christoph-the-change/4a0b4a99c5.webp?width=416,19100,94,N/A,137,"June 16, 2020"
2026-08-20 03:30:58,Brickson,BricksonMY LOVE,https://audiomack.com/brickson_/song/my-love,https://i.audiomack.com/brickson_/d8b03c7db6.webp?width=416,843000,6110,N/A,5970,"January 23, 2026"
2026-08-20 03:31:01,Brickson,BricksonPAIN,https://audiomack.com/brickson_/song/pain,https://i.audiomack.com/brickson_/093aff7e31.webp?width=416,1070000,7230,N/A,7550,"September 30, 2025"
2026-08-20 03:31:05,Brickson,BricksonBE YOURSELF,https://audiomack.com/brickson_/song/be-yourself,https://i.audiomack.com/brickson_/02a3e45247.webp?width=416,310000,2330,N/A,2640,"April 29, 2026"
2026-08-20 03:31:08,Brickson,BricksonSET IT FOR ME,https://audiomack.com/brickson_/song/set-it-for-me,https://i.audiomack.com/brickson_/904d753090.webp?width=416,1230000,8490,N/A,11300,"March 20, 2025"
2026-08-20 03:31:11,Brickson,BricksonONLY ME,https://audiomack.com/brickson_/song/only-me,https://i.audiomack.com/brickson_/8821dfc6f4.webp?width=416,810000,4470,N/A,7680,"January 30, 2025"
2026-08-20 03:31:14,Brickson,BRICKSONOver It,https://audiomack.com/brickson_/song/over-it,https://i.audiomack.com/brickson_/17951144-c.webp?width=416,666000,4950,N/A,5790,"June 25, 2025"
2026-08-20 03:31:18,Brickson,BricksonLast,https://audiomack.com/brickson_/song/last,https://i.audiomack.com/brickson_/0df0218c45.webp?width=416,99400,599,N/A,575,"September 30, 2024"
2026-08-20 03:31:21,Brickson,DJ ZBESTIE,https://audiomack.com/brickson_/song/bestie,https://i.audiomack.com/brickson_/a3503460b4.webp?width=416,258000,1180,N/A,2400,"May 24, 2024"
2026-08-20 03:31:24,Brickson,BricksonLet them talk,https://audiomack.com/brickson_/song/brickson-let-them-talk,https://i.audiomack.com/brickson-slobert/f183fa21ee.webp?width=416,51400,257,N/A,390,"December 24, 2021"
2026-08-20 03:31:28,Brickson,BricksonRiver Gee Chée Säy  Fannör Kon,https://audiomack.com/brickson_/song/river-gee-chee-say-fannor-kon,https://i.audiomack.com/brickson_/aa2f511c3b.webp?width=416,70500,392,N/A,523,"May 3, 2024"
2026-08-20 03:31:31,Brickson,BricksonThunder,https://audiomack.com/brickson_/song/thunder,https://i.audiomack.com/brickson_/556fcf9dd6.webp?width=416,32800,224,N/A,290,"July 4, 2024"
2026-08-20 03:31:34,Brickson,BricksonWhy,https://audiomack.com/brickson_/song/17543775,https://i.audiomack.com/brickson-slobert/1cad31ee26.webp?width=416,24500,117,N/A,180,"March 17, 2022"
2026-08-20 03:31:37,Brickson,BricksonMy-Treasure,https://audiomack.com/brickson_/song/my,https://i.audiomack.com/brickson-slobert/91abac2142.webp?width=416,20300,87,N/A,235,"June 16, 2021"
2026-08-20 03:31:41,Brickson,BricksonLamco,https://audiomack.com/brickson_/song/lamco,https://i.audiomack.com/brickson_/129bc19820.webp?width=416,43400,362,N/A,514,"April 6, 2023"
2026-08-20 03:31:44,Brickson,BricksonFeel something,https://audiomack.com/brickson_/song/feel-something,https://i.audiomack.com/brickson_/460b021341.webp?width=416,22700,147,N/A,204,"July 14, 2022"
2026-08-20 03:32:08,Barsee Mocopala Kiloda,J NAS BEATZTWASA DRILL,https://audiomack.com/barsee-mocopala-kiloda/song/twasa-drill,https://i.audiomack.com/barsee-mocopala-kiloda/74f798d47e.webp?width=416,499000,3940,N/A,4100,"April 18, 2026"
2026-08-20 03:32:12,Barsee Mocopala Kiloda,Barsee Mocopala KilodaROJO ROJA,https://audiomack.com/barsee-mocopala-kiloda/song/rojo-roja,https://i.audiomack.com/barsee-mocopala-kiloda/106f8ce955.webp?width=416,765000,4510,N/A,5670,"December 5, 2025"
2026-08-20 03:32:15,Barsee Mocopala Kiloda,Barsee Mocopala KilodaGrandma BBY,https://audiomack.com/barsee-mocopala-kiloda/song/grandma-bby,https://i.audiomack.com/barsee-mocopala-kiloda/4d0057323b.webp?width=416,485000,3210,N/A,3960,"December 5, 2025"
2026-08-20 03:32:18,Barsee Mocopala Kiloda,Barsee Mocopala KilodaBATWALA PANTWANNA,https://audiomack.com/barsee-mocopala-kiloda/song/batwala-pantwanna,https://i.audiomack.com/barsee-mocopala-kiloda/cd16238f99.webp?width=416,210000,2140,N/A,1090,"January 10, 2026"
2026-08-20 03:32:22,Barsee Mocopala Kiloda,Barsee Mocopala KilodaSecond life,https://audiomack.com/barsee-mocopala-kiloda/song/second-life,https://i.audiomack.com/krykayness/470ccd1b2e.webp?width=416,227000,1140,N/A,2450,"July 31, 2020"
2026-08-20 03:32:25,Barsee Mocopala Kiloda,Barsee Mocopala KilodaATA (ALL TWASA AFFAIRS),https://audiomack.com/barsee-mocopala-kiloda/song/ata-all-twasa-affairs,https://i.audiomack.com/barsee-mocopala-kiloda/38beecd4a9.webp?width=416,328000,2710,N/A,3170,"October 25, 2025"
2026-08-20 03:32:28,Barsee Mocopala Kiloda,BARSEE MOCOPALA KILODAMRS. PROBLEM,https://audiomack.com/barsee-mocopala-kiloda/song/barsee-miss-problem-prod-j-nas-beatz,https://i.audiomack.com/barsee-mocopala-kiloda/7df5f53662.webp?width=416,94900,M,N/A,996,"February 20, 2026"
2026-08-20 03:32:32,Barsee Mocopala Kiloda,Barsee Mocopala KilodaBarsee_Mocopala_Kiloda_MR Me ___Prod By__Juice Beatz__,https://audiomack.com/barsee-mocopala-kiloda/song/barsee-mocopala-kiloda-mr-me-prod-by-juice-beatz,https://i.audiomack.com/krykayness/41f62991e7.webp?width=416,269000,2230,N/A,1900,"February 11, 2021"
2026-08-20 03:32:35,Barsee Mocopala Kiloda,BARSEE MOCOPALA KILODABLOODY HOLD ON,https://audiomack.com/barsee-mocopala-kiloda/song/aud-20260124-wa0001,https://i.audiomack.com/barsee-mocopala-kiloda/7df5f53662.webp?width=416,57800,772,N/A,623,"February 20, 2026"
2026-08-20 03:32:38,Barsee Mocopala Kiloda,Barsee Mocopala KilodaKILO Quietly,https://audiomack.com/barsee-mocopala-kiloda/song/kilo-quietly,https://i.audiomack.com/krykayness/20953856f6.webp?width=416,298000,2400,N/A,3980,"May 25, 2024"
2026-08-20 03:32:41,Barsee Mocopala Kiloda,Barsee Mocopala KilodaYour Mouth_Barsee Mocopala Kiloda x Angel Michael_prod by_ Juice Beatz,https://audiomack.com/barsee-mocopala-kiloda/song/your-mouth-barsee-mocopala-kiloda-x-angel-michael-prod-by-juice-beatz,https://i.audiomack.com/krykayness/aefb1c519e.webp?width=416,100000,414,N/A,785,"November 14, 2019"
2026-08-20 03:32:45,Barsee Mocopala Kiloda,Barsee Mocopala KilodaBarsee_Mocopala_Kiloda_ Heaven Prod. By T Smile,https://audiomack.com/barsee-mocopala-kiloda/song/barsee-mocopala-kiloda-heaven-prod-by-t-smile,https://i.audiomack.com/krykayness/41f62991e7.webp?width=416,169000,1740,N/A,1410,"February 11, 2021"
2026-08-20 03:32:48,Barsee Mocopala Kiloda,Barsee Mocopala KilodaGun Talk_-_Master1,https://audiomack.com/barsee-mocopala-kiloda/song/gun-talk-master1,https://i.audiomack.com/barsee-mocopala-kiloda/812320651c.webp?width=416,80400,1,N/A,596,"March 9, 2019"
2026-08-20 03:32:51,Barsee Mocopala Kiloda,Barsee Mocopala KilodaBarsee_Rush_Route_PROD_TSMILE_BEAT,https://audiomack.com/barsee-mocopala-kiloda/song/barsee-rush-route-prod-tsmile-beat,https://i.audiomack.com/krykayness/41f62991e7.webp?width=416,122000,1450,N/A,1180,"February 11, 2021"
2026-08-20 03:32:55,Barsee Mocopala Kiloda,Barsee Mocopala KilodaLOFA County Allstar - We Ready Prod. @kizzywmusic,https://audiomack.com/barsee-mocopala-kiloda/song/lofa-county-allstar-we-ready-prod-kizzywmusic,https://i.audiomack.com/krykayness/9262f1168b.webp?width=416,351000,1620,N/A,4350,"January 14, 2020"
2026-08-20 03:32:58,Barsee Mocopala Kiloda,Barsee Mocopala KilodaBrakes   Pord. Kizzy W,https://audiomack.com/barsee-mocopala-kiloda/song/brakes-pord-kizzy-w,https://i.audiomack.com/krykayness/41f62991e7.webp?width=416,144000,1380,N/A,1370,"February 11, 2021"
2026-08-20 03:33:01,Barsee Mocopala Kiloda,Barsee Mocopala KilodaBarsee_-At Night Fall-[Prod J Nas Beatz],https://audiomack.com/barsee-mocopala-kiloda/song/barsee-at-night-fall-prod-j-nas-beatz,https://i.audiomack.com/krykayness/20620683bb.webp?width=416,209000,1830,N/A,2300,"November 13, 2024"
2026-08-20 03:33:04,Barsee Mocopala Kiloda,BARSEE MOCOPALA KILODAI BELIEVE,https://audiomack.com/barsee-mocopala-kiloda/song/belive-master,https://i.audiomack.com/barsee-mocopala-kiloda/7df5f53662.webp?width=416,41800,658,N/A,550,"February 20, 2026"
2026-08-20 03:33:08,Barsee Mocopala Kiloda,Barsee Mocopala KilodaBarsee-Kiloda-Feat.-Sylzee-Love-Me-4-Natin-Prod.-DJ-Magiic,https://audiomack.com/barsee-mocopala-kiloda/song/barsee-kiloda-feat-sylzee-love-me-4-natin-prod-dj-magiic,https://i.audiomack.com/krykayness/0e7b140f08.webp?width=416,82900,338,N/A,606,"November 13, 2019"
2026-08-20 03:33:11,Barsee Mocopala Kiloda,Barsee Mocopala KilodaNightfall II,https://audiomack.com/barsee-mocopala-kiloda/song/nightfall-ii,https://i.audiomack.com/krykayness/4f7500830b.webp?width=416,139000,1020,N/A,1360,"November 20, 2024"
2026-08-20 03:33:14,Barsee Mocopala Kiloda,Barsee Mocopala KilodaBarsee_Mocopala_Kiloda _JUST_CAME_ Prod By_Juice Beatz,https://audiomack.com/barsee-mocopala-kiloda/song/barsee-mocopala-kiloda-just-came-prod-by-juice-beatz,https://i.audiomack.com/krykayness/41f62991e7.webp?width=416,78400,1150,N/A,1070,"February 11, 2021"
2026-08-20 03:33:18,Barsee Mocopala Kiloda,Barsee Mocopala KilodaBarsee_Mocopala_Kiloda_ Lay_luyah Prod,https://audiomack.com/barsee-mocopala-kiloda/song/barsee-mocopala-kiloda-lay-luyah-prod,https://i.audiomack.com/krykayness/41f62991e7.webp?width=416,111000,1370,N/A,1190,"February 11, 2021"
2026-08-20 03:33:21,Barsee Mocopala Kiloda,Barsee Mocopala KilodaOff Neck_prod By _Juice Beatz   T Smile,https://audiomack.com/barsee-mocopala-kiloda/song/off-neck-prod-by-juice-beatz-t-smile,https://i.audiomack.com/krykayness/41f62991e7.webp?width=416,77900,1130,N/A,1140,"February 11, 2021"
2026-08-20 03:33:24,Barsee Mocopala Kiloda,Barsee Mocopala KilodaEveryday,https://audiomack.com/barsee-mocopala-kiloda/song/everyday-1,https://i.audiomack.com/barsee-mocopala-kiloda/18897062-1.webp?width=416,17400,150,N/A,97,"August 23, 2025"
2026-08-20 03:33:27,Barsee Mocopala Kiloda,Barsee Mocopala KilodaBarsee_Mocopala_Kiloda_ MoL _prod By_ Juice Beatz,https://audiomack.com/barsee-mocopala-kiloda/song/barsee-mocopala-kiloda-mol-prod-by-juice-beatz,https://i.audiomack.com/krykayness/41f62991e7.webp?width=416,76000,1100,N/A,1010,"February 11, 2021"
2026-08-20 03:33:31,Barsee Mocopala Kiloda,Barsee Mocopala KilodaTwasa_zootopia,https://audiomack.com/barsee-mocopala-kiloda/song/twasa-zootopia,https://i.audiomack.com/krykayness/1ffaddc04d.webp?width=416,66300,,N/A,528,"August 10, 2023"
2026-08-20 03:33:34,Barsee Mocopala Kiloda,Barsee Mocopala KilodaBarsee_ Mocopala_ Kiloda__HOPE_prod By_ Juice Beatz,https://audiomack.com/barsee-mocopala-kiloda/song/barsee-mocopala-kiloda-hope-prod-by-juice-beatz,https://i.audiomack.com/krykayness/41f62991e7.webp?width=416,63900,1050,N/A,1000,"February 11, 2021"
2026-08-20 03:33:39,Barsee Mocopala Kiloda,Barsee Mocopala KilodaBarsee_Mocopala_Kiloda_MY_STORY_prod By Jiuce Beatz,https://audiomack.com/barsee-mocopala-kiloda/song/barsee-mocopala-kiloda-my-story-prod-by-jiuce-beatz,https://i.audiomack.com/krykayness/41f62991e7.webp?width=416,95300,1230,N/A,1140,"February 11, 2021"
2026-08-20 03:33:42,Barsee Mocopala Kiloda,Barsee Mocopala KilodaBarsee_Mocopala_Kiloda_  U_REMEMBER  _prod By_Juice_Beatz,https://audiomack.com/barsee-mocopala-kiloda/song/barsee-mocopala-kiloda-u-remember-prod-by-juice-beatz,https://i.audiomack.com/krykayness/41f62991e7.webp?width=416,64000,1050,N/A,992,"February 11, 2021"
2026-08-20 03:33:46,Barsee Mocopala Kiloda,Barsee Mocopala KilodaDEEPER THEN OCEAN,https://audiomack.com/barsee-mocopala-kiloda/song/deeper-then-ocean,https://i.audiomack.com/krykayness/41f62991e7.webp?width=416,70500,1080,N/A,1050,"February 11, 2021"
2026-08-20 03:33:49,Barsee Mocopala Kiloda,Barsee Mocopala KilodaBarsee_Mocopala_Kiloda_ FEAST_ON,https://audiomack.com/barsee-mocopala-kiloda/song/barsee-mocopala-kiloda-feast-on,https://i.audiomack.com/krykayness/41f62991e7.webp?width=416,57000,1040,N/A,989,"February 11, 2021"
2026-08-20 03:33:52,Barsee Mocopala Kiloda,Barsee Mocopala KilodaBarsee_Mocopala_Kiloda_ Wanted Me To Fail Prod. By_Juice Beat   T Smile,https://audiomack.com/barsee-mocopala-kiloda/song/barsee-mocopala-kiloda-wanted-me-to-fail-prod-by-juice-beat-t-smile,https://i.audiomack.com/krykayness/41f62991e7.webp?width=416,57600,1000,N/A,962,"February 11, 2021"
2026-08-20 03:33:56,Barsee Mocopala Kiloda,Barsee Mocopala KilodaAUD-20200115-WA0002,https://audiomack.com/barsee-mocopala-kiloda/song/aud-20200115-wa0002,https://i.audiomack.com/krykayness/ffecd433f6.webp?width=416,49200,0002,N/A,336,"January 15, 2020"
2026-08-20 03:34:00,Barsee Mocopala Kiloda,Barsee Mocopala KilodaLove Addict,https://audiomack.com/barsee-mocopala-kiloda/song/love-addict,https://i.audiomack.com/krykayness/41f62991e7.webp?width=416,65900,1020,N/A,1040,"February 11, 2021"
2026-08-20 03:34:03,Barsee Mocopala Kiloda,Barsee Mocopala KilodaBarsee Mocopala Kiloda_ZERO LUV prod by _Juice Beatz(de Bassboi),https://audiomack.com/barsee-mocopala-kiloda/song/barsee-mocopala-kiloda-zero-luv-prod-by-juice-beatz-de-bassboi,https://i.audiomack.com/barsee-mocopala-kiloda/cc75ef6069.webp?width=416,34400,169,N/A,207,"July 6, 2019"
2026-08-20 03:34:06,Barsee Mocopala Kiloda,Barsee Mocopala KilodaCarbondioxide,https://audiomack.com/barsee-mocopala-kiloda/song/barsee-mocopala-kiloda-carbondioxide,https://i.audiomack.com/krykayness/40b0ff2844.webp?width=416,220000,1150,N/A,1740,"April 20, 2022"
2026-08-20 03:34:09,Barsee Mocopala Kiloda,Barsee Mocopala KilodaBarsee_ Mocopala Kiloda I_HUSTLE 5,https://audiomack.com/barsee-mocopala-kiloda/song/barsee-mocopala-kiloda-i-hustle-5,https://i.audiomack.com/krykayness/41f62991e7.webp?width=416,62500,5,N/A,1030,"February 11, 2021"
2026-08-20 03:34:13,Barsee Mocopala Kiloda,Barsee Mocopala KilodaEveryday,https://audiomack.com/barsee-mocopala-kiloda/song/everyday,https://i.audiomack.com/barsee-mocopala-kiloda/b8edf73a07.webp?width=416,165000,1790,N/A,1800,"August 23, 2025"
2026-08-20 03:34:16,Barsee Mocopala Kiloda,Barsee Mocopala KilodaBarsee_Mocopala_Kiloda_Don't_Move_prod By_ Juice Beatz,https://audiomack.com/barsee-mocopala-kiloda/song/barsee-mocopala-kiloda-dont-move-prod-by-juice-beatz,https://i.audiomack.com/krykayness/41f62991e7.webp?width=416,52100,976,N/A,974,"February 11, 2021"
2026-08-20 03:34:19,Barsee Mocopala Kiloda,Barsee Mocopala KilodaBarsee-Mocopala-Kiloda-Picture-On-The-Wall,https://audiomack.com/barsee-mocopala-kiloda/song/barsee-mocopala-kiloda-picture-on-the-wall,https://i.audiomack.com/barsee-mocopala-kiloda/394d40f3a2.webp?width=416,40100,206,N/A,307,"June 2, 2019"
2026-08-20 03:34:23,Barsee Mocopala Kiloda,Barsee Mocopala KilodaLoud Sound Prod_,https://audiomack.com/barsee-mocopala-kiloda/song/loud-sound-prod,https://i.audiomack.com/krykayness/41f62991e7.webp?width=416,52800,975,N/A,961,"February 11, 2021"
2026-08-20 03:34:26,Barsee Mocopala Kiloda,Barsee Mocopala KilodaBarsee_Mocopala_Kiloda_  POUR  _prod by_Juice_Beatz,https://audiomack.com/barsee-mocopala-kiloda/song/barsee-mocopala-kiloda-pour-prod-by-juice-beatz,https://i.audiomack.com/krykayness/41f62991e7.webp?width=416,53200,989,N/A,967,"February 11, 2021"
2026-08-20 03:34:30,Barsee Mocopala Kiloda,Barsee Mocopala KilodaBarsee_Mocopala_Kiloda_ Fire Master,https://audiomack.com/barsee-mocopala-kiloda/song/barsee-mocopala-kiloda-fire-master,https://i.audiomack.com/krykayness/41f62991e7.webp?width=416,51800,990,N/A,997,"February 11, 2021"
2026-08-20 03:34:36,Barsee Mocopala Kiloda,Barsee Mocopala KilodaRED SHOES,https://audiomack.com/barsee-mocopala-kiloda/song/red-shoes,https://i.audiomack.com/krykayness/a185e27e93.webp?width=416,118000,473,N/A,818,"July 16, 2021"
2026-08-20 03:34:40,Barsee Mocopala Kiloda,Barsee Mocopala KilodaBarsee_Mocopala_Kiloda_Focus_pro,https://audiomack.com/barsee-mocopala-kiloda/song/barsee-mocopala-kiloda-focus-pro,https://i.audiomack.com/krykayness/41f62991e7.webp?width=416,46200,938,N/A,961,"February 11, 2021"
2026-08-20 03:34:45,Barsee Mocopala Kiloda,Barsee Mocopala KILOkrykayDaCMIE,https://audiomack.com/barsee-mocopala-kiloda/song/cmie,https://i.audiomack.com/barsee-mocopala-kiloda/560d3bd657.webp?width=416,17300,96,N/A,101,"August 31, 2019"
2026-08-20 03:34:48,Barsee Mocopala Kiloda,Barsee Mocopala KilodaAUD-20191116-WA0003,https://audiomack.com/barsee-mocopala-kiloda/song/aud-20191116-wa0003,https://i.audiomack.com/krykayness/3403d23701.webp?width=416,32400,142,N/A,182,"November 17, 2019"
2026-08-20 03:34:51,Barsee Mocopala Kiloda,Barsee Mocopala KilodaElephant inks,https://audiomack.com/barsee-mocopala-kiloda/song/elephant-inks,https://i.audiomack.com/krykayness/20733b591a.webp?width=416,208000,1190,N/A,1820,"February 21, 2022"
2026-08-20 03:34:55,Barsee Mocopala Kiloda,Barsee Mocopala KilodaCrime watch II,https://audiomack.com/barsee-mocopala-kiloda/song/crime-watch-ii,https://i.audiomack.com/krykayness/73e829d120.webp?width=416,120000,845,N/A,1220,"November 9, 2024"
2026-08-20 03:34:59,Barsee Mocopala Kiloda,Barsee Mocopala KilodaMisbehave,https://audiomack.com/barsee-mocopala-kiloda/song/misbehives,https://i.audiomack.com/krykayness/d710914186.webp?width=416,92200,794,N/A,1350,"May 25, 2024"
2026-08-20 03:35:02,Barsee Mocopala Kiloda,Barsee Mocopala KilodaKilloda Enemy pray-1,https://audiomack.com/barsee-mocopala-kiloda/song/killoda-enemy-pray-1,https://i.audiomack.com/barsee-mocopala-kiloda/c1304a3a18.webp?width=416,35400,1,N/A,264,"July 22, 2019"
2026-08-20 03:35:05,Barsee Mocopala Kiloda,Barsee Mocopala KilodaKONKIN HAY,https://audiomack.com/barsee-mocopala-kiloda/song/konkin-hay,https://i.audiomack.com/krykayness/0ae1cdb9b2.webp?width=416,92900,836,N/A,905,"December 12, 2024"
2026-08-20 03:35:09,Barsee Mocopala Kiloda,Barsee Mocopala KilodaSize in toothpaste,https://audiomack.com/barsee-mocopala-kiloda/song/size-in-toothpaste,https://i.audiomack.com/krykayness/206cd0d736.webp?width=416,67500,324,N/A,464,"December 17, 2021"
2026-08-20 03:35:12,Barsee Mocopala Kiloda,Barsee Mocopala KilodaREDO FREESTYLE,https://audiomack.com/barsee-mocopala-kiloda/song/redo-freestyle,https://i.audiomack.com/krykayness/195269ae90.webp?width=416,91100,804,N/A,1250,"October 24, 2024"
2026-08-20 03:35:15,Barsee Mocopala Kiloda,Angel MichaelWifey material,https://audiomack.com/barsee-mocopala-kiloda/song/wifey-material,https://i.audiomack.com/krykayness/0b5c5169c6.webp?width=416,44100,192,N/A,194,"April 7, 2022"
2026-08-20 03:35:19,Barsee Mocopala Kiloda,Barsee Mocopala KilodaAUD-20200918-WA0012,https://audiomack.com/barsee-mocopala-kiloda/song/aud-20200918-wa0012,https://i.audiomack.com/krykayness/645125a96b.webp?width=416,23700,0012,N/A,163,"October 10, 2020"
2026-08-20 03:35:22,Barsee Mocopala Kiloda,Barsee Mocopala KilodaWar Island,https://audiomack.com/barsee-mocopala-kiloda/song/war-island,https://i.audiomack.com/krykayness/30554d360d.webp?width=416,25600,112,N/A,193,"December 22, 2020"
2026-08-20 03:35:25,Barsee Mocopala Kiloda,Barsee Mocopala KilodaWHO TAYKAY,https://audiomack.com/barsee-mocopala-kiloda/song/who-taykay,https://i.audiomack.com/krykayness/1860bf8a69.webp?width=416,24500,114,N/A,110,"October 2, 2021"
2026-08-20 03:35:29,Barsee Mocopala Kiloda,Barsee Mocopala Kilodakilo new song pre mix,https://audiomack.com/barsee-mocopala-kiloda/song/kilo-new-song-pre-mix,https://i.audiomack.com/barsee-mocopala-kiloda/03f82ff75e.webp?width=416,31600,147,N/A,211,"September 29, 2019"
2026-08-20 03:35:32,Barsee Mocopala Kiloda,Ba WestFEARLESS,https://audiomack.com/barsee-mocopala-kiloda/song/aud-20190309-wa0000,https://i.audiomack.com/barsee-mocopala-kiloda/80f87d041b.webp?width=416,14800,60,N/A,105,"March 9, 2019"
2026-08-20 03:35:38,Barsee Mocopala Kiloda,Barsee Mocopala KilodaAUD-20200530-WA0000,https://audiomack.com/barsee-mocopala-kiloda/song/aud-20200530-wa0000,https://i.audiomack.com/krykayness/6ad82a72b8.webp?width=416,18700,0000,N/A,122,"May 30, 2020"
2026-08-20 03:35:42,Barsee Mocopala Kiloda,Barsee Mocopala KilodaBIRTHDAY BOY,https://audiomack.com/barsee-mocopala-kiloda/song/birthday-boy,https://i.audiomack.com/krykayness/b0df7e97c4.webp?width=416,16400,73,N/A,89,"January 15, 2021"
2026-08-20 03:35:46,Barsee Mocopala Kiloda,Barsee Mocopala KilodaMY SOLDIER,https://audiomack.com/barsee-mocopala-kiloda/song/my-soldier,https://i.audiomack.com/krykayness/bb3cfeddd9.webp?width=416,12800,47,N/A,84,"November 5, 2020"
2026-08-20 03:36:06,Mr. Church,Mr. ChurchWake Up,https://audiomack.com/mr-church1/song/wake-up,https://i.audiomack.com/mr-church1/994c9352d6.webp?width=416,48000,957,N/A,380,"April 25, 2026"
2026-08-20 03:36:10,Mr. Church,Mr. ChurchIntro (Mpd),https://audiomack.com/mr-church1/song/intro-mpd,https://i.audiomack.com/mr-church1/994c9352d6.webp?width=416,54000,1030,N/A,398,"April 25, 2026"
2026-08-20 03:36:13,Mr. Church,Mr. ChurchGhetto,https://audiomack.com/mr-church1/song/ghetto,https://i.audiomack.com/mr-church1/994c9352d6.webp?width=416,33600,779,N/A,245,"April 25, 2026"
2026-08-20 03:36:16,Mr. Church,Mr. ChurchNobody Loyal,https://audiomack.com/mr-church1/song/nobody-loyal,https://i.audiomack.com/mr-church1/994c9352d6.webp?width=416,39200,808,N/A,314,"April 25, 2026"
2026-08-20 03:36:20,Mr. Church,Mr. ChurchLEY GEEZ,https://audiomack.com/mr-church1/song/ley-geez,https://i.audiomack.com/mr-church1/5974598367.webp?width=416,115000,B,N/A,1990,"December 5, 2025"
2026-08-20 03:36:23,Mr. Church,Mr. ChurchLet It Shine,https://audiomack.com/mr-church1/song/let-it-shine,https://i.audiomack.com/mr-church1/994c9352d6.webp?width=416,30800,758,N/A,230,"April 25, 2026"
2026-08-20 03:36:26,Mr. Church,Mr. ChurchAnubis,https://audiomack.com/mr-church1/song/anubis,https://i.audiomack.com/mr-church1/994c9352d6.webp?width=416,17200,650,N/A,179,"April 25, 2026"
2026-08-20 03:36:30,Mr. Church,Mr. ChurchMan 2 Man (Freestyle),https://audiomack.com/mr-church1/song/man-2-man-freestyle,https://i.audiomack.com/mr-church1/d012ddf240.webp?width=416,17300,259,N/A,64,"January 29, 2026"
2026-08-20 03:36:33,Mr. Church,Mr. ChurchCulture,https://audiomack.com/mr-church1/song/culture-church,https://i.audiomack.com/mr-church1/8cdf4b9cfc.webp?width=416,32299,796,N/A,182,"March 27, 2026"
2026-08-20 03:36:38,Mr. Church,Mr. ChurchHigher,https://audiomack.com/mr-church1/song/higher,https://i.audiomack.com/mr-church1/994c9352d6.webp?width=416,23200,23,N/A,163,"April 25, 2026"
2026-08-20 03:36:42,Mr. Church,Mr. ChurchOutro ADHD,https://audiomack.com/mr-church1/song/outro-adhd,https://i.audiomack.com/mr-church1/994c9352d6.webp?width=416,19500,610,N/A,164,"April 25, 2026"
2026-08-20 03:36:45,Mr. Church,Mr. ChurchTalk Abuh Ay,https://audiomack.com/mr-church1/song/talk-abor-ayy,https://i.audiomack.com/mr-church1/5f2bb89473.webp?width=416,56700,595,N/A,486,"May 11, 2025"
2026-08-20 03:36:48,Mr. Church,Mr. ChurchMy Strength,https://audiomack.com/mr-church1/song/my-strength,https://i.audiomack.com/mr-church1/b80cf10e48.webp?width=416,4240,179,N/A,24,"July 10, 2026"
2026-08-20 03:36:52,Mr. Church,Mr. ChurchLiberian Girl,https://audiomack.com/mr-church1/song/liberian-girl,https://i.audiomack.com/mr-church1/98cee1f667.webp?width=416,17600,311,N/A,89,"February 14, 2026"
2026-08-20 03:36:55,Mr. Church,Mr. ChurchElephant Hunt,https://audiomack.com/mr-church1/song/elephant-hunt-mr-church,https://i.audiomack.com/mr-church1/16c00e1fbc.webp?width=416,117000,1110,N/A,1000,"November 10, 2024"
2026-08-20 03:36:58,Mr. Church,Mr. ChurchUnique,https://audiomack.com/mr-church1/song/unique,https://i.audiomack.com/churchboi-jackson-music/a773fa5798.webp?width=416,77900,744,N/A,836,"May 29, 2023"
2026-08-20 03:37:01,Mr. Church,Mr. ChurchRest In Pieces,https://audiomack.com/mr-church1/song/rest-in-pieces,https://i.audiomack.com/mr-church1/f8a2159d5b.webp?width=416,154000,1710,N/A,1220,"April 12, 2024"
2026-08-20 03:37:05,Mr. Church,Mr. ChurchTWASAddicts,https://audiomack.com/mr-church1/song/twasaddicts,https://i.audiomack.com/mr-church1/6496624c62.webp?width=416,66400,731,N/A,485,"November 20, 2024"
2026-08-20 03:37:08,Mr. Church,Mr. ChurchMy Zone,https://audiomack.com/mr-church1/song/my-zone,https://i.audiomack.com/mr-church1/63015d3123.webp?width=416,93300,1180,N/A,1500,"March 21, 2025"
2026-08-20 03:37:11,Mr. Church,Mr. ChurchHuman,https://audiomack.com/mr-church1/song/human,https://i.audiomack.com/mr-church1/400b612eef.webp?width=416,54400,904,N/A,531,"November 15, 2024"
2026-08-20 03:37:15,Mr. Church,Mr. ChurchEvil lurks,https://audiomack.com/mr-church1/song/evil-lurks,https://i.audiomack.com/churchboi-jackson-music/1d38d2071b.webp?width=416,42800,373,N/A,353,"April 14, 2023"
2026-08-20 03:37:18,Mr. Church,Mr. ChurchTWASAddicts 2,https://audiomack.com/mr-church1/song/twasaddicts-2,https://i.audiomack.com/mr-church1/4395cece47.webp?width=416,45500,2,N/A,334,"November 20, 2024"
2026-08-20 03:37:21,Mr. Church,Mr. ChurchCrazy People,https://audiomack.com/mr-church1/song/crazy-people,https://i.audiomack.com/mr-church1/d296eb5e55.webp?width=416,22600,301,N/A,178,"September 26, 2024"
2026-08-20 03:37:24,Mr. Church,Mr. ChurchReady or Not (Freestyle),https://audiomack.com/mr-church1/song/ready-or-not-freestyle,https://i.audiomack.com/mr-church1/74c1ed2890.webp?width=416,7960,152,N/A,63,"October 4, 2025"
2026-08-20 03:37:28,Mr. Church,Mr. ChurchDo Like Me,https://audiomack.com/mr-church1/song/do-like-me,https://i.audiomack.com/mr-church1/412bbdcba6.webp?width=416,15000,266,N/A,177,"April 14, 2025"
2026-08-20 03:37:31,Mr. Church,Mr. ChurchHeavyweight Champ,https://audiomack.com/mr-church1/song/heavyweight-champ,https://i.audiomack.com/mr-church1/9fd19f0465.webp?width=416,55900,851,N/A,531,"April 30, 2024"
2026-08-20 03:37:34,Mr. Church,Mr. ChurchMisunderstood,https://audiomack.com/mr-church1/song/misunderstood,https://i.audiomack.com/mr-church1/24970dca1c.webp?width=416,8270,195,N/A,82,"July 11, 2025"
2026-08-20 03:37:42,Mr. Church,Mr. ChurchI'm  Blessed,https://audiomack.com/mr-church1/song/im-blessed,https://i.audiomack.com/churchboi-jackson-music/9779ebab20.webp?width=416,18100,201,N/A,240,"May 17, 2021"
2026-08-20 03:37:45,Mr. Church,Mr. ChurchSquid Game,https://audiomack.com/mr-church1/song/squid-game,https://i.audiomack.com/mr-church1/b7791fe221.webp?width=416,15300,333,N/A,244,"July 8, 2024"
2026-08-20 03:37:49,Mr. Church,DNY_ft_Gusta_&_Mr. ChurchUnity(County_Meet),https://audiomack.com/mr-church1/song/unitycounty-meet,https://i.audiomack.com/mr-church1/2946c041db.webp?width=416,49900,411,N/A,645,"April 3, 2024"
2026-08-20 03:37:52,Mr. Church,Mr. ChurchTherapy,https://audiomack.com/mr-church1/song/therapy,https://i.audiomack.com/churchboi-jackson-music/f271aa929d.webp?width=416,13400,199,N/A,240,"January 29, 2023"
2026-08-20 03:37:55,Mr. Church,Mr. ChurchThe Basics (Freestyle),https://audiomack.com/mr-church1/song/the-basics-freestyle,https://i.audiomack.com/mr-church1/940e03936a.webp?width=416,4510,78,N/A,34,"August 29, 2025"
2026-08-20 03:37:58,Mr. Church,Mr. ChurchLet It Go,https://audiomack.com/mr-church1/song/let-it-go,https://i.audiomack.com/mr-church1/56b7e9be85.webp?width=416,21300,453,N/A,227,"May 22, 2024"
2026-08-20 03:38:02,Mr. Church,Mr. ChurchParadigm Shift,https://audiomack.com/mr-church1/song/paradigm-shift,https://i.audiomack.com/churchboi-jackson-music/33349d4340.webp?width=416,17200,187,N/A,225,"January 14, 2021"
2026-08-20 03:38:05,Mr. Church,Mr. ChurchPeople (Open Verse),https://audiomack.com/mr-church1/song/people-oven-verse,https://i.audiomack.com/churchboi-jackson-music/bb0be716cd.webp?width=416,20700,177,N/A,249,"February 5, 2023"
2026-08-20 03:38:08,Mr. Church,Mr. ChurchChristmas Story ( Joy to the world),https://audiomack.com/mr-church1/song/christmas-story-joy-to-the-world,https://i.audiomack.com/churchboi-jackson-music/425ee2d4fc.webp?width=416,13100,177,N/A,145,"December 22, 2021"
2026-08-20 03:38:11,Mr. Church,Mr. ChurchHennessy Freestyle,https://audiomack.com/mr-church1/song/hennessy-freestyle,https://i.audiomack.com/mr-church1/08177ff610.webp?width=416,8109,151,N/A,70,"January 9, 2025"
2026-08-20 03:38:31,Natif,NatifRaining season,https://audiomack.com/natif/song/raining-season,https://i.audiomack.com/natif/1a918d7c7a.webp?width=416,9160,209,N/A,27,"August 4, 2026"
2026-08-20 03:38:34,Natif,NatifWoo,https://audiomack.com/natif/song/woo,https://i.audiomack.com/natif/2c85a873d2.webp?width=416,33300,420,N/A,183,"April 10, 2026"
2026-08-20 03:38:38,Natif,NatifHmm,https://audiomack.com/natif/song/hmm,https://i.audiomack.com/natif/7b9dda84b6.webp?width=416,376000,2290,N/A,2710,"August 18, 2025"
2026-08-20 03:38:43,Natif,NatifI Do,https://audiomack.com/natif/song/i-do,https://i.audiomack.com/iportay/ca2c9af32e.webp?width=416,142000,801,N/A,1440,"March 10, 2022"
2026-08-20 03:38:46,Natif,NatifTaxi Driver,https://audiomack.com/natif/song/taxi-driver,https://i.audiomack.com/natif/76ae5d31a9.webp?width=416,46600,516,N/A,225,"December 12, 2025"
2026-08-20 03:38:49,Natif,NatifPromise,https://audiomack.com/natif/song/8-promise-ft-j-slught,https://i.audiomack.com/iportay-official/36775810d1.webp?width=416,213000,1610,N/A,2760,"July 11, 2023"
2026-08-20 03:38:53,Natif,NatifEVERY BODY,https://audiomack.com/natif/song/every-body,https://i.audiomack.com/natif/5d21fd2848.webp?width=416,51800,367,N/A,429,"February 15, 2025"
2026-08-20 03:38:56,Natif,NatifWhat's Love,https://audiomack.com/natif/song/1-whats-love,https://i.audiomack.com/iportay-official/36775810d1.webp?width=416,353000,2650,N/A,5720,"July 11, 2023"
2026-08-20 03:38:59,Natif,NatifHmmm,https://audiomack.com/natif/song/hmmm,https://i.audiomack.com/natif/19323520-c.webp?width=416,39600,214,N/A,196,"September 24, 2025"
2026-08-20 03:39:02,Natif,NatifBluffing,https://audiomack.com/natif/song/3-bluffing-ft-ipm-x-kingstore,https://i.audiomack.com/iportay-official/36775810d1.webp?width=416,51000,404,N/A,418,"July 11, 2023"
2026-08-20 03:39:06,Natif,NatifLike,https://audiomack.com/natif/song/7-like-ft-eric-geso,https://i.audiomack.com/iportay-official/36775810d1.webp?width=416,66100,501,N/A,583,"July 11, 2023"
2026-08-20 03:39:09,Natif,Natifi Happy,https://audiomack.com/natif/song/i-happy,https://i.audiomack.com/natif/6898914931.webp?width=416,99300,719,N/A,963,"July 11, 2025"
2026-08-20 03:39:12,Natif,NatifSarah,https://audiomack.com/natif/song/4-sarah,https://i.audiomack.com/iportay-official/36775810d1.webp?width=416,49300,403,N/A,442,"July 11, 2023"
2026-08-20 03:39:15,Natif,NatifPure Water,https://audiomack.com/natif/song/2-pure-water-ft-favor-dominion,https://i.audiomack.com/iportay-official/36775810d1.webp?width=416,61700,436,N/A,440,"July 11, 2023"
2026-08-20 03:39:19,Natif,NatifStory,https://audiomack.com/natif/song/story,https://i.audiomack.com/natif/524d01518f.webp?width=416,10300,70,N/A,90,"February 15, 2021"
2026-08-20 03:39:22,Natif,Natifos,https://audiomack.com/natif/song/os,https://i.audiomack.com/iportay-official/36775810d1.webp?width=416,36100,321,N/A,362,"July 11, 2023"
2026-08-20 03:39:25,Natif,NatifSingle,https://audiomack.com/natif/song/6-single,https://i.audiomack.com/iportay-official/36775810d1.webp?width=416,49700,380,N/A,414,"July 11, 2023"
2026-08-20 03:39:28,Natif,NatifTrue,https://audiomack.com/natif/song/5-true-ft-raquel,https://i.audiomack.com/iportay-official/36775810d1.webp?width=416,88600,811,N/A,1040,"July 11, 2023"
2026-08-20 03:39:32,Natif,NatifMate,https://audiomack.com/natif/song/9-mate,https://i.audiomack.com/iportay-official/36775810d1.webp?width=416,38600,343,N/A,404,"July 11, 2023"
2026-08-20 03:39:35,Natif,NatifCounty Meet,https://audiomack.com/natif/song/audio-2022-11-15-19-02-23,https://i.audiomack.com/iportay/178ef26a9b.webp?width=416,9830,59,N/A,60,"November 16, 2022"
2026-08-20 03:39:42,Natif,NatifHand up,https://audiomack.com/natif/song/hand-up,https://i.audiomack.com/iportay/4108a2fc20.webp?width=416,17800,63,N/A,82,"March 8, 2022"
2026-08-20 03:39:46,Natif,Natifbad dream,https://audiomack.com/natif/song/bad-dream,https://i.audiomack.com/natif/db85600db9.webp?width=416,5300,35,N/A,34,"February 17, 2021"
2026-08-20 03:39:49,Natif,NatifLover Boi,https://audiomack.com/natif/song/10-lover-boi,https://i.audiomack.com/iportay-official/36775810d1.webp?width=416,33000,312,N/A,365,"July 11, 2023"
2026-08-20 03:39:53,Natif,NatifLA SOME THERE,https://audiomack.com/natif/song/la-some-there,https://i.audiomack.com/natif/c40c22e02e.webp?width=416,4710,28,N/A,49,"February 17, 2021"
2026-08-20 03:39:56,Natif,NatifDon't Argue,https://audiomack.com/natif/song/dont-argue,https://i.audiomack.com/natif/179084b4ae.webp?width=416,62400,732,N/A,1160,"September 26, 2024"
2026-08-20 03:39:59,Natif,Natifvawulence,https://audiomack.com/natif/song/vawulence,https://i.audiomack.com/iportay/6d1165c2f4.webp?width=416,31400,174,N/A,140,"December 26, 2022"
2026-08-20 03:40:03,Natif,NatifCALL POLICE,https://audiomack.com/natif/song/call-police,https://i.audiomack.com/iportay/84c2bea0f4.webp?width=416,17100,76,N/A,99,"August 25, 2022"
2026-08-20 03:40:06,Natif,NatifBAD MUSIC,https://audiomack.com/natif/song/bad-music,https://i.audiomack.com/iportay/08e845b64e.webp?width=416,6370,34,N/A,31,"March 21, 2022"
2026-08-20 03:40:09,Natif,NatifShay,https://audiomack.com/natif/song/shay,https://i.audiomack.com/iportay/08e845b64e.webp?width=416,33200,147,N/A,183,"October 12, 2022"
2026-08-20 03:40:13,Natif,Natif X IPMWe Move,https://audiomack.com/natif/song/we-move,https://i.audiomack.com/natif/cda0246f4f.webp?width=416,4130,22,N/A,19,"June 12, 2021"
2026-08-20 03:40:16,Natif,NatifUmjeleh,https://audiomack.com/natif/song/13222413,https://i.audiomack.com/natif/4d9f55b1f6.webp?width=416,13300,63,N/A,37,"April 23, 2021"
2026-08-20 03:40:19,Natif,NatifRACK (Prod. Mz Exclusive),https://audiomack.com/natif/song/rack-prod-mz-exclusive,https://i.audiomack.com/iportay/210c805017.webp?width=416,12700,59,N/A,72,"March 18, 2023"
2026-08-20 03:40:36,Lil More,Lil MoreOn Lay Liquor,https://audiomack.com/LilMore/song/on-lay-liquor,https://i.audiomack.com/LilMore/237dbc2e63.webp?width=416,222000,2560,N/A,1290,"July 24, 2026"
2026-08-20 03:40:41,Lil More,Lil MoreLa God Oh,https://audiomack.com/LilMore/song/la-god-oh,https://i.audiomack.com/LilMore/40379746e9.webp?width=416,337000,3240,N/A,2680,"June 19, 2026"
2026-08-20 03:40:45,Lil More,Lil MoreAyy Hurting Dem,https://audiomack.com/LilMore/song/ayy-hurting-dem,https://i.audiomack.com/lilmore24gmailcom/a148d3af8b.webp?width=416,1490000,7450,N/A,17500,"May 4, 2024"
2026-08-20 03:40:48,Lil More,Lil. MoreKpor Kpor,https://audiomack.com/LilMore/song/kpor-kpor,https://i.audiomack.com/LilMore/19235339-c.webp?width=416,723000,5350,N/A,9430,"October 3, 2025"
2026-08-20 03:40:51,Lil More,Lil. MoreI Like Myself,https://audiomack.com/LilMore/song/i-like-myself,https://i.audiomack.com/LilMore/2482b03b95.webp?width=416,316000,2690,N/A,3000,"December 26, 2025"
2026-08-20 03:40:54,Lil More,Lil MoreOhh,https://audiomack.com/LilMore/song/ohh,https://i.audiomack.com/lilmore24gmailcom/18208480-c.webp?width=416,697000,5670,N/A,6090,"July 14, 2025"
2026-08-20 03:40:58,Lil More,Lil MoreLiL-More-Bluffer-joe-1,https://audiomack.com/LilMore/song/lil-more-bluffer-joe-1,https://i.audiomack.com/lilmore24gmailcom/4a4f9163a5.webp?width=416,107000,1,N/A,1500,"April 17, 2023"
2026-08-20 03:41:01,Lil More,Lil MoreLil-More-People-Cover,https://audiomack.com/LilMore/song/lil-more-people-cover,https://i.audiomack.com/lilmore24gmailcom/4a4f9163a5.webp?width=416,92400,957,N/A,927,"April 17, 2023"
2026-08-20 03:41:04,Lil More,Lil MoreChampion,https://audiomack.com/LilMore/song/champion,https://i.audiomack.com/lilmore24gmailcom/48bf7c24b4.webp?width=416,173000,1660,N/A,2200,"April 4, 2025"
2026-08-20 03:41:08,Lil More,Lil MoreLil-More--Dought-mp3,https://audiomack.com/LilMore/song/lil-more-dought-mp3,https://i.audiomack.com/lilmore24gmailcom/4a4f9163a5.webp?width=416,26100,3,N/A,339,"April 17, 2023"
2026-08-20 03:41:11,Lil More,Lil MoreLIL-MORE-_-My-Way-_-Via_www.soundliberia.com_,https://audiomack.com/LilMore/song/lil-more-my-way-via-wwwsoundliberiacom,https://i.audiomack.com/lilmore24gmailcom/4a4f9163a5.webp?width=416,44500,629,N/A,465,"April 17, 2023"
2026-08-20 03:41:14,Lil More,Lil MoreLil-More-Love-me,https://audiomack.com/LilMore/song/lil-more-love-me,https://i.audiomack.com/lilmore24gmailcom/4a4f9163a5.webp?width=416,31000,546,N/A,388,"April 17, 2023"
2026-08-20 03:41:17,Lil More,Lil MoreLil-More_Forever-_Cover,https://audiomack.com/LilMore/song/lil-more-forever-cover,https://i.audiomack.com/lilmore24gmailcom/4a4f9163a5.webp?width=416,30200,533,N/A,372,"April 17, 2023"
2026-08-20 03:41:21,Lil More,Lil MoreLil.More-ft-Mag-Man-Double-double-1,https://audiomack.com/LilMore/song/lilmore-ft-mag-man-double-double-1,https://i.audiomack.com/lilmore24gmailcom/4a4f9163a5.webp?width=416,38000,1,N/A,430,"April 17, 2023"
2026-08-20 03:41:24,Lil More,Lil MoreIn My Hay,https://audiomack.com/LilMore/song/in-my-hay,https://i.audiomack.com/lilmore24gmailcom/7f76c9c89b.webp?width=416,20500,163,N/A,183,"September 17, 2023"
2026-08-20 03:41:43,Writerman Willy,Writerman WillyMama,https://audiomack.com/writerman_willy/song/mama,https://i.audiomack.com/writerman_willy/3ccc7d7636.webp?width=416,140000,1490,N/A,1940,"August 19, 2025"
2026-08-20 03:41:48,Writerman Willy,Writerman WillyHallelu,https://audiomack.com/writerman_willy/song/hallelu,https://i.audiomack.com/writerman_willy/ce8adabb83.webp?width=416,47300,285,N/A,849,"February 20, 2026"
2026-08-20 03:41:51,Writerman Willy,Writerman WillyGlaypor's Favorite,https://audiomack.com/writerman_willy/song/glaypors-favorite,https://i.audiomack.com/writerman_willy/71fbd6bcf3.webp?width=416,3720,68,N/A,26,"June 27, 2026"
2026-08-20 03:41:55,Writerman Willy,Writerman WillyJubilee,https://audiomack.com/writerman_willy/song/jubilee,https://i.audiomack.com/writerman_willy/19402885-5.webp?width=416,63400,421,N/A,992,"September 30, 2025"
2026-08-20 03:41:58,Writerman Willy,Writerman WillyPurple & Speed,https://audiomack.com/writerman_willy/song/purple-speed,https://i.audiomack.com/writerman-willy/eccf6f6e0f.webp?width=416,95700,673,N/A,1020,"April 19, 2024"
2026-08-20 03:42:01,Writerman Willy,Writerman WillyFine People Big Woman,https://audiomack.com/writerman_willy/song/fine-people-big-woman,https://i.audiomack.com/writerman_willy/17840712-5.webp?width=416,90600,844,N/A,1420,"June 21, 2025"
2026-08-20 03:42:04,Writerman Willy,Writerman WillyTaken,https://audiomack.com/writerman_willy/song/taken,https://i.audiomack.com/writerman_willy/84c3a50eb4.webp?width=416,8430,131,N/A,43,"April 22, 2026"
2026-08-20 03:42:08,Writerman Willy,Writerman WillyMore,https://audiomack.com/writerman_willy/song/more,https://i.audiomack.com/writerman_willy/81875b68ed.webp?width=416,84800,840,N/A,1120,"October 11, 2024"
2026-08-20 03:42:11,Writerman Willy,Writerman Willy90 Years Guarantee,https://audiomack.com/writerman_willy/song/90-years-guarantee,https://i.audiomack.com/writerman_willy/14938984-5.webp?width=416,152000,1400,N/A,5260,"January 10, 2025"
2026-08-20 03:42:14,Writerman Willy,Writerman-WillyFire,https://audiomack.com/writerman_willy/song/fire,https://i.audiomack.com/writerman_willy/13618689-5.webp?width=416,46200,318,N/A,426,"December 16, 2023"
2026-08-20 03:42:17,Writerman Willy,Writerman WillyAmaze Me,https://audiomack.com/writerman_willy/song/amaze-me,https://i.audiomack.com/writerman-willy/e79beb5906.webp?width=416,27800,473,N/A,710,"July 19, 2024"
2026-08-20 03:42:21,Writerman Willy,Writerman-WillyPurple & Speed,https://audiomack.com/writerman_willy/song/purple-speed-1,https://i.audiomack.com/writerman_willy/13698580-5.webp?width=416,1270,16,N/A,3,"April 19, 2024"
2026-08-20 03:42:24,Writerman Willy,Writerman WillyWilly Day Issa Holiday,https://audiomack.com/writerman_willy/song/willy-day-issa-holiday,https://i.audiomack.com/writerman-willy/7764c161b9.webp?width=416,14900,99,N/A,113,"January 26, 2024"
2026-08-20 03:42:27,Writerman Willy,Writerman-WillyMiracle,https://audiomack.com/writerman_willy/song/miracle,https://i.audiomack.com/writerman_willy/13562682-5.webp?width=416,6780,66,N/A,62,"June 16, 2023"
2026-08-20 03:42:30,Writerman Willy,Writerman WillyMore,https://audiomack.com/writerman_willy/song/more-1,https://i.audiomack.com/writerman_willy/13398798-5.webp?width=416,2650,27,N/A,36,"October 11, 2024"
2026-08-20 03:42:34,Writerman Willy,WriterMan WillyThe Most,https://audiomack.com/writerman_willy/song/the-most,https://i.audiomack.com/writerman-willy/b6a85f5534.webp?width=416,3210,24,N/A,37,"July 8, 2023"
2026-08-20 03:42:37,Writerman Willy,Writerman-WillyThe Most,https://audiomack.com/writerman_willy/song/the-most-1,https://i.audiomack.com/writerman_willy/13498179-5.webp?width=416,654,7,N/A,6,"July 4, 2022"
2026-08-20 03:42:40,Writerman Willy,Writerman WillyAmaze Me,https://audiomack.com/writerman_willy/song/amaze-me-1,https://i.audiomack.com/writerman_willy/13755225-5.webp?width=416,737,5,N/A,14,"July 19, 2024"
2026-08-20 03:42:43,Writerman Willy,Writerman WillyCelebration (Freestyle),https://audiomack.com/writerman_willy/song/celebration,https://i.audiomack.com/writerman-willy/c038f2f13a.webp?width=416,7660,87,N/A,50,"July 26, 2023"
2026-08-20 03:43:05,Kpanto,KpantoFRIEND,https://audiomack.com/kpanto_/song/friend,https://i.audiomack.com/kpanto_/1b0166d703.webp?width=416,423000,3280,N/A,5050,"November 14, 2024"
2026-08-20 03:43:09,Kpanto,KpantoMy charger,https://audiomack.com/kpanto_/song/my-charger,https://i.audiomack.com/kpantoskinnyboi/0f361641b9.webp?width=416,285000,K,N/A,1680,"May 14, 2022"
2026-08-20 03:43:12,Kpanto,Kpanto02.Kpanto Ft PCK   Dey Say (Prod By Kpanto),https://audiomack.com/kpanto_/song/02kpanto-ft-pck-dey-say-prod-by-kpanto,https://i.audiomack.com/skinnyboi-kpanto-skinnyking/8da964b39f.webp?width=416,83800,502,N/A,817,"May 14, 2021"
2026-08-20 03:43:15,Kpanto,KpantoDon't Rape Me,https://audiomack.com/kpanto_/song/kpanto-dont-rape-me-rape-part-1-prod-by-kpanto,https://i.audiomack.com/skinnyboi-kpanto-skinnyking/8e23d7b141.webp?width=416,81600,382,N/A,625,"August 23, 2020"
2026-08-20 03:43:18,Kpanto,KpantoPrayer Request,https://audiomack.com/kpanto_/song/15307802,https://i.audiomack.com/skinnyboi-kpanto-skinnyking/cec85d8ffe.webp?width=416,94900,520,N/A,905,"September 24, 2021"
2026-08-20 03:43:22,Kpanto,KpantoWe Outside,https://audiomack.com/kpanto_/song/kpanto-we-outside,https://i.audiomack.com/kpantoskinnyboi/57602ac0ab.webp?width=416,201000,1190,N/A,1480,"May 14, 2022"
2026-08-20 03:43:25,Kpanto,KpantoCommunity Thin,https://audiomack.com/kpanto_/song/03-kpanto-ft-badman-h-community-thin-prod-by-afo4doe,https://i.audiomack.com/skinnyboi-kpanto-skinnyking/8da964b39f.webp?width=416,49300,341,N/A,600,"May 14, 2021"
2026-08-20 03:43:28,Kpanto,KpantoAfrican Woman,https://audiomack.com/kpanto_/song/african-woman,https://i.audiomack.com/kpanto_/a8158f9fc9.webp?width=416,296000,2450,N/A,4520,"August 10, 2024"
2026-08-20 03:43:31,Kpanto,Kpanto12. KPANTO FT Takun J   Come Down (prod By A.fo4doe),https://audiomack.com/kpanto_/song/12-kpanto-ft-takun-j-come-down-prod-by-afo4doe,https://i.audiomack.com/skinnyboi-kpanto-skinnyking/8da964b39f.webp?width=416,43000,294,N/A,601,"May 14, 2021"
2026-08-20 03:43:35,Kpanto,KpantoDey Say,https://audiomack.com/kpanto_/song/13111651,https://i.audiomack.com/skinnyboi-kpanto-skinnyking/385280299e.webp?width=416,52700,199,N/A,378,"April 13, 2021"
2026-08-20 03:43:38,Kpanto,Kpantofluckor,https://audiomack.com/kpanto_/song/kpanto-fluckor-prod-by-kpanto,https://i.audiomack.com/skinnyboi-kpanto-skinnyking/06c048c82e.webp?width=416,63900,300,N/A,473,"July 17, 2020"
2026-08-20 03:43:45,Kpanto,KpantoDrinking Party,https://audiomack.com/kpanto_/song/kpanto-ft-cic-drinking-party,https://i.audiomack.com/kpantoskinnyboi/57602ac0ab.webp?width=416,80400,827,N/A,808,"May 14, 2022"
2026-08-20 03:43:48,Kpanto,PAGE NOT FOUND,https://audiomack.com/kpanto_/song/kpanto-i-made-it,N/A,N/A,N/A,N/A,N/A,N/A
2026-08-20 03:43:51,Kpanto,KpantoSAD,https://audiomack.com/kpanto_/song/sad,https://i.audiomack.com/_kpanto/0d29d0367a.webp?width=416,202000,978,N/A,1180,"September 30, 2022"
2026-08-20 03:43:55,Kpanto,KpantoKpanto   My Story (Prod By Kpanto),https://audiomack.com/kpanto_/song/01kpanto-my-story-prod-by-kpanto,https://i.audiomack.com/skinnyboi-kpanto-skinnyking/8da964b39f.webp?width=416,40800,326,N/A,532,"May 14, 2021"
2026-08-20 03:43:58,Kpanto,KpantoMy Ex,https://audiomack.com/kpanto_/song/my-ex,https://i.audiomack.com/kpanto_/8e7e4e0a94.webp?width=416,461000,1960,N/A,2570,"April 14, 2023"
2026-08-20 03:44:01,Kpanto,KpantoZoGo,https://audiomack.com/kpanto_/song/kpanto-ft-zogo-rapboy-zogo-prod-by-kpanto,https://i.audiomack.com/skinnyboi-kpanto-skinnyking/7714daaa45.webp?width=416,115000,967,N/A,774,"May 14, 2022"
2026-08-20 03:44:04,Kpanto,KpantoTake off trouser,https://audiomack.com/kpanto_/song/kpanto-take-off-trouser,https://i.audiomack.com/skinnyboi-kpanto-skinnyking/f1555c7dd0.webp?width=416,33700,169,N/A,303,"August 18, 2020"
2026-08-20 03:44:08,Kpanto,Kpanto09. KPANTO   Summer Yor ( Prod By A.Fo4doe),https://audiomack.com/kpanto_/song/09-kpanto-summer-yor-prod-by-afo4doe,https://i.audiomack.com/skinnyboi-kpanto-skinnyking/8da964b39f.webp?width=416,16000,159,N/A,308,"May 14, 2021"
2026-08-20 03:44:11,Kpanto,KpantoInfront them,https://audiomack.com/kpanto_/song/kpanto-infront-them-prod-by-afo4doe,https://i.audiomack.com/skinnyboi-kpanto-skinnyking/b4695b253d.webp?width=416,30600,144,N/A,354,"November 2, 2020"
2026-08-20 03:44:14,Kpanto,KpantoGrass to Grace,https://audiomack.com/kpanto_/song/grass-to-grace,https://i.audiomack.com/kpanto_/85c782b58c.webp?width=416,414000,2780,N/A,4720,"March 11, 2023"
2026-08-20 03:44:18,Kpanto,Kpanto04. KPANTO Ft Paradise Queen   Serious Tin (Prod By Kpanto),https://audiomack.com/kpanto_/song/04-kpanto-ft-paradise-queen-serious-tin-prod-by-kpanto,https://i.audiomack.com/skinnyboi-kpanto-skinnyking/8da964b39f.webp?width=416,18000,190,N/A,306,"May 14, 2021"
2026-08-20 03:44:21,Kpanto,Kpanto05. KPANTO   La Dem (Prod By Kpanto),https://audiomack.com/kpanto_/song/05-kpanto-la-dem-prod-by-kpanto,https://i.audiomack.com/skinnyboi-kpanto-skinnyking/8da964b39f.webp?width=416,19700,201,N/A,351,"May 14, 2021"
2026-08-20 03:44:24,Kpanto,KpantoWe Na Equal,https://audiomack.com/kpanto_/song/we-na-equal,https://i.audiomack.com/kpanto_/d5b624a322.webp?width=416,420000,3290,N/A,6290,"July 28, 2023"
2026-08-20 03:44:27,Kpanto,Kpanto06. KPANTO   Lay Tin Money Can Do (Prod By Kpanto),https://audiomack.com/kpanto_/song/06-kpanto-lay-tin-money-can-do-prod-by-kpanto,https://i.audiomack.com/skinnyboi-kpanto-skinnyking/8da964b39f.webp?width=416,18000,187,N/A,332,"May 14, 2021"
2026-08-20 03:44:31,Kpanto,KpantoI Can't Kill Myself,https://audiomack.com/kpanto_/song/kpanto-i-cant-kill-myself,https://i.audiomack.com/kpantoskinnyboi/57602ac0ab.webp?width=416,77900,757,N/A,747,"May 14, 2022"
2026-08-20 03:44:34,Kpanto,KpantoDisrespeckay(Small ToTo),https://audiomack.com/kpanto_/song/disrespeckaysmall-toto,https://i.audiomack.com/kpanto_/5b7a6ef1e9.webp?width=416,42500,464,N/A,338,"July 12, 2025"
2026-08-20 03:44:37,Kpanto,KpantoAway,https://audiomack.com/kpanto_/song/away,https://i.audiomack.com/kpanto_/a37e42937d.webp?width=416,370000,2430,N/A,4130,"November 25, 2023"
2026-08-20 03:44:42,Kpanto,KpantoWalking Naked,https://audiomack.com/kpanto_/song/kpanto-walking-naked-prod-by-a,https://i.audiomack.com/kpantoskinnyboi/57602ac0ab.webp?width=416,48800,690,N/A,600,"May 14, 2022"
2026-08-20 03:44:47,Kpanto,Kpanto10. KPANTO   Vamit N Lick It (Prod By Kpanto),https://audiomack.com/kpanto_/song/10-kpanto-vamit-n-lick-it-prod-by-kpanto,https://i.audiomack.com/skinnyboi-kpanto-skinnyking/8da964b39f.webp?width=416,12700,161,N/A,283,"May 14, 2021"
2026-08-20 03:44:50,Kpanto,KpantoMy Baby,https://audiomack.com/kpanto_/song/kpantoft-badman-my-baby,https://i.audiomack.com/kpantoskinnyboi/57602ac0ab.webp?width=416,50000,634,N/A,535,"May 14, 2022"
2026-08-20 03:44:54,Kpanto,KpantoSide Chick,https://audiomack.com/kpanto_/song/kpanto-side-chick,https://i.audiomack.com/kpantoskinnyboi/57602ac0ab.webp?width=416,44100,604,N/A,543,"May 14, 2022"
2026-08-20 03:44:57,Kpanto,KpantoUp and Down,https://audiomack.com/kpanto_/song/up-and-down,https://i.audiomack.com/skinnyboi-kpanto-skinnyking/271c84d6da.webp?width=416,16800,83,N/A,139,"May 16, 2020"
2026-08-20 03:45:00,Kpanto,KpantoI Here Na,https://audiomack.com/kpanto_/song/kpanto-i-here-na,https://i.audiomack.com/kpantoskinnyboi/57602ac0ab.webp?width=416,61200,710,N/A,540,"May 14, 2022"
2026-08-20 03:45:03,Kpanto,Kpanto13. KPANTO FT PRIMEBOY   Sin La Sin (Prod By Kpanto),https://audiomack.com/kpanto_/song/13-kpanto-ft-primeboy-sin-la-sin-prod-by-kpanto,https://i.audiomack.com/skinnyboi-kpanto-skinnyking/8da964b39f.webp?width=416,11400,161,N/A,283,"May 14, 2021"
2026-08-20 03:45:07,Kpanto,Kpanto14. KPANTO FT Revelation   A.fo4doe   Mandingo Priest   La U ( Prod By A.Fo,https://audiomack.com/kpanto_/song/14-kpanto-ft-revelation-afo4doe-mandingo-priest-la-u-prod-by-afo,https://i.audiomack.com/skinnyboi-kpanto-skinnyking/8da964b39f.webp?width=416,14000,158,N/A,286,"May 14, 2021"
2026-08-20 03:45:10,Kpanto,KpantoSpeak in Tongue,https://audiomack.com/kpanto_/song/kpanto-speak-in-tongue-prod-by-afo4doe,https://i.audiomack.com/skinnyboi-kpanto-skinnyking/f12e664b88.webp?width=416,24700,118,N/A,163,"September 5, 2020"
2026-08-20 03:45:13,Kpanto,KpantoHonourable Freestyle,https://audiomack.com/kpanto_/song/honourable-freestyle,https://i.audiomack.com/kpanto_/6c64c85c3f.webp?width=416,214000,1650,N/A,2700,"April 7, 2024"
2026-08-20 03:45:16,Kpanto,KpantoKpanto - Ellen Time ( Prod By Kpanto) 1,https://audiomack.com/kpanto_/song/kpanto-ellen-time-prod-by-kpanto-1,https://i.audiomack.com/skinnyboi-kpanto-skinnyking/9376595180.webp?width=416,34600,1,N/A,285,"April 16, 2020"
2026-08-20 03:45:20,Kpanto,KpantoEnter Their Eyes,https://audiomack.com/kpanto_/song/kpanto-enter-their-eyes,https://i.audiomack.com/kpantoskinnyboi/57602ac0ab.webp?width=416,35100,557,N/A,476,"May 14, 2022"
2026-08-20 03:45:23,Kpanto,KpantoKpanto---Pepper,https://audiomack.com/kpanto_/song/kpanto-pepper,https://i.audiomack.com/kpantoskinnyboi/57602ac0ab.webp?width=416,43300,594,N/A,507,"May 14, 2022"
2026-08-20 03:45:26,Kpanto,Kpanto07. KPANTO   Hide Man (prod By Kpanto),https://audiomack.com/kpanto_/song/07-kpanto-hide-man-prod-by-kpanto,https://i.audiomack.com/skinnyboi-kpanto-skinnyking/8da964b39f.webp?width=416,15400,169,N/A,323,"May 14, 2021"
2026-08-20 03:45:29,Kpanto,KpantoBig playa,https://audiomack.com/kpanto_/song/big-playa,https://i.audiomack.com/kpanto_/c6bfe7662c.webp?width=416,210000,1050,N/A,1010,"December 25, 2022"
2026-08-20 03:45:33,Kpanto,Kpanto08. KPANTO   Again (Prod By A.Fo4doe),https://audiomack.com/kpanto_/song/08-kpanto-again-prod-by-afo4doe,https://i.audiomack.com/skinnyboi-kpanto-skinnyking/8da964b39f.webp?width=416,11500,151,N/A,273,"May 14, 2021"
2026-08-20 03:45:36,Kpanto,KpantoNo Running  Away,https://audiomack.com/kpanto_/song/kpanto-ft-harmonize-no-running-away,https://i.audiomack.com/kpantoskinnyboi/57602ac0ab.webp?width=416,42700,653,N/A,535,"May 14, 2022"
2026-08-20 03:45:40,Kpanto,KpantoLa Geez,https://audiomack.com/kpanto_/song/lah-geez,https://i.audiomack.com/kpanto_/b0995f6f40.webp?width=416,297000,1190,N/A,1770,"May 27, 2023"
2026-08-20 03:45:45,Kpanto,Kpanto15. KPANTO   La Satan (Prod By A.Fo4doe),https://audiomack.com/kpanto_/song/15-kpanto-la-satan-prod-by-afo4doe,https://i.audiomack.com/skinnyboi-kpanto-skinnyking/8da964b39f.webp?width=416,12100,159,N/A,307,"May 14, 2021"
2026-08-20 03:45:49,Kpanto,KpantoUse Me,https://audiomack.com/kpanto_/song/kpanto-ft-khali-mode-use-me,https://i.audiomack.com/kpantoskinnyboi/57602ac0ab.webp?width=416,32600,564,N/A,463,"May 14, 2022"
2026-08-20 03:45:52,Kpanto,KpantoKpanto---Skin-tight,https://audiomack.com/kpanto_/song/kpanto-skin-tight,https://i.audiomack.com/kpantoskinnyboi/57602ac0ab.webp?width=416,36600,571,N/A,482,"May 14, 2022"
2026-08-20 03:45:55,Kpanto,KpantoU Know God,https://audiomack.com/kpanto_/song/kpanto-u-know-god,https://i.audiomack.com/kpantoskinnyboi/57602ac0ab.webp?width=416,32500,564,N/A,470,"May 14, 2022"
2026-08-20 03:45:58,Kpanto,KpantoLove For Lay Tin,https://audiomack.com/kpanto_/song/love-for-lay-tin,https://i.audiomack.com/kpanto_/9fc3a4aac5.webp?width=416,242000,1870,N/A,3270,"December 25, 2023"
2026-08-20 03:46:02,Kpanto,KpantoI Looking Stupid To Enh,https://audiomack.com/kpanto_/song/i-looking-stupid-to-enh,https://i.audiomack.com/skinnyboi-kpanto-skinnyking/85f8254032.webp?width=416,36100,176,N/A,283,"August 16, 2021"
2026-08-20 03:46:05,Kpanto,KpantoKPANTO FT Badman H - Community Thing,https://audiomack.com/kpanto_/song/kpanto-ft-badman-h-community-thing,https://i.audiomack.com/skinnyboi-kpanto-skinnyking/c15eac1c5c.webp?width=416,14500,64,N/A,60,"May 9, 2021"
2026-08-20 03:46:08,Kpanto,KpantoYaa Yoo Yoo Yaa (Ayy hurting dem),https://audiomack.com/kpanto_/song/kpanto-yaa-yoo-yoo-yaa-ayy-hurting-dem-prod-by-kpanto,https://i.audiomack.com/skinnyboi-kpanto-skinnyking/f4b2832c2d.webp?width=416,25700,124,N/A,121,"March 17, 2022"
2026-08-20 03:46:12,Kpanto,KpantoEnemies,https://audiomack.com/kpanto_/song/kpanto-enemies-prod-by-afo4doe360p,https://i.audiomack.com/skinnyboi-kpanto-skinnyking/49378deb95.webp?width=416,20200,104,N/A,123,"November 17, 2021"
2026-08-20 03:46:15,Kpanto,KpantoKpanto - Streetz Commadents,https://audiomack.com/kpanto_/song/kpanto-streetz-commadents,https://i.audiomack.com/skinnyboi-kpanto-skinnyking/929a37187d.webp?width=416,9150,39,N/A,70,"April 16, 2020"
2026-08-20 03:46:18,Kpanto,KpantoSell ur Market,https://audiomack.com/kpanto_/song/sell-ur-market,https://i.audiomack.com/kpanto_/b6cf4baf40.webp?width=416,126000,668,N/A,595,"March 11, 2023"
2026-08-20 03:46:21,Kpanto,Kpanto and Mr PresidentI Don't,https://audiomack.com/kpanto_/song/i-dont,https://i.audiomack.com/kpanto_/6bb03fee5e.webp?width=416,73300,484,N/A,911,"August 19, 2023"
2026-08-20 03:46:25,Kpanto,KpantoAunty Ehh u see it Enh,https://audiomack.com/kpanto_/song/kpanto-aunty-ehh-u-see-it-enh-prod-by-afo4doe,https://i.audiomack.com/skinnyboi-kpanto-skinnyking/bf88940d71.webp?width=416,11000,64,N/A,56,"January 26, 2022"
2026-08-20 03:46:47,Boifatty,BOIFATTYAmma,https://audiomack.com/boifattyofficial/song/amma,https://i.audiomack.com/boifattyofficial/7f6563f5f8.webp?width=416,293000,2500,N/A,4430,"December 5, 2025"
2026-08-20 03:46:51,Boifatty,BoifattyPolay in Money,https://audiomack.com/boifattyofficial/song/polay-in-money,https://i.audiomack.com/boifattyofficial/18619931-c.webp?width=416,403000,3640,N/A,4019,"August 15, 2025"
2026-08-20 03:46:54,Boifatty,BOIFATTYAfter Love La What,https://audiomack.com/boifattyofficial/song/after-love-la-what,https://i.audiomack.com/boifattyofficial/17595323-c.webp?width=416,76300,711,N/A,1270,"June 12, 2025"
2026-08-20 03:46:58,Boifatty,BoifattyPeace of mind,https://audiomack.com/boifattyofficial/song/peace-of-mind,https://i.audiomack.com/boifattyofficial/d8e5c76f8b.webp?width=416,113000,533,N/A,547,"May 6, 2022"
2026-08-20 03:47:02,Boifatty,BoifattyIt's Over,https://audiomack.com/boifattyofficial/song/its-over,https://i.audiomack.com/boifattyofficial/b98566b91b.webp?width=416,320000,2210,N/A,3230,"March 15, 2023"
2026-08-20 03:47:05,Boifatty,BoifattyRagga,https://audiomack.com/boifattyofficial/song/ragga,https://i.audiomack.com/boifattyofficial/ae243e520e.webp?width=416,13100,95,N/A,99,"January 28, 4800"
2026-08-20 03:47:08,Boifatty,BoifattyKill Dem,https://audiomack.com/boifattyofficial/song/kill-dem,https://i.audiomack.com/boifattyofficial/8e3f9f265d.webp?width=416,11700,68,N/A,111,"September 20, 2019"
2026-08-20 03:47:11,Boifatty,BoifattyTo You I Pray,https://audiomack.com/boifattyofficial/song/to-you-i-pray,https://i.audiomack.com/boifattyofficial/46b6062335.webp?width=416,136000,1810,N/A,2990,"July 16, 2024"
2026-08-20 03:47:15,Boifatty,BoifattyNimba show face,https://audiomack.com/boifattyofficial/song/nimba-show-face,https://i.audiomack.com/boifattyofficial/0113468440.webp?width=416,34500,130,N/A,84,"December 16, 2022"
2026-08-20 03:47:18,Boifatty,BoifattyDown,https://audiomack.com/boifattyofficial/song/down-1,https://i.audiomack.com/boifattyofficial/3cac8fd3c3.webp?width=416,237000,1180,N/A,994,"January 13, 2023"
2026-08-20 03:47:21,Boifatty,BoifattySleeping Here,https://audiomack.com/boifattyofficial/song/sleeping-here,https://i.audiomack.com/boifattyofficial/4fbdd30786.webp?width=416,75200,630,N/A,942,"April 11, 2024"
2026-08-20 03:47:25,Boifatty,BOIFATTYEx's Lie,https://audiomack.com/boifattyofficial/song/exs-lie,https://i.audiomack.com/boifattyofficial/e9668fd9e6.webp?width=416,97900,531,N/A,812,"June 1, 2023"
2026-08-20 03:47:28,Boifatty,BoifattyLiquor Good,https://audiomack.com/boifattyofficial/song/liquor-good,https://i.audiomack.com/boifattyofficial/89ee0fdcf2.webp?width=416,7890,56,N/A,83,"January 13, 2020"
2026-08-20 03:47:31,Boifatty,BoifattyShut up,https://audiomack.com/boifattyofficial/song/shut-up,https://i.audiomack.com/boifattyofficial/91de001876.webp?width=416,19300,75,N/A,122,"March 11, 2019"
2026-08-20 03:47:34,Boifatty,BoifattyGana_Gana,https://audiomack.com/boifattyofficial/song/gana-gana,https://i.audiomack.com/boifattyofficial/5f4aa0bc3f.webp?width=416,85200,1150,N/A,2270,"November 1, 2024"
2026-08-20 03:47:38,Boifatty,BoifattyPeace of Mind,https://audiomack.com/boifattyofficial/song/peace-of-mine,https://i.audiomack.com/boifattyofficial/2b802652aa.webp?width=416,483,2,N/A,4,"May 22, 2022"
2026-08-20 03:47:41,Boifatty,BoifattyLiberia,https://audiomack.com/boifattyofficial/song/liberia,https://i.audiomack.com/boifattyofficial/61ed14f651.webp?width=416,19000,97,N/A,100,"March 4, 2022"
2026-08-20 03:47:45,Boifatty,BoifattyTurn Up freestyle episode3,https://audiomack.com/boifattyofficial/song/turn-up-freestyle-episode3,https://i.audiomack.com/flexzzBeat/c34013d707.webp?width=416,8790,41,N/A,48,"May 12, 2020"
2026-08-20 03:47:50,Boifatty,BoifattyMy Eyes Dim,https://audiomack.com/boifattyofficial/song/my-eyes-dim,https://i.audiomack.com/boifattyofficial/2d8b3d019b.webp?width=416,65200,320,N/A,449,"January 29, 2000"
2026-08-20 03:47:54,Boifatty,BoifattyI Swearrrr,https://audiomack.com/boifattyofficial/song/iswearrr,https://i.audiomack.com/flexzzBeat/37e788af8f.webp?width=416,20300,95,N/A,139,"March 6, 2021"
2026-08-20 03:47:57,Boifatty,BoifattyThank You,https://audiomack.com/boifattyofficial/song/thank-you,https://i.audiomack.com/boifattyofficial/1fb9f4be3d.webp?width=416,5980,46,N/A,69,"November 22, 2019"
2026-08-20 03:48:00,Boifatty,BoifattyIts Over,https://audiomack.com/boifattyofficial/song/its-over-2703782,https://i.audiomack.com/boifattyofficial/2e2c29d031.webp?width=416,348,6,N/A,7,"March 15, 2023"
2026-08-20 03:48:03,Boifatty,BoifattyI Swearrrrr,https://audiomack.com/boifattyofficial/song/i-swearrrrr-8618921,https://i.audiomack.com/boifattyofficial/747f920b01.webp?width=416,306,4,N/A,4,"March 5, 2021"
2026-08-20 03:48:07,Boifatty,BoifattySide Chick War,https://audiomack.com/boifattyofficial/song/side-chick-war-8292661,https://i.audiomack.com/boifattyofficial/6520efc26c.webp?width=416,295,3,N/A,4,"July 28, 2022"
2026-08-20 03:48:13,Boifatty,BoifattyI Geh Feelings,https://audiomack.com/boifattyofficial/song/i-geh-feelings,https://i.audiomack.com/boifattyofficial/441913f659.webp?width=416,8890,139,N/A,138,"February 14, 2025"
2026-08-20 03:48:17,Boifatty,BoifattyNot the one,https://audiomack.com/boifattyofficial/song/not-the-one,https://i.audiomack.com/boifattyofficial/9c3e7ba74e.webp?width=416,11200,173,N/A,141,"August 16, 2024"
2026-08-20 03:48:20,Boifatty,BOIFATTYWho Win,https://audiomack.com/boifattyofficial/song/who-win,https://i.audiomack.com/boifattyofficial/8742831-co.webp?width=416,20600,231,N/A,336,"November 3, 2023"
2026-08-20 03:48:23,Boifatty,BOIFATTYEating,https://audiomack.com/boifattyofficial/song/eating,https://i.audiomack.com/boifattyofficial/8742833-co.webp?width=416,26600,353,N/A,435,"November 3, 2023"
2026-08-20 03:48:27,Boifatty,BoifattyWe know,https://audiomack.com/boifattyofficial/song/we-know,https://i.audiomack.com/boifattyofficial/a9c09e7a81.webp?width=416,46500,427,N/A,500,"August 23, 2023"
2026-08-20 03:48:30,Boifatty,Boifattywoman baney,https://audiomack.com/boifattyofficial/song/woman-baney,https://i.audiomack.com/boifattyofficial/b7f4adf1a9.webp?width=416,5460,35,N/A,26,"October 28, 2022"
2026-08-20 03:48:33,Boifatty,BoifattySide Chick War,https://audiomack.com/boifattyofficial/song/side-chick-war,https://i.audiomack.com/boifattyofficial/5a2aaaf75a.webp?width=416,35900,136,N/A,169,"August 2, 2022"
2026-08-20 03:48:36,Boifatty,BoifattySituation I Can't Handle,https://audiomack.com/boifattyofficial/song/situation-i-cant-handle-8210554,https://i.audiomack.com/boifattyofficial/39359878cb.webp?width=416,283,4,N/A,3,"June 11, 2021"
2026-08-20 03:48:40,Boifatty,BOIFATTYWe Know,https://audiomack.com/boifattyofficial/song/we-know-1,https://i.audiomack.com/boifattyofficial/8081592-co.webp?width=416,550,7,N/A,5,"August 22, 2023"
2026-08-20 03:48:43,Boifatty,BoifattyDown,https://audiomack.com/boifattyofficial/song/down-6176898,https://i.audiomack.com/boifattyofficial/38bffc7c15.webp?width=416,309,3,N/A,11,"January 13, 2023"
2026-08-20 03:48:49,Boifatty,BoifattyLevel,https://audiomack.com/boifattyofficial/song/level,https://i.audiomack.com/flexzzbeatz-lamah/8ac0c9ebd8.webp?width=416,6490,24,N/A,42,"June 1, 2019"
2026-08-20 03:48:53,Boifatty,BOIFATTYWoman Baney,https://audiomack.com/boifattyofficial/song/woman-baney-1,https://i.audiomack.com/boifattyofficial/5048250-co.webp?width=416,634,6,N/A,5,"October 25, 2022"
2026-08-20 03:48:56,Boifatty,BoifattySuper,https://audiomack.com/boifattyofficial/song/super,https://i.audiomack.com/boifattyofficial/68a087ceb3.webp?width=416,5540,36,N/A,32,"January 5, 2022"
2026-08-20 03:48:59,Boifatty,BoifattyTurn Up Freestyle episode 2,https://audiomack.com/boifattyofficial/song/turn-up-freestyle-episode-2,https://i.audiomack.com/flexzzBeat/c8225684b2.webp?width=416,1280,2,N/A,11,"May 1, 2020"
2026-08-20 03:49:02,Boifatty,BoifattyTurn up - [Prod by Flexzzbeatz,https://audiomack.com/boifattyofficial/song/turn-up-prod-by-flexzzbeatz,https://i.audiomack.com/flexzzBeat/f17c3c5afb.webp?width=416,1250,11,N/A,11,"April 26, 2020"
2026-08-20 03:49:06,Boifatty,BoifattyAyy Open,https://audiomack.com/boifattyofficial/song/ayy-open,https://i.audiomack.com/boifattyofficial/a11d6e5c90.webp?width=416,2640,16,N/A,22,"June 22, 2020"
2026-08-20 03:49:09,Boifatty,BoifattySituation I Can't Handle,https://audiomack.com/boifattyofficial/song/situation-i-cant-handle,https://i.audiomack.com/boifattyofficial/138a0e001c.webp?width=416,24700,92,N/A,117,"June 11, 2021"
2026-08-20 03:49:12,Boifatty,BoifattyOkay,https://audiomack.com/boifattyofficial/song/okay,https://i.audiomack.com/boifattyofficial/6fa4b6bb9c.webp?width=416,2630,23,N/A,23,"June 7, 2019"
2026-08-20 03:49:15,Boifatty,BoifattyKill Dem,https://audiomack.com/boifattyofficial/song/kill-dem-3830448,https://i.audiomack.com/boifattyofficial/f77fd3b9e2.webp?width=416,1,N/A,N/A,N/A,"September 20, 2019"
2026-08-20 03:49:34,Bucky Raw,Bucky rawBaby Born Baby,https://audiomack.com/buckyraw/song/baby-born-baby,https://i.audiomack.com/bucky-raw-6a3d3814a95f2/7befcce2f2.webp?width=416,207000,1580,N/A,1720,"July 10, 2026"
2026-08-20 03:49:38,Bucky Raw,Bucky RawAfrican Baddies,https://audiomack.com/buckyraw/song/african-baddies,https://i.audiomack.com/buckyraw/a3e669c5fd.webp?width=416,916000,5870,N/A,6430,"December 9, 2025"
2026-08-20 03:49:41,Bucky Raw,Bucky RawJeh Leh Y’all,https://audiomack.com/buckyraw/song/jeh-leh-yall,https://i.audiomack.com/buckyraw-1/648f48eb68.webp?width=416,355000,1620,N/A,3350,"June 18, 2020"
2026-08-20 03:49:45,Bucky Raw,Bucky RawWay Out - Bucky Raw x Holy Moe ft Tieahboy,https://audiomack.com/buckyraw/song/6a11da9c5a69e,https://i.audiomack.com/buckyraw/9dac36b713.webp?width=416,157000,1220,N/A,1570,"May 23, 2026"
2026-08-20 03:49:50,Bucky Raw,Bucky RawOld me,https://audiomack.com/buckyraw/song/6941d42a7bebc,https://i.audiomack.com/buckyraw/c0267f77b9.webp?width=416,402000,3290,N/A,3460,"December 16, 2025"
2026-08-20 03:49:54,Bucky Raw,Bucky RawOver Thinking,https://audiomack.com/buckyraw/song/over-thinking,https://i.audiomack.com/buckyraw/b5afb50b02.webp?width=416,18800,289,N/A,87,"June 19, 2026"
2026-08-20 03:49:57,Bucky Raw,Bucky RawCOMPLAIN,https://audiomack.com/buckyraw/song/complain,https://i.audiomack.com/buckyraw/dc7ba32aa3.webp?width=416,19200,350,N/A,82,"June 11, 2026"
2026-08-20 03:50:01,Bucky Raw,Bucky RawAmen,https://audiomack.com/buckyraw/song/amen,https://i.audiomack.com/buckyraw-1/bf7555614f.webp?width=416,113000,464,N/A,737,"June 18, 2020"
2026-08-20 03:50:04,Bucky Raw,Bucky RawBucky Raw - Blessed (ft. Lyrical Blaq_Prod. Razzi Xi),https://audiomack.com/buckyraw/song/68f111fe8b5e0,https://i.audiomack.com/buckyraw/f8375658ac.webp?width=416,112000,856,N/A,706,"October 17, 2025"
2026-08-20 03:50:07,Bucky Raw,Bucky RawThank You,https://audiomack.com/buckyraw/song/thank-you,https://i.audiomack.com/buckyraw-1/060184ec19.webp?width=416,124000,353,N/A,858,"June 18, 2020"
2026-08-20 03:50:11,Bucky Raw,Bucky RawDo I,https://audiomack.com/buckyraw/song/do-i,https://i.audiomack.com/buckyraw/f48ceacc71.webp?width=416,349000,3090,N/A,4280,"February 9, 2024"
2026-08-20 03:50:14,Bucky Raw,Bucky RawGo Down,https://audiomack.com/buckyraw/song/go-down,https://i.audiomack.com/buckyraw-1/07ede38d9d.webp?width=416,157000,678,N/A,1020,"February 10, 2021"
2026-08-20 03:50:17,Bucky Raw,Bucky RawStill Me,https://audiomack.com/buckyraw/song/still-me,https://i.audiomack.com/buckyraw/e784604e12.webp?width=416,65900,536,N/A,413,"August 15, 2025"
2026-08-20 03:50:21,Bucky Raw,Bucky RawEat My Own,https://audiomack.com/buckyraw/song/eat-my-own,https://i.audiomack.com/buckyraw/32706f9713.webp?width=416,213000,1760,N/A,2530,"April 30, 2024"
2026-08-20 03:50:24,Bucky Raw,Bucky RawRapper Pa 2,https://audiomack.com/buckyraw/song/rapper-pa-2,https://i.audiomack.com/buckyraw/b105a2c8eb.webp?width=416,157000,2,N/A,2650,"July 12, 2024"
2026-08-20 03:50:27,Bucky Raw,Bucky RawRapper PA,https://audiomack.com/buckyraw/song/rapper-pa,https://i.audiomack.com/buckyraw/d07cc828d4.webp?width=416,183000,1710,N/A,2270,"April 9, 2024"
2026-08-20 03:50:30,Bucky Raw,Bucky RawBucky La Baby,https://audiomack.com/buckyraw/song/bucky-la-baby,https://i.audiomack.com/buckyraw/34c50976d4.webp?width=416,146000,1490,N/A,2110,"May 21, 2024"
2026-08-20 03:50:34,Bucky Raw,Bucky rawlaho remix,https://audiomack.com/buckyraw/song/laho-remix,https://i.audiomack.com/buckyraw/66d9958055.webp?width=416,37100,311,N/A,236,"June 3, 2025"
2026-08-20 03:50:37,Bucky Raw,Bucky RawMedicine,https://audiomack.com/buckyraw/song/medicine,https://i.audiomack.com/buckyraw-1/f45868b196.webp?width=416,146000,467,N/A,920,"July 3, 2020"
2026-08-20 03:50:40,Bucky Raw,Bucky RawPractice That,https://audiomack.com/buckyraw/song/practice-that,https://i.audiomack.com/buckyraw/0ee548b7ff.webp?width=416,103000,1040,N/A,1380,"March 18, 2024"
2026-08-20 03:50:43,Bucky Raw,Bucky RawBaynay,https://audiomack.com/buckyraw/song/baynay,https://i.audiomack.com/--censored--/censored-2.webp?width=416,55700,176,N/A,381,"June 18, 2020"
2026-08-20 03:50:47,Bucky Raw,Bucky RawDice,https://audiomack.com/buckyraw/song/dice,https://i.audiomack.com/buckyraw-1/b66f99c647.webp?width=416,104000,484,N/A,591,"November 20, 2021"
2026-08-20 03:50:51,Bucky Raw,CSELD for LD,https://audiomack.com/buckyraw/song/ld-for-ld,https://i.audiomack.com/buckyraw/60a0369ee3.webp?width=416,82800,803,N/A,1530,"June 27, 2024"
2026-08-20 03:50:55,Bucky Raw,Bucky RawCelebrate,https://audiomack.com/buckyraw/song/celebrate,https://i.audiomack.com/buckyraw/81176f87e9.webp?width=416,94800,1090,N/A,1790,"July 19, 2024"
2026-08-20 03:50:58,Bucky Raw,Bucky RawFine Girl,https://audiomack.com/buckyraw/song/fine-girl,https://i.audiomack.com/buckyraw-1/675276c0c1.webp?width=416,44600,247,N/A,293,"February 11, 2022"
2026-08-20 03:51:01,Bucky Raw,Bucky RawLoading Freestyle,https://audiomack.com/buckyraw/song/loading-freestyle,https://i.audiomack.com/buckyraw-1/e88e9c00a0.webp?width=416,41700,188,N/A,298,"November 24, 2021"
2026-08-20 03:51:05,Bucky Raw,Bucky RawKilometer,https://audiomack.com/buckyraw/song/kilometer,https://i.audiomack.com/buckyraw-1/8672750bf8.webp?width=416,53700,197,N/A,257,"May 22, 2021"
2026-08-20 03:51:08,Bucky Raw,BUCKY RAWMedicine (Instrumental),https://audiomack.com/buckyraw/song/medicine-instrumental,https://i.audiomack.com/buckyraw-1/7561b00e22.webp?width=416,14900,62,N/A,59,"August 19, 2020"
2026-08-20 03:51:11,Bucky Raw,CSEZaza,https://audiomack.com/buckyraw/song/zaza,https://i.audiomack.com/buckyraw-1/c983327e8e.webp?width=416,30800,167,N/A,134,"November 20, 2021"
2026-08-20 03:51:28,KOBAZZIE,KobazzieCall God,https://audiomack.com/kobazziee/song/kobazzie-call-god-prod-by-beatz-vampire,https://i.audiomack.com/kobazziee/90ac9cafb3.webp?width=416,1340000,8640,N/A,22200,"September 28, 2023"
2026-08-20 03:51:32,KOBAZZIE,KobazzieMy Friend?,https://audiomack.com/kobazziee/song/my-friend,https://i.audiomack.com/kobazziee/14388071-7.webp?width=416,406000,3410,N/A,5040,"November 28, 2024"
2026-08-20 03:51:35,KOBAZZIE,KobazzieAm back,https://audiomack.com/kobazziee/song/am-back,https://i.audiomack.com/kobazziee/18535880-7.webp?width=416,244000,2810,N/A,2870,"August 4, 2025"
2026-08-20 03:51:38,KOBAZZIE,KOBAZZIEPam Pam,https://audiomack.com/kobazziee/song/pam-pam,https://i.audiomack.com/kobazziee/699a991cc3.webp?width=416,41700,584,N/A,235,"February 20, 2026"
2026-08-20 03:51:41,KOBAZZIE,KobazzieBounce (Remix),https://audiomack.com/kobazziee/song/bounce-remix,https://i.audiomack.com/kobazziee/2dc52b4cac.webp?width=416,131000,187,N/A,735,"March 3, 2019"
2026-08-20 03:51:46,KOBAZZIE,KOBAZZIEKill a Man,https://audiomack.com/kobazziee/song/kill-a-man,https://i.audiomack.com/kobazziee/f684b52597.webp?width=416,206000,1290,N/A,1440,"December 30, 2022"
2026-08-20 03:51:50,KOBAZZIE,KobazzieEveryday,https://audiomack.com/kobazziee/song/everyday,https://i.audiomack.com/kobazziee/f23c9ed9cd.webp?width=416,164000,678,N/A,998,"September 24, 2021"
2026-08-20 03:51:53,KOBAZZIE,KobazzieJohnny Calling,https://audiomack.com/kobazziee/song/johnny-callin,https://i.audiomack.com/kobazziee/e12975c2d5.webp?width=416,274000,2690,N/A,3610,"May 5, 2024"
2026-08-20 03:51:57,KOBAZZIE,Kobazzie featuring Bucky RawParty,https://audiomack.com/kobazziee/song/party,https://i.audiomack.com/kobazziee/711248bc31.webp?width=416,128000,578,N/A,812,"December 17, 2021"
2026-08-20 03:52:00,KOBAZZIE,KobazziePro Poor LIfe,https://audiomack.com/kobazziee/song/pro-poor-life,https://i.audiomack.com/kobazziee/8a7423a457.webp?width=416,10000,49,N/A,97,"May 13, 2019"
2026-08-20 03:52:03,KOBAZZIE,KOBAZZIEWetin U Wan Do,https://audiomack.com/kobazziee/song/wetin-u-wan-do,https://i.audiomack.com/kobazziee/c950f069a2.webp?width=416,220000,1340,N/A,1870,"September 15, 2023"
2026-08-20 03:52:06,KOBAZZIE,KOBAZZIERespect urself,https://audiomack.com/kobazziee/song/respecturself,https://i.audiomack.com/kobazziee/202a7ac499.webp?width=416,123000,407,N/A,585,"June 30, 2021"
2026-08-20 03:52:10,KOBAZZIE,KobazzieCall God [Speed Up],https://audiomack.com/kobazziee/song/call-god-speed-up,https://i.audiomack.com/kobazziee/90ac9cafb3.webp?width=416,95600,584,N/A,1060,"September 28, 2023"
2026-08-20 03:52:13,KOBAZZIE,KobazzieEnjoyment,https://audiomack.com/kobazziee/song/enjoyment,https://i.audiomack.com/kobazziee/4414f6f58e.webp?width=416,47700,185,N/A,285,"August 13, 2020"
2026-08-20 03:52:16,KOBAZZIE,KobazzieGo Low,https://audiomack.com/kobazziee/song/go-low,https://i.audiomack.com/kobazziee/a09cb3f2fd.webp?width=416,106000,815,N/A,1160,"November 18, 2022"
2026-08-20 03:52:19,KOBAZZIE,KobazzieEntanglement,https://audiomack.com/kobazziee/song/entanglement,https://i.audiomack.com/kobazzie-1/96397c3d53.webp?width=416,54800,106,N/A,288,"August 7, 2020"
2026-08-20 03:52:41,J Slught,J SlughtAll Because of  You,https://audiomack.com/jslughtofficial/song/all-because-of-you,https://i.audiomack.com/jslughtofficial/c4105d77d2.webp?width=416,784000,4370,N/A,5400,"August 7, 2026"
2026-08-20 03:52:44,J Slught,J SlughtSpecial Design,https://audiomack.com/jslughtofficial/song/special-design,https://i.audiomack.com/jslughtofficial/18265332-c.webp?width=416,676000,4610,N/A,6980,"July 18, 2025"
2026-08-20 03:52:49,J Slught,J SlughtOh My Love,https://audiomack.com/jslughtofficial/song/oh-my-love-1,https://i.audiomack.com/jslughtofficial/ea40c75390.webp?width=416,1270000,7630,N/A,17300,"September 9, 2022"
2026-08-20 03:52:52,J Slught,J SlughtIf,https://audiomack.com/jslughtofficial/song/if,https://i.audiomack.com/jslughtofficial/6f00b09453.webp?width=416,276000,2840,N/A,2890,"February 6, 2026"
2026-08-20 03:52:56,J Slught,J SlughtOdo,https://audiomack.com/jslughtofficial/song/odo,https://i.audiomack.com/jslughtofficial/55bc28e85c.webp?width=416,575000,6430,N/A,11000,"June 28, 2024"
2026-08-20 03:52:59,J Slught,J SlughtMy Way,https://audiomack.com/jslughtofficial/song/j-slught-my-way-final-ms,https://i.audiomack.com/jslughtofficial/391e2b51a2.webp?width=416,684000,4059,N/A,8320,"August 25, 2023"
2026-08-20 03:53:02,J Slught,J SlughtCelebrate,https://audiomack.com/jslughtofficial/song/celebrate-1,https://i.audiomack.com/jslughtofficial/95d1c845a8.webp?width=416,366000,1130,N/A,1810,"November 18, 2022"
2026-08-20 03:53:06,J Slught,J SlughtSarafina,https://audiomack.com/jslughtofficial/song/sarafina,https://i.audiomack.com/jslughtofficial/f8a1c0b9b2.webp?width=416,120000,480,N/A,855,"November 27, 2019"
2026-08-20 03:53:09,J Slught,J SlughtCandy,https://audiomack.com/jslughtofficial/song/candy-1,https://i.audiomack.com/jslughtofficial/449b181977.webp?width=416,387000,3730,N/A,5700,"March 21, 2025"
2026-08-20 03:53:12,J Slught,J SlughtKill Me,https://audiomack.com/jslughtofficial/song/kill-me,https://i.audiomack.com/jslughtofficial/197c6afe0d.webp?width=416,280000,1210,N/A,2029,"October 29, 2021"
2026-08-20 03:53:16,J Slught,J SlughtLifestyle,https://audiomack.com/jslughtofficial/song/j-slught-x-jake-lifestyle-ms,https://i.audiomack.com/jslughtofficial/391e2b51a2.webp?width=416,155000,1310,N/A,1860,"August 25, 2023"
2026-08-20 03:53:19,J Slught,J SlughtGrow Old,https://audiomack.com/jslughtofficial/song/glow-old,https://i.audiomack.com/jslughtofficial/b7176cbbb0.webp?width=416,9630,74,N/A,57,"April 30, 2021"
2026-08-20 03:53:22,J Slught,J SlughtIntro (My Story),https://audiomack.com/jslughtofficial/song/intromy-story,https://i.audiomack.com/jslughtofficial/b549ecbb69.webp?width=416,44900,279,N/A,207,"April 24, 2020"
2026-08-20 03:53:25,J Slught,J SlughtSharp Muff,https://audiomack.com/jslughtofficial/song/sharp-muff,https://i.audiomack.com/jslughtofficial/cd19e9f690.webp?width=416,274000,1090,N/A,2700,"December 22, 2020"
2026-08-20 03:53:29,J Slught,J SlughtNo Money,https://audiomack.com/jslughtofficial/song/no-money,https://i.audiomack.com/jslughtofficial/b549ecbb69.webp?width=416,71100,383,N/A,478,"April 24, 2020"
2026-08-20 03:53:32,J Slught,J SlughtSANTOS FREESTYLE,https://audiomack.com/jslughtofficial/song/santos-freestyle,https://i.audiomack.com/jslughtofficial/bbc9190e9a.webp?width=416,134000,1040,N/A,2480,"November 1, 2024"
2026-08-20 03:53:35,J Slught,J SlughtMaria,https://audiomack.com/jslughtofficial/song/maria,https://i.audiomack.com/jslughtofficial/b5a812f86e.webp?width=416,24800,142,N/A,110,"March 26, 2021"
2026-08-20 03:53:38,J Slught,J SlughtEmotions,https://audiomack.com/jslughtofficial/song/emotions,https://i.audiomack.com/jslughtofficial/b549ecbb69.webp?width=416,36800,224,N/A,218,"April 24, 2020"
2026-08-20 03:53:42,J Slught,J SlughtForgive Me,https://audiomack.com/jslughtofficial/song/forgive-me,https://i.audiomack.com/jslughtofficial/772e65db95.webp?width=416,47900,244,N/A,370,"September 27, 2019"
2026-08-20 03:53:45,J Slught,J SlughtCall on Me,https://audiomack.com/jslughtofficial/song/call-on-me,https://i.audiomack.com/jslughtofficial/b549ecbb69.webp?width=416,30000,195,N/A,220,"April 24, 2020"
2026-08-20 03:53:51,J Slught,J SlughtSuffer,https://audiomack.com/jslughtofficial/song/suffer,https://i.audiomack.com/jslughtofficial/5c9e8b637c.webp?width=416,13700,97,N/A,75,"February 12, 2021"
2026-08-20 03:53:54,J Slught,J SlughtPeople Cover,https://audiomack.com/jslughtofficial/song/people-cover-by-libianca-1,https://i.audiomack.com/jslughtofficial/d79ba7f2df.webp?width=416,93600,352,N/A,457,"March 7, 2023"
2026-08-20 03:53:57,J Slught,J SlughtMonrovia Girls,https://audiomack.com/jslughtofficial/song/monrovia-girls,https://i.audiomack.com/jslughtofficial/b549ecbb69.webp?width=416,28400,178,N/A,190,"April 24, 2020"
2026-08-20 03:54:01,J Slught,J SlughtKing of the Jungle,https://audiomack.com/jslughtofficial/song/king-of-the-jungle,https://i.audiomack.com/jslughtofficial/b7176cbbb0.webp?width=416,4790,69,N/A,30,"April 30, 2021"
2026-08-20 03:54:04,J Slught,J SlughtI Do,https://audiomack.com/jslughtofficial/song/i-do,https://i.audiomack.com/jslughtofficial/7c6db9768d.webp?width=416,43500,287,N/A,324,"February 14, 2020"
2026-08-20 03:54:07,J Slught,J SlughtOut Of My Head Freestyle,https://audiomack.com/jslughtofficial/song/out-of-my-head,https://i.audiomack.com/jslughtofficial/8d30df9aa4.webp?width=416,27500,220,N/A,225,"September 23, 2021"
2026-08-20 03:54:11,J Slught,J SlughtKpete,https://audiomack.com/jslughtofficial/song/kpete,https://i.audiomack.com/jslughtofficial/69d163414d.webp?width=416,39500,257,N/A,312,"April 10, 2020"
2026-08-20 03:54:14,J Slught,J SlughtAngela,https://audiomack.com/jslughtofficial/song/angela,https://i.audiomack.com/jslughtofficial/b549ecbb69.webp?width=416,33200,210,N/A,216,"April 24, 2020"
2026-08-20 03:54:17,J Slught,J SlughtParty,https://audiomack.com/jslughtofficial/song/party-1,https://i.audiomack.com/jslughtofficial/b7176cbbb0.webp?width=416,1840,46,N/A,28,"April 30, 2021"
2026-08-20 03:54:20,J Slught,J SlughtLiving My Life,https://audiomack.com/jslughtofficial/song/living-my-life,https://i.audiomack.com/jslughtofficial/b549ecbb69.webp?width=416,22500,167,N/A,192,"April 24, 2020"
2026-08-20 03:54:23,J Slught,J SlughtLorpu,https://audiomack.com/jslughtofficial/song/lorpu,https://i.audiomack.com/jslughtofficial/4be53e1702.webp?width=416,68600,330,N/A,586,"July 31, 2020"
2026-08-20 03:54:27,J Slught,J SlughtBody,https://audiomack.com/jslughtofficial/song/body-1,https://i.audiomack.com/jslughtofficial/b7176cbbb0.webp?width=416,1780,45,N/A,23,"April 30, 2021"
2026-08-20 03:54:30,J Slught,J SlughtMy Way (Sped Up),https://audiomack.com/jslughtofficial/song/my-way-sped-up,https://i.audiomack.com/jslughtofficial/9bb5a04f78.webp?width=416,22700,150,N/A,289,"October 3, 2023"
2026-08-20 03:54:33,J Slught,J SlughtMio Ran (Don't Care),https://audiomack.com/jslughtofficial/song/mio-randont-care,https://i.audiomack.com/jslughtofficial/b549ecbb69.webp?width=416,22300,175,N/A,197,"April 24, 2020"
2026-08-20 03:54:37,J Slught,J SlughtParty,https://audiomack.com/jslughtofficial/song/party,https://i.audiomack.com/jslughtofficial/89df40b577.webp?width=416,31200,132,N/A,240,"April 30, 2021"
2026-08-20 03:54:40,J Slught,J SlughtSantos Freestyle,https://audiomack.com/jslughtofficial/song/santos-freestyle-1,https://i.audiomack.com/jslughtofficial/13838525-c.webp?width=416,11900,97,N/A,93,"November 1, 2024"
2026-08-20 03:54:44,J Slught,J SlughtBody,https://audiomack.com/jslughtofficial/song/j-slught-body,https://i.audiomack.com/jslughtofficial/89df40b577.webp?width=416,25900,119,N/A,198,"April 30, 2021"
2026-08-20 03:55:03,J Rap,J rapJ-RAP-Two-Boyfriend--Prod-J-NAS-Beat-,https://audiomack.com/j-rap-/song/j-rap-two-boyfriend-prod-j-nas-beat,https://i.audiomack.com/j-rap-/5a73602780.webp?width=416,11400,247,N/A,72,"August 7, 2026"
2026-08-20 03:55:06,J Rap,J Rap1984,https://audiomack.com/j-rap-/song/1984,https://i.audiomack.com/j-rap-/e6acd4939a.webp?width=416,382000,1984,N/A,2310,"January 31, 2026"
2026-08-20 03:55:09,J Rap,J RapBah Urself 2 yahh,https://audiomack.com/j-rap-/song/bah-urself-2-yahh,https://i.audiomack.com/j-rap-/ddb0966337.webp?width=416,325000,2210,N/A,3480,"July 15, 2025"
2026-08-20 03:55:12,J Rap,J RapDon't crush,https://audiomack.com/j-rap-/song/dont-crush,https://i.audiomack.com/j-rap-/0e8373e2aa.webp?width=416,356000,2410,N/A,4180,"May 13, 2025"
2026-08-20 03:55:16,J Rap,J RapFamily meeting,https://audiomack.com/j-rap-/song/family-meeting,https://i.audiomack.com/jrappneckc/a41fff2236.webp?width=416,177000,1440,N/A,1580,"October 10, 2024"
2026-08-20 03:55:19,J Rap,J rapNancy,https://audiomack.com/j-rap-/song/nancy,https://i.audiomack.com/jrappneckc/2121112a11.webp?width=416,406000,2800,N/A,5620,"February 11, 2025"
2026-08-20 03:55:22,J Rap,J RapAnti-drug,https://audiomack.com/j-rap-/song/anti-drug,https://i.audiomack.com/jrappneckc/9e1229f689.webp?width=416,83500,641,N/A,730,"November 5, 2024"
2026-08-20 03:55:26,J Rap,J RapArrested,https://audiomack.com/j-rap-/song/arrested,https://i.audiomack.com/j-rap-/9d3a8cba64.webp?width=416,57300,519,N/A,506,"June 4, 2025"
2026-08-20 03:55:29,J Rap,J.RapSay no to powertheft,https://audiomack.com/j-rap-/song/say-no-to-powertheft,https://i.audiomack.com/jrappneckc/04248faa88.webp?width=416,76700,645,N/A,659,"July 5, 2024"
2026-08-20 03:55:32,J Rap,J RapAFTER LIFE,https://audiomack.com/j-rap-/song/after-life,https://i.audiomack.com/jrappneckc/ce1a62ef8e.webp?width=416,202000,1560,N/A,2760,"February 22, 2025"
2026-08-20 03:55:36,J Rap,J RapJ Rap_Me Myself & I,https://audiomack.com/j-rap-/song/j-rap-me-myself-i,https://i.audiomack.com/j-rap-/cf04e4640a.webp?width=416,44000,370,N/A,391,"June 17, 2025"
2026-08-20 03:55:39,J Rap,J Rap_One Life,https://audiomack.com/j-rap-/song/one-life,https://i.audiomack.com/jrappneckc/a27ed71b62.webp?width=416,25600,271,N/A,264,"September 14, 2025"
2026-08-20 03:55:42,J Rap,J RapJ Rap_-32_-Prod by Sacher Oh,https://audiomack.com/j-rap-/song/j-rap-32-prod-by-sacher-oh,https://i.audiomack.com/jrappneckc/c6db46b338.webp?width=416,36100,297,N/A,363,"December 14, 2024"
2026-08-20 03:55:45,J Rap,J RapChallenges,https://audiomack.com/j-rap-/song/challenges,https://i.audiomack.com/j-rap-/02d6d6b437.webp?width=416,38100,353,N/A,315,"August 12, 2025"
2026-08-20 03:55:51,J Rap,J RapWoman can Grow,https://audiomack.com/j-rap-/song/woman-can-grow,https://i.audiomack.com/default-song-image.webp?width=416,83400,589,N/A,850,"April 16, 2025"
2026-08-20 03:55:54,J Rap,J rapJ-Rap_Story-Pre-1,https://audiomack.com/j-rap-/song/j-rap-story-pre-1,https://i.audiomack.com/default-album-image.webp?width=416,8,1,N/A,1,"August 18, 2026"
2026-08-20 03:56:15,Nuchie Meek,Nuchie MeekBo Shakin',https://audiomack.com/nuchie-meek-/song/bo-shakin,https://i.audiomack.com/nuchie-meek-/3ba5d55895.webp?width=416,545000,4740,N/A,3640,"May 24, 2026"
2026-08-20 03:56:18,Nuchie Meek,Nuchie MeekBabyy,https://audiomack.com/nuchie-meek-/song/babyy,https://i.audiomack.com/nuchie-meek-/a9aff79084.webp?width=416,1140000,6730,N/A,9560,"June 25, 2025"
2026-08-20 03:56:21,Nuchie Meek,Nuchie MeekAy Hurting,https://audiomack.com/nuchie-meek-/song/ay-hurting,https://i.audiomack.com/nuchie-meek-/240e13be10.webp?width=416,454000,2560,N/A,3370,"April 11, 2021"
2026-08-20 03:56:25,Nuchie Meek,Nuchie MeekIntro (4 Example),https://audiomack.com/nuchie-meek-/song/intro-for-example,https://i.audiomack.com/nuchie-meek-/a9aff79084.webp?width=416,414000,3330,N/A,4940,"June 25, 2025"
2026-08-20 03:56:28,Nuchie Meek,Nuchie MeekGo Sue Me,https://audiomack.com/nuchie-meek-/song/go-sue-me,https://i.audiomack.com/nuchie-meek-/e022384452.webp?width=416,1060000,7450,N/A,9430,"January 1, 2023"
2026-08-20 03:56:31,Nuchie Meek,Nuchie MeekPray For Me,https://audiomack.com/nuchie-meek-/song/pray-for-me,https://i.audiomack.com/nuchie-meek-/a9aff79084.webp?width=416,293000,2630,N/A,2960,"June 25, 2025"
2026-08-20 03:56:34,Nuchie Meek,Nuchie MeekThe Session,https://audiomack.com/nuchie-meek-/song/the-session,https://i.audiomack.com/nuchie-meek-/781ee283e8.webp?width=416,318000,2290,N/A,1960,"November 27, 2021"
2026-08-20 03:56:38,Nuchie Meek,Nuchie Meek2 by 2,https://audiomack.com/nuchie-meek-/song/2-by-2-2,https://i.audiomack.com/nuchie-meek-/781ee283e8.webp?width=416,339000,2140,N/A,2590,"November 27, 2021"
2026-08-20 03:56:41,Nuchie Meek,Nuchie MeekJam 8,https://audiomack.com/nuchie-meek-/song/jam-8,https://i.audiomack.com/nuchie-meek-/781ee283e8.webp?width=416,497000,3050,N/A,5350,"November 27, 2021"
2026-08-20 03:56:44,Nuchie Meek,Nuchie MeekClap 4 Urseh,https://audiomack.com/nuchie-meek-/song/clap-4-urseh,https://i.audiomack.com/nuchie-meek-/4179bfadeb.webp?width=416,143000,1100,N/A,851,"December 5, 2025"
2026-08-20 03:56:49,Nuchie Meek,Nuchie MeekThe Intro,https://audiomack.com/nuchie-meek-/song/the-intro,https://i.audiomack.com/nuchie-meek-/7cb2dd14eb.webp?width=416,45800,498,N/A,254,"March 1, 2026"
2026-08-20 03:56:54,Nuchie Meek,Nuchie MeekDecembree,https://audiomack.com/nuchie-meek-/song/decembree,https://i.audiomack.com/nuchie-meek-/781ee283e8.webp?width=416,198000,1740,N/A,1700,"November 27, 2021"
2026-08-20 03:56:57,Nuchie Meek,Nuchie MeekSD Gang,https://audiomack.com/nuchie-meek-/song/sd-gang-1,https://i.audiomack.com/nuchie-meek-/781ee283e8.webp?width=416,204000,1640,N/A,1540,"November 27, 2021"
2026-08-20 03:57:01,Nuchie Meek,Nuchie MeekBuh La Lie ?,https://audiomack.com/nuchie-meek-/song/buh-la-lie,https://i.audiomack.com/nuchie-meek-/f1bf540e74.webp?width=416,1080000,5920,N/A,11300,"March 15, 2023"
2026-08-20 03:57:04,Nuchie Meek,Nuchie MeekChocolate,https://audiomack.com/nuchie-meek-/song/chocolate,https://i.audiomack.com/nuchie-meek-2/93ec082e13.webp?width=416,139000,499,N/A,1050,"March 21, 2020"
2026-08-20 03:57:08,Nuchie Meek,Nuchie MeekSlide,https://audiomack.com/nuchie-meek-/song/slide,https://i.audiomack.com/nuchie-meek-/781ee283e8.webp?width=416,185000,1530,N/A,1360,"November 27, 2021"
2026-08-20 03:57:11,Nuchie Meek,Nuchie MeekGo (Indian love),https://audiomack.com/nuchie-meek-/song/go-indian-love,https://i.audiomack.com/nuchie-meek-2/10dab2b7ec.webp?width=416,182000,923,N/A,1700,"May 25, 2020"
2026-08-20 03:57:15,Nuchie Meek,Nuchie MeekThru My Window,https://audiomack.com/nuchie-meek-/song/thru-my-window,https://i.audiomack.com/nuchie-meek-/b3dfc00336.webp?width=416,394000,3860,N/A,6400,"July 20, 2024"
2026-08-20 03:57:18,Nuchie Meek,Nuchie MeekHSK &T,https://audiomack.com/nuchie-meek-/song/hsk-t,https://i.audiomack.com/nuchie-meek-/781ee283e8.webp?width=416,147000,1400,N/A,1320,"November 27, 2021"
2026-08-20 03:57:21,Nuchie Meek,Nuchie MeekStep On Ley Dog  Dem [SOLDD],https://audiomack.com/nuchie-meek-/song/step-on-ley-dog-dem-soldd,https://i.audiomack.com/nuchie-meek-/6d32ca8bc9.webp?width=416,263000,2880,N/A,4310,"January 6, 2025"
2026-08-20 03:57:25,Nuchie Meek,Nuchie MeekSailematu,https://audiomack.com/nuchie-meek-/song/sailematu,https://i.audiomack.com/nuchie-meek-/32de45fe9f.webp?width=416,575000,2730,N/A,3990,"May 30, 2023"
2026-08-20 03:57:28,Nuchie Meek,Nuchie MeekRide Slow,https://audiomack.com/nuchie-meek-/song/ride-slow,https://i.audiomack.com/nuchie-meek-2/10dab2b7ec.webp?width=416,104000,623,N/A,770,"May 18, 2020"
2026-08-20 03:57:31,Nuchie Meek,Nuchie MeekThey Not Like Me,https://audiomack.com/nuchie-meek-/song/they-not-like-us,https://i.audiomack.com/nuchie-meek-/b8dfe58f3e.webp?width=416,206000,2180,N/A,3300,"June 21, 2024"
2026-08-20 03:57:34,Nuchie Meek,Nuchie MeekThrow butt,https://audiomack.com/nuchie-meek-/song/throw-butt,https://i.audiomack.com/nuchie-meek-/9accb8f611.webp?width=416,96800,363,N/A,390,"May 26, 2021"
2026-08-20 03:57:38,Nuchie Meek,Nuchie MeekFriends,https://audiomack.com/nuchie-meek-/song/friends,https://i.audiomack.com/nuchie-meek-/53fc0eb083.webp?width=416,65700,276,N/A,369,"June 25, 2021"
2026-08-20 03:57:41,Nuchie Meek,Nuchie MeekWhoaa (Whatchumacallit),https://audiomack.com/nuchie-meek-/song/whoaa-whatchumacallit,https://i.audiomack.com/nuchie-meek-/32de45fe9f.webp?width=416,215000,1640,N/A,2820,"October 28, 2023"
2026-08-20 03:57:44,Nuchie Meek,PAGE NOT FOUND,https://audiomack.com/nuchie-meek-/song/win,N/A,N/A,N/A,N/A,N/A,N/A
2026-08-20 03:57:47,Nuchie Meek,Nuchie MeekAli Bomaye,https://audiomack.com/nuchie-meek-/song/ali-bomaye,https://i.audiomack.com/nuchie-meek-2/10dab2b7ec.webp?width=416,65900,470,N/A,607,"May 25, 2020"
2026-08-20 03:57:52,Nuchie Meek,Nuchie MeekTrapco Service,https://audiomack.com/nuchie-meek-/song/trapco-service,https://i.audiomack.com/nuchie-meek-2/10dab2b7ec.webp?width=416,62300,467,N/A,647,"May 25, 2020"
2026-08-20 03:57:56,Nuchie Meek,DJ LawGro9man,https://audiomack.com/nuchie-meek-/song/gro9man,https://i.audiomack.com/nuchie-meek-2/d83611c0b2.webp?width=416,25800,123,N/A,192,"March 7, 2020"
2026-08-20 03:58:00,Nuchie Meek,Nuchie Meek998 Prt II,https://audiomack.com/nuchie-meek-/song/998-prt-ii,https://i.audiomack.com/nuchie-meek-/a80590d37f.webp?width=416,172000,1070,N/A,1110,"January 26, 2023"
2026-08-20 03:58:03,Nuchie Meek,Nuchie MeekJebeh,https://audiomack.com/nuchie-meek-/song/jebeh,https://i.audiomack.com/nuchie-meek-2/10dab2b7ec.webp?width=416,63600,466,N/A,672,"May 25, 2020"
2026-08-20 03:58:07,Nuchie Meek,Nuchie MeekMake 8 2 WAP (freestyle),https://audiomack.com/nuchie-meek-/song/make-8-2-wap,https://i.audiomack.com/nuchie-meek-/c709e227c1.webp?width=416,121000,485,N/A,479,"April 6, 2021"
2026-08-20 03:58:10,Nuchie Meek,Nuchie MeekI Want Be Like You,https://audiomack.com/nuchie-meek-/song/nuchie-meek-i-want-be-like-you,https://i.audiomack.com/nuchie-meek-2/0c77d8da29.webp?width=416,20700,94,N/A,110,"January 21, 2020"
2026-08-20 03:58:14,Nuchie Meek,Nuchie MeekTake Dreg,https://audiomack.com/nuchie-meek-/song/take-dreg,https://i.audiomack.com/nuchie-meek-2/ce02426bd1.webp?width=416,25700,104,N/A,122,"January 9, 2021"
2026-08-20 03:58:17,Nuchie Meek,Nuchie MeekBroken valentine,https://audiomack.com/nuchie-meek-/song/broken-valentine,https://i.audiomack.com/nuchie-meek-2/deb6e8c5fd.webp?width=416,43300,187,N/A,170,"February 14, 2021"
2026-08-20 03:58:34,KELLz,KELLzUnappreciated 2.0,https://audiomack.com/KELLz/song/unappreciated-20-feat-aruyah,https://i.audiomack.com/KELLz_Lib/56a7fcecfd.webp?width=416,222000,2040,N/A,4080,"July 14, 2025"
2026-08-20 03:58:37,KELLz,KELLzDemon Time,https://audiomack.com/KELLz/song/demon-time,https://i.audiomack.com/KELLz_Lib/56a7fcecfd.webp?width=416,25500,287,N/A,271,"July 14, 2025"
2026-08-20 03:58:40,KELLz,KELLzUnappreciated,https://audiomack.com/KELLz/song/unappreciated,https://i.audiomack.com/kellz-368/0e67c62a3d.webp?width=416,372000,3290,N/A,6700,"February 1, 2024"
2026-08-20 03:58:45,KELLz,KELLzThrough The Forest,https://audiomack.com/KELLz/song/through-the-forest-feat-mr-church,https://i.audiomack.com/KELLz_Lib/56a7fcecfd.webp?width=416,36300,367,N/A,320,"July 14, 2025"
2026-08-20 03:58:48,KELLz,KELLz-x-Deng-x-JZyNoPattern Dahtor,https://audiomack.com/KELLz/song/pattern-dahtor,https://i.audiomack.com/kellzbeatz/650dcc43a5.webp?width=416,15700,104,N/A,215,"April 22, 2020"
2026-08-20 03:58:51,KELLz,KELLzSacrifices,https://audiomack.com/KELLz/song/sacrifices,https://i.audiomack.com/KELLz_Lib/c3b1588d36.webp?width=416,30700,343,N/A,566,"May 31, 2024"
2026-08-20 03:58:55,KELLz,KELLzunappreciated open verse challenge instrumental,https://audiomack.com/KELLz/song/unappreciated-open-verse-challenge-instrumental,https://i.audiomack.com/kellz-lib/9dd68a5c0d.webp?width=416,2200,26,N/A,9,"March 17, 2024"
2026-08-20 03:59:15,Fazari,FazariONE DAY,https://audiomack.com/Fazari/song/one-day,https://i.audiomack.com/Fazari/cf61fb3837.webp?width=416,279000,2390,N/A,2500,"May 1, 2026"
2026-08-20 03:59:18,Fazari,FazariWICKED EX,https://audiomack.com/Fazari/song/wicked-ex,https://i.audiomack.com/Fazari/445d7f38c0.webp?width=416,254000,2040,N/A,2190,"February 11, 2026"
2026-08-20 03:59:21,Fazari,FazariYOU & WHO?,https://audiomack.com/Fazari/song/you-who,https://i.audiomack.com/Fazari/bddb57c25f.webp?width=416,272000,2240,N/A,2620,"November 1, 2025"
2026-08-20 03:59:24,Fazari,FazariWetting Hurting You,https://audiomack.com/Fazari/song/wetting-hurting-you-official-audio,https://i.audiomack.com/Fazari/bddb57c25f.webp?width=416,434000,3850,N/A,5110,"November 1, 2025"
2026-08-20 03:59:28,Fazari,FazariMorah,https://audiomack.com/Fazari/song/morah-1,https://i.audiomack.com/Fazari/14705601-c.webp?width=416,314000,2930,N/A,3770,"December 13, 2024"
2026-08-20 03:59:31,Fazari,FazariKoloqua Flow,https://audiomack.com/Fazari/song/koloqua-flow,https://i.audiomack.com/Fazari/026fdf22a2.webp?width=416,406000,3190,N/A,3490,"May 22, 2025"
2026-08-20 03:59:34,Fazari,FazariDecember Story,https://audiomack.com/Fazari/song/december-story-official-audio,https://i.audiomack.com/Fazari/bddb57c25f.webp?width=416,174000,1650,N/A,1510,"November 1, 2025"
2026-08-20 03:59:37,Fazari,FazariSmell No Taste,https://audiomack.com/Fazari/song/smell-no-taste,https://i.audiomack.com/Fazari/4d48f34d80.webp?width=416,430000,3210,N/A,5220,"August 7, 2025"
2026-08-20 03:59:41,Fazari,FazariONE DAY REMIX,https://audiomack.com/Fazari/song/one-day-remix,https://i.audiomack.com/Fazari/9fa0b040a7.webp?width=416,6800,153,N/A,33,"July 24, 2026"
2026-08-20 03:59:44,Fazari,FazariDehley Way,https://audiomack.com/Fazari/song/dehley-way,https://i.audiomack.com/Fazari/58e0c1fa0d.webp?width=416,353000,2610,N/A,4360,"March 29, 2024"
2026-08-20 03:59:47,Fazari,FazariStick It There,https://audiomack.com/Fazari/song/stick-8-there,https://i.audiomack.com/Fazari/5144eb52fd.webp?width=416,488000,2690,N/A,4160,"January 13, 2023"
2026-08-20 03:59:52,Fazari,FazariBritishkolo 🇱🇷🇬🇧 ( Freestyle),https://audiomack.com/Fazari/song/britishkolo-freestyle,https://i.audiomack.com/Fazari/519db1f960.webp?width=416,215000,1800,N/A,2980,"February 22, 2024"
2026-08-20 03:59:56,Fazari,FazariI Bann,https://audiomack.com/Fazari/song/i-bann,https://i.audiomack.com/Fazari/01c993aa5b.webp?width=416,207000,1470,N/A,2560,"January 6, 2024"
2026-08-20 03:59:59,Fazari,FazariMCSM (Freestyle),https://audiomack.com/Fazari/song/mcsm-freestyle,https://i.audiomack.com/Fazari/ca9f25565b.webp?width=416,191000,1490,N/A,3750,"March 12, 2025"
2026-08-20 04:00:04,Fazari,Fazari🇱🇷Wah Yur Problem,https://audiomack.com/Fazari/song/wah-yur-problem,https://i.audiomack.com/Fazari/b0b72fe80c.webp?width=416,353000,2960,N/A,4310,"August 5, 2023"
2026-08-20 04:00:07,Fazari,FazariTelema,https://audiomack.com/Fazari/song/fazarie-telema-22222,https://i.audiomack.com/Fazari/54faa2a188.webp?width=416,146000,945,N/A,1230,"April 21, 2023"
2026-08-20 04:00:10,Fazari,FazariUpside Down,https://audiomack.com/Fazari/song/upside-down-mst,https://i.audiomack.com/Fazari/54faa2a188.webp?width=416,72700,482,N/A,692,"April 21, 2023"
2026-08-20 04:00:14,Fazari,FazariDrink & Blow,https://audiomack.com/Fazari/song/drink-and-blow-prodacool,https://i.audiomack.com/Fazari/54faa2a188.webp?width=416,48400,430,N/A,623,"April 21, 2023"
2026-08-20 04:00:17,Fazari,FazariFrench Fries,https://audiomack.com/Fazari/song/french-fries-mst,https://i.audiomack.com/Fazari/54faa2a188.webp?width=416,51300,417,N/A,508,"April 21, 2023"
2026-08-20 04:00:20,Fazari,FazariOne Time Touch,https://audiomack.com/Fazari/song/one-time-touch-prodacool,https://i.audiomack.com/Fazari/54faa2a188.webp?width=416,61400,455,N/A,502,"April 21, 2023"
2026-08-20 04:00:23,Fazari,FazariBig Vlah,https://audiomack.com/Fazari/song/big-vlah,https://i.audiomack.com/Fazari/95e350b7bb.webp?width=416,104000,361,N/A,528,"September 23, 2022"
2026-08-20 04:00:27,Fazari,FazariCruise,https://audiomack.com/Fazari/song/faz-master,https://i.audiomack.com/Fazari/54faa2a188.webp?width=416,250000,1260,N/A,2670,"April 21, 2023"
2026-08-20 04:00:30,Fazari,FazariAYY SHAY,https://audiomack.com/Fazari/song/ayy-shay,https://i.audiomack.com/Fazari/92add792e3.webp?width=416,94600,1120,N/A,2710,"October 11, 2024"
2026-08-20 04:00:33,Fazari,FazariCocomenta,https://audiomack.com/Fazari/song/cocomenta-prod-acool,https://i.audiomack.com/Fazari/54faa2a188.webp?width=416,135000,783,N/A,1220,"April 21, 2023"
2026-08-20 04:00:36,Fazari,FazariBow Legs See Bow Legs,https://audiomack.com/Fazari/song/bow-legs-see-bow-legs,https://i.audiomack.com/Fazari/9eb35415d7.webp?width=416,101000,478,N/A,668,"July 15, 2022"
2026-08-20 04:00:40,Fazari,Fazari_OfficialShout_Out_To_My_Ex_Prod._A.COOL,https://audiomack.com/Fazari/song/shout-out-to-my-ex-prod-acool,https://i.audiomack.com/fazari-official/cfa0bb7147.webp?width=416,116000,462,N/A,990,"June 23, 2020"
2026-08-20 04:00:43,Fazari,FazariNo_Be_JuJu_Be_That_,https://audiomack.com/Fazari/song/no-be-juju-be-that,https://i.audiomack.com/Fazari/f975d3cff6.webp?width=416,22100,104,N/A,142,"February 19, 2022"
2026-08-20 04:00:46,Fazari,FazariFazFlex_-_Reverse_Prod._A.COOL,https://audiomack.com/Fazari/song/fazflex-reverse-prod-acool,https://i.audiomack.com/fazari-official/727ce455eb.webp?width=416,5870,38,N/A,57,"December 2, 2019"
2026-08-20 04:00:51,Fazari,FazariMicroscopic_Eye_Prod._A.COOL,https://audiomack.com/Fazari/song/microscopic-eye-prod-acool,https://i.audiomack.com/fazari-official/a26c7d1844.webp?width=416,3970,23,N/A,19,"February 15, 2020"
2026-08-20 04:00:55,Fazari,FazariBIg Jue Season Open verse instrumental,https://audiomack.com/Fazari/song/big-jue-season-open-verse-instrumental,https://i.audiomack.com/Fazari/22f30ec906.webp?width=416,11500,54,N/A,77,"November 8, 2023"
2026-08-20 04:00:59,Fazari,FazariFREE MIND,https://audiomack.com/Fazari/song/free-mind,https://i.audiomack.com/Fazari/2a11172898.webp?width=416,7070,29,N/A,28,"June 5, 2021"
2026-08-20 04:01:02,Fazari,FazariBIG JUE SZN (REMIX),https://audiomack.com/Fazari/song/big-jue-szn-remix,https://i.audiomack.com/Fazari/7e11de5b91.webp?width=416,48700,399,N/A,532,"December 11, 2023"
2026-08-20 04:01:05,Fazari,FazariFinesse Cover (Fazari),https://audiomack.com/Fazari/song/finesse-cover-fazari,https://i.audiomack.com/Fazari/c9f3d95c9e.webp?width=416,5530,25,N/A,25,"March 23, 2022"
2026-08-20 04:01:09,Fazari,FazariLah_Ay_There_Prod._A.COOL,https://audiomack.com/Fazari/song/lah-ay-there-prod-acool,https://i.audiomack.com/fazari-official/67af00fd08.webp?width=416,11100,51,N/A,69,"October 1, 2019"
2026-08-20 04:01:12,Fazari,Fazari_ft_Nikey 20Fire_Prod.by Recordking & T.MA,https://audiomack.com/Fazari/song/fire-prodby-recordking-tma,https://i.audiomack.com/fazari-official/c7d8a94ba0.webp?width=416,8600,34,N/A,40,"January 10, 2020"
2026-08-20 04:01:15,Fazari,FazariThe_First_Pepo_(Prod._A.COOL),https://audiomack.com/Fazari/song/the-first-pepo-prod-acool,https://i.audiomack.com/fazari-official/19b45ebfd2.webp?width=416,5220,25,N/A,23,"September 4, 2020"
2026-08-20 04:01:19,Fazari,FazariMAD LOVE,https://audiomack.com/Fazari/song/mad-love,https://i.audiomack.com/Fazari/c90bb8cd68.webp?width=416,12500,45,N/A,68,"January 29, 2021"
2026-08-20 04:01:22,Fazari,FazariMOXIE,https://audiomack.com/Fazari/song/moxie,https://i.audiomack.com/fazari-official/d914de53df.webp?width=416,3790,20,N/A,23,"August 14, 2020"
2026-08-20 04:01:25,Fazari,FazariPrayer_Up_For_NKT_(Prod._A.COOL),https://audiomack.com/Fazari/song/prayer-up-for-nkt-prod-acool,https://i.audiomack.com/Fazari/3f72d8ecac.webp?width=416,5410,28,N/A,25,"January 23, 2022"
2026-08-20 04:01:28,Fazari,FazariSnapchat,https://audiomack.com/Fazari/song/snapchat,https://i.audiomack.com/Fazari/e66c160352.webp?width=416,8660,33,N/A,35,"November 25, 2020"
