timestamp,artist_name,track_title,track_url,album_art,plays,likes,reposts,playlist_adds,release_date
2026-10-10 08:16:51,SIO,SIONobody Ugly,https://audiomack.com/vibeking-sio/song/nobody-ugly,https://i.audiomack.com/vibeking-sio/3af34ac4ae.webp?width=416,251000,2610,N/A,2200,"August 11, 2026"
2026-10-10 08:16:54,SIO,SIOAll Hail,https://audiomack.com/vibeking-sio/song/all-hail,https://i.audiomack.com/vibeking-sio/0f75ec02ba.webp?width=416,475000,5450,N/A,4430,"May 16, 2026"
2026-10-10 08:16:57,SIO,SIOWe know them,https://audiomack.com/vibeking-sio/song/we-know-them,https://i.audiomack.com/vibeking-sio/a436a7ae85.webp?width=416,1080000,8980,N/A,8510,"December 10, 2025"
2026-10-10 08:17:01,SIO,SIOTime,https://audiomack.com/vibeking-sio/song/sio-time-prod-by-afo4doe-master,https://i.audiomack.com/vibeking-sio/87c653780f.webp?width=416,1430000,11300,N/A,11800,"July 1, 2025"
2026-10-10 08:17:04,SIO,SIOMoney-way-na-lost,https://audiomack.com/vibeking-sio/song/money-way-na-lost,https://i.audiomack.com/vibeking-sio/cf8b9ebf08.webp?width=416,1570000,7440,N/A,15000,"February 20, 2024"
2026-10-10 08:17:07,SIO,SIOBlessings,https://audiomack.com/vibeking-sio/song/blessings,https://i.audiomack.com/vibeking-sio/8ed73a476e.webp?width=416,1660000,14900,N/A,6,"March 28, 2025"
2026-10-10 08:17:10,SIO,SIOTrouble,https://audiomack.com/vibeking-sio/song/trouble,https://i.audiomack.com/vibeking-sio/cf8b9ebf08.webp?width=416,379000,2630,N/A,4370,"February 20, 2024"
2026-10-10 08:17:13,SIO,SIOOyoyo,https://audiomack.com/vibeking-sio/song/oyoyo,https://i.audiomack.com/vibeking-sio/c1c0ce846e.webp?width=416,487000,2440,N/A,3980,"July 15, 2023"
2026-10-10 08:17:17,SIO,SIOsio __ Barnersville _pro.perfect,https://audiomack.com/vibeking-sio/song/sio-barnersville-properfect,https://i.audiomack.com/bangboi-sio/dc1d125214.webp?width=416,247000,1210,N/A,1920,"November 21, 2020"
2026-10-10 08:17:33,Nahj,Nahj9mm,https://audiomack.com/nahj/song/9mm,https://i.audiomack.com/nahj/5446d08abb.webp?width=416,1310000,5890,N/A,10800,"July 29, 2026"
2026-10-10 08:17:37,Nahj,NahjMy Lady,https://audiomack.com/nahj/song/my-lady,https://i.audiomack.com/nahj/3967fd4dee.webp?width=416,3470000,19300,N/A,36500,"September 17, 2025"
2026-10-10 08:17:40,Nahj,NahjBig Man Sound,https://audiomack.com/nahj/song/big-man-sound,https://i.audiomack.com/nahj/16ea708e4b.webp?width=416,869000,3910,N/A,11200,"February 25, 2026"
2026-10-10 08:17:43,Nahj,NahjStupid Me,https://audiomack.com/nahj/song/stupid-me,https://i.audiomack.com/nahj_/54eb8c918e.webp?width=416,758000,4740,N/A,7580,"October 18, 2024"
2026-10-10 08:17:47,Nahj,NahjShe Na Know,https://audiomack.com/nahj/song/she-na-know,https://i.audiomack.com/nahj/598c209b88.webp?width=416,1010000,6140,N/A,13000,"June 27, 2025"
2026-10-10 08:17:50,Nahj,NahjTha Boi,https://audiomack.com/nahj/song/nahj-tha-boi,https://i.audiomack.com/nahj46/f4e7fec0db.webp?width=416,41700,299,N/A,180,"March 31, 2023"
2026-10-10 08:17:54,Nahj,NahjFearless Freestyle,https://audiomack.com/nahj/song/fearless-freestyle,https://i.audiomack.com/nahj231/64d6bc4861.webp?width=416,29600,176,N/A,162,"January 26, 2024"
2026-10-10 08:17:58,Nahj,NahjStupid Me(Acoustic),https://audiomack.com/nahj/song/stupid-meacoustic,https://i.audiomack.com/nahj_/54eb8c918e.webp?width=416,188000,1700,N/A,3920,"February 14, 2025"
2026-10-10 08:18:01,Nahj,NahjScrew You,https://audiomack.com/nahj/song/screw-you,https://i.audiomack.com/nahj_daboi/493d08ba17.webp?width=416,28200,191,N/A,102,"April 26, 2024"
2026-10-10 08:18:18,Spize,SpizeThey Dunno,https://audiomack.com/spizeofficial/song/they-dont-know-official-audiowav,https://i.audiomack.com/spizeofficial/02b23f3da7.webp?width=416,986000,5960,N/A,10000,"July 10, 2026"
2026-10-10 08:18:23,Spize,SpizeWoman,https://audiomack.com/spizeofficial/song/woman,https://i.audiomack.com/spizeofficial/c4bb4cc0f1.webp?width=416,259000,2930,N/A,1070,"July 10, 2026"
2026-10-10 08:18:26,Spize,SpizeHallelujah,https://audiomack.com/spizeofficial/song/spize-halleluu-ms-01-wav,https://i.audiomack.com/spizeofficial/02b23f3da7.webp?width=416,390000,3310,N/A,2910,"July 10, 2026"
2026-10-10 08:18:30,Spize,SpizeMiss You,https://audiomack.com/spizeofficial/song/miss-you,https://i.audiomack.com/spizeofficial/18326979-1.webp?width=416,845000,8260,N/A,10800,"August 1, 2025"
2026-10-10 08:18:33,Spize,ZoravynAfrican Sound,https://audiomack.com/spizeofficial/song/african-sound,https://i.audiomack.com/spizeofficial/11136f71b6.webp?width=416,573000,4140,N/A,4210,"March 27, 2026"
2026-10-10 08:18:36,Spize,SpizeRoad,https://audiomack.com/spizeofficial/song/road,https://i.audiomack.com/spizeofficial/ca83e6b3d5.webp?width=416,477000,4300,N/A,3920,"February 27, 2026"
2026-10-10 08:18:39,Spize,SpizeMelo,https://audiomack.com/spizeofficial/song/melo-22,https://i.audiomack.com/spizeofficial/591fa960db.webp?width=416,789000,7150,N/A,9850,"June 7, 2024"
2026-10-10 08:18:42,Spize,SpizeMy Side,https://audiomack.com/spizeofficial/song/my-side,https://i.audiomack.com/spize-7/14916091-1.webp?width=416,960000,7460,N/A,8240,"January 1, 2025"
2026-10-10 08:18:45,Spize,SpizeWith You,https://audiomack.com/spizeofficial/song/with-you-1,https://i.audiomack.com/spize-7/c9889f6883.webp?width=416,478000,4620,N/A,6360,"August 24, 2024"
2026-10-10 08:19:03,Will Flash,Will FlashMoney Flow,https://audiomack.com/will-flash/song/money-flow,https://i.audiomack.com/will-flash/bd70225375.webp?width=416,426000,4150,N/A,4059,"May 22, 2026"
2026-10-10 08:19:06,Will Flash,Will FlashMy Ex,https://audiomack.com/will-flash/song/my-ex,https://i.audiomack.com/will-flash/128d7c449e.webp?width=416,1680000,12200,N/A,20500,"February 28, 2025"
2026-10-10 08:19:09,Will Flash,Will FlashFriday,https://audiomack.com/will-flash/song/friday,https://i.audiomack.com/will-flash/20051834-c.webp?width=416,719000,4960,N/A,8740,"November 21, 2025"
2026-10-10 08:19:12,Will Flash,Will FlashTell Me,https://audiomack.com/will-flash/song/tell-me,https://i.audiomack.com/will-flash/17988005-c.webp?width=416,1120000,7800,N/A,8720,"June 30, 2025"
2026-10-10 08:19:15,Will Flash,Will FlashSingle,https://audiomack.com/will-flash/song/single,https://i.audiomack.com/will-flash/1e814790be.webp?width=416,1050000,7990,N/A,10000,"May 9, 2025"
2026-10-10 08:19:19,Will Flash,Will FlashYoyo,https://audiomack.com/will-flash/song/yoyo,https://i.audiomack.com/will-flash/8691275fb8.webp?width=416,440000,3750,N/A,4000,"February 27, 2026"
2026-10-10 08:19:22,Will Flash,Who's DatOn My Hay,https://audiomack.com/will-flash/song/on-my-hay,https://i.audiomack.com/will-flash/2feb60d550.webp?width=416,445000,3610,N/A,3650,"January 30, 2026"
2026-10-10 08:19:25,Will Flash,Will FlashCute Gangsta,https://audiomack.com/will-flash/song/cute-gangsta,https://i.audiomack.com/will-flash/bd70225375.webp?width=416,54500,838,N/A,275,"May 22, 2026"
2026-10-10 08:19:28,Will Flash,Will FlashStuck in the Mood,https://audiomack.com/will-flash/song/stuck-in-the-mood,https://i.audiomack.com/will-flash/bd70225375.webp?width=416,34200,K,N/A,218,"May 22, 2026"
2026-10-10 08:19:31,Will Flash,Will FlashPoor Boy,https://audiomack.com/will-flash/song/poor-boy,https://i.audiomack.com/will-flash/bd70225375.webp?width=416,30500,665,N/A,215,"May 22, 2026"
2026-10-10 08:19:35,Will Flash,Will FlashLike That,https://audiomack.com/will-flash/song/like-that,https://i.audiomack.com/will-flash/bd70225375.webp?width=416,32800,638,N/A,209,"May 22, 2026"
2026-10-10 08:19:38,Will Flash,Will FlashFind Your Own,https://audiomack.com/will-flash/song/find-your-own,https://i.audiomack.com/will-flash/bd70225375.webp?width=416,27800,580,N/A,188,"May 22, 2026"
2026-10-10 08:19:41,Will Flash,Will FlashBoil on Dem,https://audiomack.com/will-flash/song/boil-on-dem,https://i.audiomack.com/will-flash/13325134-c.webp?width=416,171000,1120,N/A,2750,"November 15, 2024"
2026-10-10 08:19:44,Will Flash,Will FlashKilimanjaro,https://audiomack.com/will-flash/song/kilimanjaro-1,https://i.audiomack.com/will-flash/11215502-c.webp?width=416,108000,1050,N/A,1630,"June 14, 2024"
2026-10-10 08:19:47,Will Flash,Will FlashDa Your Problem,https://audiomack.com/will-flash/song/da-your-problem,https://i.audiomack.com/will-flash/81b760d7a3.webp?width=416,134000,923,N/A,1790,"December 6, 2024"
2026-10-10 08:19:50,Will Flash,Will FlashHeart and Soul,https://audiomack.com/will-flash/song/heart-and-soul,https://i.audiomack.com/will-flash/10867586-c.webp?width=416,252000,2920,N/A,6660,"May 31, 2024"
2026-10-10 08:19:54,Will Flash,Will FlashWILL FLASH - Congratulations H.E Joseph Boakai Sr,https://audiomack.com/will-flash/song/will-flash-congratulations-he-joseph-boakai-sr,https://i.audiomack.com/will-flash/552b6b127d.webp?width=416,18600,168,N/A,139,"January 12, 2024"
2026-10-10 08:19:59,Will Flash,Will FlashHeart and Soul Refix,https://audiomack.com/will-flash/song/heart-and-soul-refix,https://i.audiomack.com/will-flash/11884024-c.webp?width=416,27900,385,N/A,781,"August 5, 2024"
2026-10-10 08:20:35,STUNN,STUNNFace Card,https://audiomack.com/stunn/song/face-card,https://i.audiomack.com/stunn/a6db6bfa3e.webp?width=416,367000,3290,N/A,1990,"July 3, 2026"
2026-10-10 08:20:38,STUNN,StunnaHer Engine Oil,https://audiomack.com/stunn/song/her-engine-oil,https://i.audiomack.com/stunnamusic/2193c4c33f.webp?width=416,251000,1000,N/A,1560,"May 22, 2020"
2026-10-10 08:20:41,STUNN,Stunn & Will FlashLove,https://audiomack.com/stunn/song/love,https://i.audiomack.com/will-flash/4339e0d270.webp?width=416,830000,5050,N/A,14100,"December 4, 2025"
2026-10-10 08:20:44,STUNN,StunnDavid,https://audiomack.com/stunn/song/david-stunn,https://i.audiomack.com/stunn/4785de673e.webp?width=416,474000,3950,N/A,7020,"October 25, 2024"
2026-10-10 08:20:47,STUNN,StunnChop Life,https://audiomack.com/stunn/song/chop-life,https://i.audiomack.com/stunn/7ddc2fed59.webp?width=416,330000,2300,N/A,3910,"April 26, 2024"
2026-10-10 08:20:51,STUNN,StunnaAddicted,https://audiomack.com/stunn/song/addicted,https://i.audiomack.com/stunnamusic/dd0be8e4f2.webp?width=416,116000,855,N/A,983,"January 19, 2020"
2026-10-10 08:20:54,STUNN,StunnaOh Lady,https://audiomack.com/stunn/song/oh-lady,https://i.audiomack.com/stunnamusic/de9eede0ab.webp?width=416,77700,667,N/A,757,"November 25, 2019"
2026-10-10 08:20:57,STUNN,STUNNDIAMONDS (PRESSURE),https://audiomack.com/stunn/song/688b2e4bea82e,https://i.audiomack.com/stunn/f9e26519d1.webp?width=416,354000,3010,N/A,5080,"July 31, 2025"
2026-10-10 08:21:00,STUNN,StunnaIntro,https://audiomack.com/stunn/song/intro,https://i.audiomack.com/stunnamusic/dd0be8e4f2.webp?width=416,74800,574,N/A,546,"January 19, 2020"
2026-10-10 08:21:03,STUNN,StunnaSeh Pay Love,https://audiomack.com/stunn/song/seh-pay-love,https://i.audiomack.com/stunnamusic/dd0be8e4f2.webp?width=416,50400,447,N/A,686,"January 19, 2020"
2026-10-10 08:21:07,STUNN,StunnaLove 2Night,https://audiomack.com/stunn/song/love-2night,https://i.audiomack.com/stunnamusic/dd0be8e4f2.webp?width=416,62200,559,N/A,676,"January 19, 2020"
2026-10-10 08:21:10,STUNN,StunnMedicine,https://audiomack.com/stunn/song/medicine,https://i.audiomack.com/stunnamusic/23d8e128b4.webp?width=416,441000,1440,N/A,2410,"June 16, 2023"
2026-10-10 08:21:13,STUNN,StunnaOriginal Baby,https://audiomack.com/stunn/song/original-baby,https://i.audiomack.com/stunnamusic/dd0be8e4f2.webp?width=416,37200,431,N/A,575,"January 19, 2020"
2026-10-10 08:21:16,STUNN,STUNNBABY O -STUNN,https://audiomack.com/stunn/song/68b2ab5117022,https://i.audiomack.com/stunn/0a2aaec24d.webp?width=416,22200,178,N/A,133,"August 30, 2025"
2026-10-10 08:21:19,STUNN,StunnaSlowdown,https://audiomack.com/stunn/song/slowdown,https://i.audiomack.com/stunnamusic/dd0be8e4f2.webp?width=416,44000,435,N/A,555,"January 19, 2020"
2026-10-10 08:21:23,STUNN,StunnFallen,https://audiomack.com/stunn/song/fallen,https://i.audiomack.com/stunnmusic/fcc23f3f65.webp?width=416,235000,1830,N/A,2800,"November 3, 2023"
2026-10-10 08:21:26,STUNN,StunnaWhy,https://audiomack.com/stunn/song/why,https://i.audiomack.com/stunnamusic/dd0be8e4f2.webp?width=416,30700,376,N/A,501,"January 19, 2020"
2026-10-10 08:21:29,STUNN,StunnaWhat IF,https://audiomack.com/stunn/song/what-if-bucky-raw,https://i.audiomack.com/stunnamusic/dd0be8e4f2.webp?width=416,43900,431,N/A,581,"January 19, 2020"
2026-10-10 08:21:32,STUNN,StunnaWhen a Woman Loves,https://audiomack.com/stunn/song/when-a-woman-loves-lil-jay-mp3,https://i.audiomack.com/stunnamusic/dd0be8e4f2.webp?width=416,54100,503,N/A,522,"January 19, 2020"
2026-10-10 08:21:35,STUNN,StunnaIt's Over,https://audiomack.com/stunn/song/its-over,https://i.audiomack.com/stunnamusic/dd0be8e4f2.webp?width=416,37400,426,N/A,527,"January 19, 2020"
2026-10-10 08:21:39,STUNN,StunnaGreen Light,https://audiomack.com/stunn/song/green-light,https://i.audiomack.com/stunn/121d1a1330.webp?width=416,235000,1360,N/A,1330,"July 22, 2022"
2026-10-10 08:21:42,STUNN,StunnSó perdi uma vez,https://audiomack.com/stunn/song/so-perdi-uma-vez,https://i.audiomack.com/stunn/768cc09c2f.webp?width=416,4360,47,N/A,28,"August 22, 2026"
2026-10-10 08:21:45,STUNN,StunnaMela (Melanin),https://audiomack.com/stunn/song/mela-melanin,https://i.audiomack.com/stunnamusic/dd0be8e4f2.webp?width=416,31400,378,N/A,494,"January 19, 2020"
2026-10-10 08:21:48,STUNN,StunnaTi Amo,https://audiomack.com/stunn/song/ti-amo,https://i.audiomack.com/stunnamusic/dd0be8e4f2.webp?width=416,29000,352,N/A,450,"January 19, 2020"
2026-10-10 08:21:51,STUNN,StunnMedicine,https://audiomack.com/stunn/song/medicine-1,https://i.audiomack.com/stunn/13573780-5.webp?width=416,5630,33,N/A,53,"June 25, 2023"
2026-10-10 08:21:55,STUNN,StunnDiamonds (Pressure),https://audiomack.com/stunn/song/diamonds-pressure,https://i.audiomack.com/stunn/b7d26f159d.webp?width=416,7960,98,N/A,62,"August 1, 2025"
2026-10-10 08:21:58,STUNN,StunnaSex Friend,https://audiomack.com/stunn/song/sex-friend-feat-barsee,https://i.audiomack.com/stunnamusic/dd0be8e4f2.webp?width=416,33200,384,N/A,449,"January 19, 2020"
2026-10-10 08:22:04,STUNN,StunnFly With You,https://audiomack.com/stunn/song/fly-away-stunn-master-v2,https://i.audiomack.com/stunn/ab5d4d2daf.webp?width=416,106000,1250,N/A,1850,"June 27, 2024"
2026-10-10 08:22:07,STUNN,StunnaSammy Song,https://audiomack.com/stunn/song/sammy-song,https://i.audiomack.com/stunnamusic/dd0be8e4f2.webp?width=416,32200,373,N/A,503,"January 19, 2020"
2026-10-10 08:22:10,STUNN,StunnaFire,https://audiomack.com/stunn/song/fire-x-ei,https://i.audiomack.com/stunnamusic/dd0be8e4f2.webp?width=416,27000,340,N/A,477,"January 19, 2020"
2026-10-10 08:22:13,STUNN,Stunna10/10,https://audiomack.com/stunn/song/1010,https://i.audiomack.com/stunnamusic/51dad54e1c.webp?width=416,19600,10,N/A,205,"September 9, 2020"
2026-10-10 08:22:17,STUNN,StunnFallen,https://audiomack.com/stunn/song/fallen-1,https://i.audiomack.com/stunn/13636702-5.webp?width=416,3760,26,N/A,16,"November 3, 2023"
2026-10-10 08:22:34,Larry G,Larry GHustle,https://audiomack.com/elvissaywon226/song/hustle,https://i.audiomack.com/elvissaywon226/df7086b6af.webp?width=416,460000,4520,N/A,3590,"June 26, 2026"
2026-10-10 08:22:37,Larry G,Larry GYolo,https://audiomack.com/elvissaywon226/song/yolo,https://i.audiomack.com/elvissaywon226/d3569c80c7.webp?width=416,970000,8140,N/A,6800,"January 28, 2026"
2026-10-10 08:22:40,Larry G,Larry GWicked people,https://audiomack.com/elvissaywon226/song/wicked-people,https://i.audiomack.com/elvissaywon226/759a66ecd7.webp?width=416,946000,6760,N/A,7180,"October 24, 2025"
2026-10-10 08:22:43,Larry G,Larry GMy-Time,https://audiomack.com/elvissaywon226/song/my-time,https://i.audiomack.com/elvissaywon226/2d45892402.webp?width=416,1510000,11000,N/A,11000,"July 18, 2025"
2026-10-10 08:22:46,Larry G,Larry GLonely Soja,https://audiomack.com/elvissaywon226/song/lonely-soja,https://i.audiomack.com/elvissaywon226/8884e8fae8.webp?width=416,257000,1690,N/A,1640,"November 23, 2024"
2026-10-10 08:23:03,Fluxii,FluxiiBalance,https://audiomack.com/fluxiimusic/song/balance,https://i.audiomack.com/fluxiimusic/9808eb1e2a.webp?width=416,314000,2900,N/A,2740,"June 26, 2026"
2026-10-10 08:23:06,Fluxii,FluxiiTalk So,https://audiomack.com/fluxiimusic/song/talk-so,https://i.audiomack.com/fluxiimusic/10476412-1.webp?width=416,1030000,9420,N/A,11100,"May 3, 2024"
2026-10-10 08:23:10,Fluxii,FluxiiLiberia,https://audiomack.com/fluxiimusic/song/liberia,https://i.audiomack.com/fluxiimusic/b7dfba52e5.webp?width=416,187000,2040,N/A,1570,"July 24, 2026"
2026-10-10 08:23:13,Fluxii,FluxiiHustle,https://audiomack.com/fluxiimusic/song/hustle,https://i.audiomack.com/fluxiimusic/a357d39cad.webp?width=416,524000,4820,N/A,5010,"June 13, 2025"
2026-10-10 08:23:16,Fluxii,FluxiiC.O.G (Child of Grace),https://audiomack.com/fluxiimusic/song/cog-child-of-grace,https://i.audiomack.com/fluxii-2/36cbfa6283.webp?width=416,64500,502,N/A,338,"January 9, 2026"
2026-10-10 08:23:20,Fluxii,FluxiiTime,https://audiomack.com/fluxiimusic/song/time,https://i.audiomack.com/fluxiimusic/16ba7739b3.webp?width=416,421000,3090,N/A,5710,"December 20, 2024"
2026-10-10 08:23:23,Fluxii,FluxiiNext,https://audiomack.com/fluxiimusic/song/next,https://i.audiomack.com/fluxiimusic/abcbb1aae2.webp?width=416,404000,3860,N/A,4360,"September 12, 2025"
2026-10-10 08:23:26,Fluxii,FluxiiHappy Player (feat. DenG),https://audiomack.com/fluxiimusic/song/happyplayer,https://i.audiomack.com/fluxiimusic/11797994-1.webp?width=416,343000,3010,N/A,5270,"July 31, 2024"
2026-10-10 08:23:29,Fluxii,FluxiiLoyalty,https://audiomack.com/fluxiimusic/song/loyalty,https://i.audiomack.com/fluxiimusic/9412542-19.webp?width=416,133000,1090,N/A,1130,"February 9, 2024"
2026-10-10 08:23:34,Fluxii,FluxiiPose (Gold Version),https://audiomack.com/fluxiimusic/song/pose,https://i.audiomack.com/fluxiimusic/a8e1378ce0.webp?width=416,88000,776,N/A,741,"August 26, 2023"
2026-10-10 08:23:37,Fluxii,FluxiiTalk So (Remix),https://audiomack.com/fluxiimusic/song/talkso-remix,https://i.audiomack.com/fluxiimusic/49a2b54688.webp?width=416,239000,2020,N/A,3470,"September 20, 2024"
2026-10-10 08:23:40,Fluxii,FluxiiBreakfast (feat. TanTan B),https://audiomack.com/fluxiimusic/song/breakfast,https://i.audiomack.com/fluxiimusic/14052402-1.webp?width=416,153000,B,N/A,2960,"November 15, 2024"
2026-10-10 08:23:43,Fluxii,FluxiiHustle (Sped Up) (Sped Up),https://audiomack.com/fluxiimusic/song/hustle-sped-up,https://i.audiomack.com/fluxiimusic/17888894-1.webp?width=416,44000,318,N/A,294,"June 14, 2025"
2026-10-10 08:24:03,Teddyride,TEDDYRIDEFALL IN LOVE,https://audiomack.com/teddyride/song/fall-in-love,https://i.audiomack.com/teddyride/4ff2fc8313.webp?width=416,917000,5810,N/A,8610,"April 24, 2026"
2026-10-10 08:24:06,Teddyride,TeddyrideWleesayma,https://audiomack.com/teddyride/song/wleesayma,https://i.audiomack.com/teddyride/ff164e9dd7.webp?width=416,1780000,12800,N/A,16800,"December 13, 2024"
2026-10-10 08:24:09,Teddyride,TeddyrideTAMATAYLAY,https://audiomack.com/teddyride/song/tamataylay,https://i.audiomack.com/teddyride/d509875a22.webp?width=416,41600,529,N/A,182,"July 3, 2026"
2026-10-10 08:24:12,Teddyride,TeddyrideBesa,https://audiomack.com/teddyride/song/besa,https://i.audiomack.com/teddyride/ea4eb115f7.webp?width=416,607000,3860,N/A,5830,"January 25, 2024"
2026-10-10 08:24:16,Teddyride,TeddyrideTeddyride   King Solomon,https://audiomack.com/teddyride/song/teddyride-king-solomon,https://i.audiomack.com/darius-teddyride-kumorteh/4c3dfe276f.webp?width=416,153000,528,N/A,902,"August 26, 2021"
2026-10-10 08:24:19,Teddyride,TeddyrideTeddyride X Eric Geso Find A Friend,https://audiomack.com/teddyride/song/teddyride-x-eric-geso-find-a-friend,https://i.audiomack.com/darius-teddyride-kumorteh/4c3dfe276f.webp?width=416,213000,811,N/A,1270,"August 26, 2021"
2026-10-10 08:24:22,Teddyride,TeddyrideTeddyride   Money Business,https://audiomack.com/teddyride/song/teddyride-money-business,https://i.audiomack.com/darius-teddyride-kumorteh/4c3dfe276f.webp?width=416,140000,446,N/A,908,"August 26, 2021"
2026-10-10 08:24:25,Teddyride,TeddyrideDeh Jay,https://audiomack.com/teddyride/song/deh-jay,https://i.audiomack.com/teddyride/ae02e4ad32.webp?width=416,183000,1560,N/A,2080,"February 12, 2026"
2026-10-10 08:24:28,Teddyride,TEDDYRIDEYOU NA KNOW,https://audiomack.com/teddyride/song/teddyride-featfazari-you-na-know,https://i.audiomack.com/teddyride/2aceeec711.webp?width=416,388000,2190,N/A,5530,"September 18, 2023"
2026-10-10 08:24:32,Teddyride,TeddyrideLiberian Girl,https://audiomack.com/teddyride/song/liberian-girl,https://i.audiomack.com/teddyride/aca3fb7fe9.webp?width=416,223000,1860,N/A,2280,"November 13, 2025"
2026-10-10 08:24:35,Teddyride,TEDDYRIDEUSE YOUR HEAD,https://audiomack.com/teddyride/song/teddyride-use-your-head,https://i.audiomack.com/teddyride/2aceeec711.webp?width=416,604000,4800,N/A,8310,"September 18, 2023"
2026-10-10 08:24:38,Teddyride,TeddyrideZIGZALAYWA,https://audiomack.com/teddyride/song/zigzalaywa,https://i.audiomack.com/darius-teddyride-kumorteh/98ed3ce4a0.webp?width=416,278000,1510,N/A,2630,"November 16, 2022"
2026-10-10 08:24:41,Teddyride,TeddyrideTAKE IT EASY,https://audiomack.com/teddyride/song/take-it-easy,https://i.audiomack.com/teddyride/9e61d30020.webp?width=416,439000,2940,N/A,3810,"May 1, 2025"
2026-10-10 08:24:44,Teddyride,TeddyrideVlah,https://audiomack.com/teddyride/song/vlah,https://i.audiomack.com/teddyride/7b4a15e03c.webp?width=416,455000,3310,N/A,6720,"July 27, 2024"
2026-10-10 08:24:47,Teddyride,TeddyrideOn The  low,https://audiomack.com/teddyride/song/on-the-ow,https://i.audiomack.com/darius-teddyride-kumorteh/90cdb51fa3.webp?width=416,75400,416,N/A,511,"November 19, 2020"
2026-10-10 08:24:51,Teddyride,TeddyrideBeautiful Girl,https://audiomack.com/teddyride/song/beautiful-girl,https://i.audiomack.com/teddyride/f2fc8f822d.webp?width=416,450000,2990,N/A,3080,"August 15, 2025"
2026-10-10 08:24:54,Teddyride,TeddyrideTeddyride Order,https://audiomack.com/teddyride/song/teddyride-order,https://i.audiomack.com/darius-teddyride-kumorteh/4c3dfe276f.webp?width=416,79300,328,N/A,566,"August 26, 2021"
2026-10-10 08:24:57,Teddyride,TeddyrideTeddyride Feat. Jzyno   Sweet Sweet Bad Thing,https://audiomack.com/teddyride/song/teddyride-feat-jzyno-sweet-sweet-bad-thing,https://i.audiomack.com/darius-teddyride-kumorteh/4c3dfe276f.webp?width=416,86200,408,N/A,775,"August 26, 2021"
2026-10-10 08:25:00,Teddyride,TeddyrideTeddyride X Lucky Bucky   U Able It,https://audiomack.com/teddyride/song/teddyride-x-lucky-bucky-u-able-it,https://i.audiomack.com/darius-teddyride-kumorteh/4c3dfe276f.webp?width=416,91700,412,N/A,743,"August 26, 2021"
2026-10-10 08:25:04,Teddyride,TEDDYRIDETeddyride   Enter ( Prod By Kellz Beatz ),https://audiomack.com/teddyride/song/teddyride-enter-prod-by-kellz-beatz,https://i.audiomack.com/teddyride/2aceeec711.webp?width=416,130000,910,N/A,1380,"September 18, 2023"
2026-10-10 08:25:07,Teddyride,TeddyrideTeddyride   Bye Bye,https://audiomack.com/teddyride/song/teddyride-bye-bye,https://i.audiomack.com/darius-teddyride-kumorteh/4c3dfe276f.webp?width=416,62700,284,N/A,469,"August 26, 2021"
2026-10-10 08:25:10,Teddyride,TeddyrideTeddyride - Pray for me,https://audiomack.com/teddyride/song/teddyride-pray-for-me,https://i.audiomack.com/darius-teddyride-kumorteh/7b6df88ed7.webp?width=416,34100,140,N/A,347,"April 7, 2020"
2026-10-10 08:25:13,Teddyride,TeddyrideTeddyride X D'Ameko   Dance,https://audiomack.com/teddyride/song/teddyride-x-dameko-dance,https://i.audiomack.com/darius-teddyride-kumorteh/4c3dfe276f.webp?width=416,50100,273,N/A,427,"August 26, 2021"
2026-10-10 08:25:17,Teddyride,TeddyrideDon't Go,https://audiomack.com/teddyride/song/dont-go-official-audio,https://i.audiomack.com/teddyride/5e478465d6.webp?width=416,163000,2540,N/A,2300,"April 30, 2024"
2026-10-10 08:25:20,Teddyride,TeddyrideGUNSHOT,https://audiomack.com/teddyride/song/gunshot,https://i.audiomack.com/teddyride/108a600104.webp?width=416,184000,1890,N/A,3050,"March 7, 2025"
2026-10-10 08:25:23,Teddyride,Da-Vero-Single-Lady-Prod.Kellzbeatz,https://audiomack.com/teddyride/song/single-lady-prodkellzbeatz,https://i.audiomack.com/darius-teddyride-kumorteh/e0eb2b7aad.webp?width=416,9510,52,N/A,88,"October 2, 2020"
2026-10-10 08:25:26,Teddyride,TeddyrideThis Year,https://audiomack.com/teddyride/song/this-year,https://i.audiomack.com/darius-teddyride-kumorteh/b27a91f279.webp?width=416,50600,432,N/A,213,"May 1, 2022"
2026-10-10 08:25:29,Teddyride,TeddyrideGo Down,https://audiomack.com/teddyride/song/teddyride-go-down,https://i.audiomack.com/darius-teddyride-kumorteh/d1626de1d8.webp?width=416,138000,794,N/A,682,"February 10, 2023"
2026-10-10 08:25:32,Teddyride,TeddyrideBull satan,https://audiomack.com/teddyride/song/bull-satan,https://i.audiomack.com/darius-teddyride-kumorteh/07c02eca32.webp?width=416,12800,67,N/A,142,"September 18, 2020"
2026-10-10 08:25:36,Teddyride,TeddyrideOrange money,https://audiomack.com/teddyride/song/orange-money,https://i.audiomack.com/darius-teddyride-kumorteh/1349213926.webp?width=416,21900,90,N/A,111,"August 14, 2022"
2026-10-10 08:25:39,Teddyride,Teddyrideuse your head live,https://audiomack.com/teddyride/song/use-your-head-live,https://i.audiomack.com/teddyride/4a5a1adeba.webp?width=416,9420,77,N/A,73,"November 1, 2023"
2026-10-10 08:25:42,Teddyride,TeddyrideBull Satan Melody version,https://audiomack.com/teddyride/song/bull-satan-melody-version,https://i.audiomack.com/darius-teddyride-kumorteh/e0eb2b7aad.webp?width=416,4180,23,N/A,24,"October 2, 2020"
2026-10-10 08:25:45,Teddyride,TeddyrideTeddyRide Feat. Tamba Hali - Hosanna,https://audiomack.com/teddyride/song/18202095,https://i.audiomack.com/darius-teddyride-kumorteh/9c807f3b06.webp?width=416,20700,175,N/A,47,"April 27, 2022"
2026-10-10 08:26:05,Jaredo,PAGE NOT FOUND,https://audiomack.com/jaredo/song/cinderella,N/A,N/A,N/A,N/A,N/A,N/A
2026-10-10 08:26:08,Jaredo,JaredoFocus,https://audiomack.com/Jaredo/song/focus,https://i.audiomack.com/jaredo-8/cd81ee8353.webp?width=416,214000,1770,N/A,1510,"August 28, 2026"
2026-10-10 08:26:11,Jaredo,jaredoTo Be a Man,https://audiomack.com/Jaredo/song/to-be-a-man,https://i.audiomack.com/Jaredo/18779290-c.webp?width=416,588000,4540,N/A,2690,"August 15, 1"
2026-10-10 08:26:14,Jaredo,"jaredo, Lil MoreCan't Complain",https://audiomack.com/Jaredo/song/cant-complain,https://i.audiomack.com/Jaredo/16707513-c.webp?width=416,929000,7560,N/A,7930,"April 18, 2025"
2026-10-10 08:26:17,Jaredo,jaredoBlessings,https://audiomack.com/Jaredo/song/blessings,https://i.audiomack.com/Jaredo/17848161-c.webp?width=416,538000,4130,N/A,4490,"June 20, 2025"
2026-10-10 08:26:21,Jaredo,jaredoBus Stop,https://audiomack.com/Jaredo/song/bus-stop,https://i.audiomack.com/Jaredo/18779290-c.webp?width=416,554000,5980,N/A,4059,"August 15, 1"
2026-10-10 08:26:24,Jaredo,jaredoWhy,https://audiomack.com/Jaredo/song/why,https://i.audiomack.com/Jaredo/18779290-c.webp?width=416,294000,3320,N/A,1350,"August 15, 1"
2026-10-10 08:26:27,Jaredo,jaredoFavor Me,https://audiomack.com/Jaredo/song/favor-me,https://i.audiomack.com/Jaredo/18779290-c.webp?width=416,236000,3250,N/A,1100,"August 15, 1"
2026-10-10 08:26:31,Jaredo,jaredoI Dey Okay,https://audiomack.com/Jaredo/song/i-dey-okay,https://i.audiomack.com/Jaredo/18779290-c.webp?width=416,302000,2970,N/A,3230,"August 15, 1"
2026-10-10 08:26:34,Jaredo,jaredoDont Go,https://audiomack.com/Jaredo/song/dont-go,https://i.audiomack.com/Jaredo/11877675-c.webp?width=416,78200,469,N/A,626,"August 8, 2024"
2026-10-10 08:26:37,Jaredo,jaredoBebe,https://audiomack.com/Jaredo/song/bebe,https://i.audiomack.com/Jaredo/11877691-c.webp?width=416,118000,975,N/A,2100,"August 5, 2024"
2026-10-10 08:26:41,Jaredo,jaredoTo Know,https://audiomack.com/Jaredo/song/to-know,https://i.audiomack.com/Jaredo/12454953-c.webp?width=416,138000,1320,N/A,2740,"August 30, 2024"
2026-10-10 08:26:44,Jaredo,jaredoCinderella,https://audiomack.com/Jaredo/song/cinderella,https://i.audiomack.com/Jaredo/69b35012c4.webp?width=416,86700,733,N/A,1340,"December 15, 2023"
2026-10-10 08:27:06,King Dennis,King DennisSomething Different,https://audiomack.com/troublecoming/song/something-different,https://i.audiomack.com/troublecoming/438e79ec99.webp?width=416,317000,K,N/A,1710,"September 11, 2026"
2026-10-10 08:27:09,King Dennis,King DennisBorn To Suffer,https://audiomack.com/troublecoming/song/born-to-suffer,https://i.audiomack.com/troublecoming/23fee72ece.webp?width=416,758000,6620,N/A,5000,"July 3, 2026"
2026-10-10 08:27:12,King Dennis,King DennisJunny Brabe,https://audiomack.com/troublecoming/song/junny-brabe,https://i.audiomack.com/troublecoming/c885c61822.webp?width=416,826000,6800,N/A,6320,"March 30, 2026"
2026-10-10 08:27:15,King Dennis,King Dennis123 Drill,https://audiomack.com/troublecoming/song/king-dennis-123-drill-prod-shadow-beatz,https://i.audiomack.com/kingdennis/cbeb7b139f.webp?width=416,649000,11300,N/A,6900,"October 11, 2024"
2026-10-10 08:27:18,King Dennis,King DennisPatience,https://audiomack.com/troublecoming/song/patience,https://i.audiomack.com/troublecoming/7a1b773ec2.webp?width=416,639000,5290,N/A,5150,"February 12, 2026"
2026-10-10 08:27:22,King Dennis,King DennisMoney Na Water,https://audiomack.com/troublecoming/song/money-na-water,https://i.audiomack.com/troublecoming/f3068b7478.webp?width=416,916000,6970,N/A,7480,"December 13, 2025"
2026-10-10 08:27:25,King Dennis,King DennisHustler Anthem,https://audiomack.com/troublecoming/song/hustler-anthem-prod-t-que-beatz-2,https://i.audiomack.com/kingdennis/8a68bfd266.webp?width=416,1400000,9800,N/A,12300,"March 30, 2025"
2026-10-10 08:27:28,King Dennis,King DennisZowahlazo,https://audiomack.com/troublecoming/song/zowahlazo,https://i.audiomack.com/troublecoming/a806cc9478.webp?width=416,757000,7200,N/A,8170,"October 10, 2025"
2026-10-10 08:27:31,King Dennis,King DennisPray,https://audiomack.com/troublecoming/song/king-dennis-pray-prod-shadow-beatzz,https://i.audiomack.com/kingdennis/3bbdd44aa4.webp?width=416,357000,4520,N/A,4700,"July 4, 2024"
2026-10-10 08:27:34,King Dennis,King DennisHelp Me Now,https://audiomack.com/troublecoming/song/help-me-now,https://i.audiomack.com/kingdennis/960d3a3607.webp?width=416,836000,6480,N/A,7450,"July 4, 2025"
2026-10-10 08:27:38,King Dennis,King DennisProblem,https://audiomack.com/troublecoming/song/king-dennis-problem-ft-barsee-prod-j-nas-beatz-mp-3,https://i.audiomack.com/kingdennis/3bbdd44aa4.webp?width=416,374000,3780,N/A,6200,"July 4, 2024"
2026-10-10 08:27:41,King Dennis,King DennisMama Wayy,https://audiomack.com/troublecoming/song/king-dennis-ft-nuchie-meek-mama-wayy-prod-shadow-beatz,https://i.audiomack.com/kingdennis/3bbdd44aa4.webp?width=416,735000,5810,N/A,12100,"July 4, 2024"
2026-10-10 08:27:44,King Dennis,King DennisUnbalance,https://audiomack.com/troublecoming/song/king-dennis-unbalance-ft-a-wood-prod-by-flexzzbeatz,https://i.audiomack.com/kingdennis/3bbdd44aa4.webp?width=416,247000,3440,N/A,3720,"July 4, 2024"
2026-10-10 08:27:47,King Dennis,King DennisZawah,https://audiomack.com/troublecoming/song/zawah,https://i.audiomack.com/troublecoming/c7af40b6f8.webp?width=416,343000,3800,N/A,5360,"March 30, 2024"
2026-10-10 08:27:50,King Dennis,King DennisTrouble Coming,https://audiomack.com/troublecoming/song/trouble-coming,https://i.audiomack.com/bilikonent/632bb423ea.webp?width=416,398000,3110,N/A,3120,"May 12, 2023"
2026-10-10 08:27:54,King Dennis,King DennisLa u feeding me,https://audiomack.com/troublecoming/song/king-dennis-la-u-feeling-me-prod-by-flexzzbeatz,https://i.audiomack.com/kingdennis/3bbdd44aa4.webp?width=416,201000,3130,N/A,3640,"July 4, 2024"
2026-10-10 08:27:57,King Dennis,King DennisNimba Anthem,https://audiomack.com/troublecoming/song/nimba-anthem,https://i.audiomack.com/troublecoming/3995e132c0.webp?width=416,121000,1240,N/A,865,"January 10, 2026"
2026-10-10 08:28:05,King Dennis,King DennisMoney,https://audiomack.com/troublecoming/song/king-dennis-money-ft-ldrez-prod-flexzzbeatz-2,https://i.audiomack.com/kingdennis/3bbdd44aa4.webp?width=416,177000,2780,N/A,3410,"July 4, 2024"
2026-10-10 08:28:10,King Dennis,King DennisI Jeh Laugh,https://audiomack.com/troublecoming/song/i-jeh-laugh,https://i.audiomack.com/bilikonent/632bb423ea.webp?width=416,358000,2090,N/A,2610,"May 12, 2023"
2026-10-10 08:28:13,King Dennis,King DennisQuabey,https://audiomack.com/troublecoming/song/king-dennis-quabey-prod-shadow-beatz,https://i.audiomack.com/kingdennis/3bbdd44aa4.webp?width=416,207000,3230,N/A,3790,"July 4, 2024"
2026-10-10 08:28:16,King Dennis,King DennisCome Leh Bet Ly,https://audiomack.com/troublecoming/song/king-dennis-ft-jb-d-general-come-leh-bet-ly-prod-shadow-beatz,https://i.audiomack.com/kingdennis/3bbdd44aa4.webp?width=416,198000,2930,N/A,4070,"July 4, 2024"
2026-10-10 08:28:20,King Dennis,King DennisLa lay fact,https://audiomack.com/troublecoming/song/lalayfact,https://i.audiomack.com/troublecoming/a29b2431fc.webp?width=416,219000,3100,N/A,3530,"January 26, 2024"
2026-10-10 08:28:23,King Dennis,King DennisMoney,https://audiomack.com/troublecoming/song/money,https://i.audiomack.com/king-dennis-12/18484622-c.webp?width=416,8710,112,N/A,94,"July 24, 3600"
2026-10-10 08:28:26,King Dennis,King DennisJunny Brabe,https://audiomack.com/troublecoming/song/junny-brabe-1,https://i.audiomack.com/troublecoming/8d989edf09.webp?width=416,25300,242,N/A,255,"April 3, 2026"
2026-10-10 08:28:29,King Dennis,King DennisBook Jimmy,https://audiomack.com/troublecoming/song/book-jimmy,https://i.audiomack.com/bilikonent/00d10c574b.webp?width=416,241000,1650,N/A,1820,"June 28, 2022"
2026-10-10 08:28:32,King Dennis,King DennisMy Way Yaah!,https://audiomack.com/troublecoming/song/my-way-yaah-prod-shadow-beatz,https://i.audiomack.com/kingdennis/2c601b8a9d.webp?width=416,518000,5310,N/A,7800,"January 1, 2025"
2026-10-10 08:28:36,King Dennis,King DennisHipCo Alphabet (A to Z ),https://audiomack.com/troublecoming/song/hipco-alphabet-a-to-z,https://i.audiomack.com/bilikonent/880effc95d.webp?width=416,329000,2440,N/A,2480,"March 8, 2023"
2026-10-10 08:28:39,King Dennis,King DennisKinkinneekin,https://audiomack.com/troublecoming/song/kinkinneekin-prod-shadow-beatz,https://i.audiomack.com/kingdennis/3fccba04b4.webp?width=416,448000,4330,N/A,6690,"March 7, 2025"
2026-10-10 08:28:42,King Dennis,King DennisPalorpor,https://audiomack.com/troublecoming/song/palorpor-1,https://i.audiomack.com/bilikonent/51eef8a848.webp?width=416,159000,1300,N/A,1250,"December 22, 2022"
2026-10-10 08:28:45,King Dennis,King DennisS.O so,https://audiomack.com/troublecoming/song/so-so,https://i.audiomack.com/bilikonent/632bb423ea.webp?width=416,188000,1410,N/A,1280,"May 12, 2023"
2026-10-10 08:28:48,King Dennis,King DennisTimes Table,https://audiomack.com/troublecoming/song/times-table,https://i.audiomack.com/bilikonent/632bb423ea.webp?width=416,160000,1330,N/A,1460,"May 12, 2023"
2026-10-10 08:28:51,King Dennis,King DennisProblems,https://audiomack.com/troublecoming/song/problems,https://i.audiomack.com/king-dennis-12/18484622-c.webp?width=416,11100,124,N/A,122,"July 24, 3600"
2026-10-10 08:28:55,King Dennis,King DennisPray,https://audiomack.com/troublecoming/song/pray,https://i.audiomack.com/king-dennis-12/18484622-c.webp?width=416,10600,121,N/A,76,"July 24, 3600"
2026-10-10 08:28:58,King Dennis,King DennisCheep Gossip,https://audiomack.com/troublecoming/song/king-denis-cheep-gossip-prod-by-flexzzbeatz,https://i.audiomack.com/bilikonent/632bb423ea.webp?width=416,194000,1380,N/A,1590,"May 12, 2023"
2026-10-10 08:29:01,King Dennis,King DennisThank You,https://audiomack.com/troublecoming/song/thank-you,https://i.audiomack.com/bilikonent/632bb423ea.webp?width=416,121000,1230,N/A,1120,"May 12, 2023"
2026-10-10 08:29:04,King Dennis,King DennisCome Leh Bet Lay,https://audiomack.com/troublecoming/song/come-leh-bet-lay,https://i.audiomack.com/king-dennis-12/18484622-c.webp?width=416,16500,131,N/A,154,"July 24, 3600"
2026-10-10 08:29:07,King Dennis,King Dennis(BMT) beg my toes,https://audiomack.com/troublecoming/song/bmt-beg-my-toes,https://i.audiomack.com/bilikonent/cbcb67123c.webp?width=416,98700,766,N/A,903,"September 4, 2023"
2026-10-10 08:29:11,King Dennis,King DennisHustler Anthem,https://audiomack.com/troublecoming/song/hustler-anthem,https://i.audiomack.com/king-dennis-12/18335512-c.webp?width=416,7000,51,N/A,80,"July 11, 2025"
2026-10-10 08:29:14,King Dennis,King Dennis123 Drill,https://audiomack.com/troublecoming/song/123-drill,https://i.audiomack.com/king-dennis-12/18350380-c.webp?width=416,19000,153,N/A,184,"August 2, 2025"
2026-10-10 08:29:17,King Dennis,King DennisOutside,https://audiomack.com/troublecoming/song/outside,https://i.audiomack.com/bilikonent/632bb423ea.webp?width=416,124000,1160,N/A,1040,"May 12, 2023"
2026-10-10 08:29:20,King Dennis,King DennisEhn La U,https://audiomack.com/troublecoming/song/king-dennis-ehn-la-u-prod-shadow-beatz,https://i.audiomack.com/troublecoming/96f88b9f75.webp?width=416,122000,1050,N/A,1510,"April 23, 2024"
2026-10-10 08:29:23,King Dennis,King DennisI thinking on it,https://audiomack.com/troublecoming/song/i-thinking-on-it,https://i.audiomack.com/bilikonent/d4c0afef48.webp?width=416,117000,871,N/A,935,"November 26, 2023"
2026-10-10 08:29:27,King Dennis,King DennisHelp Me Now,https://audiomack.com/troublecoming/song/help-me-now-1,https://i.audiomack.com/king-dennis-12/18335928-c.webp?width=416,7800,88,N/A,80,"July 11, 2025"
2026-10-10 08:29:30,King Dennis,King DennisBook Jimmy,https://audiomack.com/troublecoming/song/bookjimmy,https://i.audiomack.com/denniskelvinj200/bcb6cce747.webp?width=416,28200,156,N/A,134,"September 11, 2022"
2026-10-10 08:29:33,King Dennis,King DennisGreedy Gutt,https://audiomack.com/troublecoming/song/greedy-gutt,https://i.audiomack.com/bilikonent/632bb423ea.webp?width=416,116000,1120,N/A,1040,"May 12, 2023"
2026-10-10 08:29:36,King Dennis,King DennisMama Wayy,https://audiomack.com/troublecoming/song/mama-wayy,https://i.audiomack.com/king-dennis-12/18484622-c.webp?width=416,7540,105,N/A,128,"July 24, 3600"
2026-10-10 08:29:39,King Dennis,King DennisWassce Anthem,https://audiomack.com/troublecoming/song/wassce-anthem-prod-shadow-beatz,https://i.audiomack.com/kingdennis/b2d919554b.webp?width=416,182000,2170,N/A,2920,"May 17, 2024"
2026-10-10 08:29:43,King Dennis,King DennisUnbalanced,https://audiomack.com/troublecoming/song/unbalanced,https://i.audiomack.com/king-dennis-12/18484622-c.webp?width=416,6650,97,N/A,77,"July 24, 3600"
2026-10-10 08:29:46,King Dennis,King DennisLa You Feeding Me?,https://audiomack.com/troublecoming/song/la-you-feeding-me,https://i.audiomack.com/king-dennis-12/18484622-c.webp?width=416,5200,82,N/A,83,"July 24, 3600"
2026-10-10 08:29:49,King Dennis,King DennisAyyy Free ooo,https://audiomack.com/troublecoming/song/ayyy-free-ooo-prod-shadow-beatz,https://i.audiomack.com/kingdennis/05e6e984ce.webp?width=416,51900,555,N/A,748,"June 21, 2024"
2026-10-10 08:29:52,King Dennis,King DennisThis Year I Outside,https://audiomack.com/troublecoming/song/16616291,https://i.audiomack.com/denniskelvinj200/12012b5260.webp?width=416,106000,527,N/A,833,"January 9, 2022"
2026-10-10 08:29:55,King Dennis,King DennisQuabey,https://audiomack.com/troublecoming/song/quabey,https://i.audiomack.com/king-dennis-12/18484622-c.webp?width=416,4230,81,N/A,54,"July 24, 3600"
2026-10-10 08:30:01,King Dennis,King DennisMy Way Yaah!,https://audiomack.com/troublecoming/song/my-way-yaah,https://i.audiomack.com/king-dennis-12/18484617-c.webp?width=416,2330,18,N/A,22,"November 9, 2024"
2026-10-10 08:30:04,King Dennis,King DennisBanjo Banjo,https://audiomack.com/troublecoming/song/king-dennis-banjo-banjo-prod-d-nuch,https://i.audiomack.com/denniskelvinj200/1964397be6.webp?width=416,58800,305,N/A,487,"December 18, 2020"
2026-10-10 08:30:09,King Dennis,King DennisPalorpor,https://audiomack.com/troublecoming/song/palorpor,https://i.audiomack.com/denniskelvinj200/71ba5f85f0.webp?width=416,12900,61,N/A,86,"January 26, 2023"
2026-10-10 08:30:12,King Dennis,King DennisZawah,https://audiomack.com/troublecoming/song/zawah-1,https://i.audiomack.com/king-dennis-12/18484627-c.webp?width=416,2550,20,N/A,22,"March 30, 2024"
2026-10-10 08:30:31,JZyNo,JZyNoButta My Bread,https://audiomack.com/jzyno/song/butta-my-bread,https://i.audiomack.com/jzyno/b2c9af525a.webp?width=416,59600000,138000,N/A,344000,"April 7, 2023"
2026-10-10 08:30:34,JZyNo,"JZyNo, Wendy ShaySofaya",https://audiomack.com/jzyno/song/sofaya,https://i.audiomack.com/jzyno/15e9648a06.webp?width=416,3870000,25400,N/A,34200,"April 8, 2026"
2026-10-10 08:30:37,JZyNo,JZyNOProfeh,https://audiomack.com/jzyno/song/profeh,https://i.audiomack.com/jzyno/6ef578bbb6.webp?width=416,1730000,20900,N/A,17600,"December 20, 2024"
2026-10-10 08:30:40,JZyNo,JZyNOMood (feat. Khaid),https://audiomack.com/jzyno/song/mood-feat-khaid-6843136,https://i.audiomack.com/jzyno/9e082023bc.webp?width=416,4310000,31300,N/A,57400,"July 26, 2024"
2026-10-10 08:30:44,JZyNo,JZyNoEyes On You,https://audiomack.com/jzyno/song/eyes-on-you,https://i.audiomack.com/jzyno/5197d39b20.webp?width=416,6370000,37200,N/A,84400,"October 6, 2023"
2026-10-10 08:30:47,JZyNo,"JZyNo, Nasty C, Sid Sriram feat. LasmidButta My Bread (Remix)",https://audiomack.com/jzyno/song/butta-my-bread-remix,https://i.audiomack.com/jzyno/107110f869.webp?width=416,3270000,24900,N/A,19300,"May 10, 2024"
2026-10-10 08:30:50,JZyNo,JZyNO & The GameGo Down,https://audiomack.com/jzyno/song/go-down,https://i.audiomack.com/jzyno/2a2c4b2a7b.webp?width=416,1860000,14500,N/A,22500,"April 25, 2025"
2026-10-10 08:30:53,JZyNo,JZyNOTetato,https://audiomack.com/jzyno/song/tetato-9025027,https://i.audiomack.com/jzyno/c270a3b01f.webp?width=416,741000,9600,N/A,9520,"November 7, 2025"
2026-10-10 08:30:56,JZyNo,JZyNOJoy,https://audiomack.com/jzyno/song/joy,https://i.audiomack.com/jzyno/619960ede2.webp?width=416,1890000,18800,N/A,30800,"September 13, 2024"
2026-10-10 08:31:00,JZyNo,JZyNoYakunay,https://audiomack.com/jzyno/song/yakunay,https://i.audiomack.com/jzyno/56188d5aee.webp?width=416,2450000,15500,N/A,24300,"December 22, 2023"
2026-10-10 08:31:03,JZyNo,JZyNOFinally,https://audiomack.com/jzyno/song/finally,https://i.audiomack.com/jzyno/bbac9154c0.webp?width=416,1670000,15300,N/A,20400,"June 21, 2024"
2026-10-10 08:31:06,JZyNo,JZyNo feat. LasmidButta My Bread,https://audiomack.com/jzyno/song/butta-my-bread-2,https://i.audiomack.com/jzyno/1beb399152.webp?width=416,25200,158,N/A,370,"January 5, 2024"
2026-10-10 08:31:09,JZyNo,JZyNoAll You Want,https://audiomack.com/jzyno/song/jzyno-all-you-want,https://i.audiomack.com/jzyno/83b4433d46.webp?width=416,748000,3580,N/A,5960,"August 7, 2021"
2026-10-10 08:31:12,JZyNo,"JZyNO, Christoph The ChangeBabe",https://audiomack.com/jzyno/song/babe,https://i.audiomack.com/jzyno/619960ede2.webp?width=416,575000,8730,N/A,8250,"September 13, 2024"
2026-10-10 08:31:16,JZyNo,JZyNoFall Down Inside (FDI),https://audiomack.com/jzyno/song/fall-down-inside-fdi,https://i.audiomack.com/jzyno/7b94af5032.webp?width=416,1340000,4290,N/A,3190,"April 8, 2022"
2026-10-10 08:31:19,JZyNo,JZyNoONANA,https://audiomack.com/jzyno/song/onana,https://i.audiomack.com/jzyno/09c19c1bbf.webp?width=416,1230000,5390,N/A,6650,"November 25, 2022"
2026-10-10 08:31:22,JZyNo,"JZyNO, Jaywillz360",https://audiomack.com/jzyno/song/360,https://i.audiomack.com/jzyno/619960ede2.webp?width=416,386000,360,N/A,5070,"September 13, 2024"
2026-10-10 08:31:27,JZyNo,JZyNOTrust Issues,https://audiomack.com/jzyno/song/trust-issues,https://i.audiomack.com/jzyno/619960ede2.webp?width=416,252000,5870,N/A,4010,"September 13, 2024"
2026-10-10 08:31:30,JZyNo,JZyNoKpan Kpan Me,https://audiomack.com/jzyno/song/kpan-kpan-me,https://i.audiomack.com/j-lee-muzic/1ccc0f12b6.webp?width=416,157000,657,N/A,1260,"December 13, 2019"
2026-10-10 08:31:34,JZyNo,JZyNoAllowed,https://audiomack.com/jzyno/song/allowed,https://i.audiomack.com/jzyno/83b4433d46.webp?width=416,213000,1520,N/A,1910,"August 7, 2021"
2026-10-10 08:31:39,JZyNo,JZyNoSave Me,https://audiomack.com/jzyno/song/save-me,https://i.audiomack.com/jzyno/83b4433d46.webp?width=416,204000,1450,N/A,2000,"August 7, 2021"
2026-10-10 08:31:43,JZyNo,JZyNoAmi,https://audiomack.com/jzyno/song/ami,https://i.audiomack.com/jzyno/cb3ea28212.webp?width=416,243000,1700,N/A,1230,"August 5, 2022"
2026-10-10 08:31:46,JZyNo,JZyNoI'm Tired,https://audiomack.com/jzyno/song/im-tired,https://i.audiomack.com/jzyno/8f26229a79.webp?width=416,52800,320,N/A,468,"June 29, 2020"
2026-10-10 08:31:49,JZyNo,JZyNoOLoLo,https://audiomack.com/jzyno/song/ololo,https://i.audiomack.com/jzyno/83b4433d46.webp?width=416,293000,1700,N/A,2810,"August 7, 2021"
2026-10-10 08:31:52,JZyNo,JZyNoI Like It,https://audiomack.com/jzyno/song/14425900,https://i.audiomack.com/jzyno/8ac76da325.webp?width=416,209000,1390,N/A,1300,"July 21, 2021"
2026-10-10 08:31:55,JZyNo,JZyNoDuDuKeh,https://audiomack.com/jzyno/song/dudukeh,https://i.audiomack.com/jzyno/83b4433d46.webp?width=416,133000,1160,N/A,1530,"August 7, 2021"
2026-10-10 08:31:58,JZyNo,JZyNoLet’s Flex,https://audiomack.com/jzyno/song/lets-flex,https://i.audiomack.com/jzyno/83b4433d46.webp?width=416,139000,1160,N/A,1530,"August 7, 2021"
2026-10-10 08:32:04,JZyNo,JZyNoMamie Watta,https://audiomack.com/jzyno/song/mamie-watta,https://i.audiomack.com/jzyno/dcf44bc353.webp?width=416,201000,812,N/A,1010,"April 13, 2021"
2026-10-10 08:32:07,JZyNo,JZyNoWocho,https://audiomack.com/jzyno/song/wocho,https://i.audiomack.com/jzyno/b08ee2789d.webp?width=416,197000,849,N/A,658,"December 15, 2021"
2026-10-10 08:32:12,JZyNo,JZyNo feat. LasmidButta My Bread (Yves V Remix),https://audiomack.com/jzyno/song/butta-my-bread-yves-v-remix-1,https://i.audiomack.com/jzyno/1beb399152.webp?width=416,7980,76,N/A,57,"January 5, 2024"
2026-10-10 08:32:16,JZyNo,JZyNoSlow Mo,https://audiomack.com/jzyno/song/slow-mo,https://i.audiomack.com/j-lee-muzic/981c28ceb8.webp?width=416,134000,745,N/A,1470,"August 11, 2019"
2026-10-10 08:32:19,JZyNo,JZyNoRula,https://audiomack.com/jzyno/song/rula,https://i.audiomack.com/jzyno/99dda6a2e1.webp?width=416,91400,415,N/A,355,"February 5, 2021"
2026-10-10 08:32:22,JZyNo,JZyNo feat. LasmidButta My Bread (Sped Up),https://audiomack.com/jzyno/song/butta-my-bread-sped-up,https://i.audiomack.com/jzyno/aec758120a.webp?width=416,30300,442,N/A,373,"April 7, 2023"
2026-10-10 08:32:27,JZyNo,JZyNoASK (FREESTYLE),https://audiomack.com/jzyno/song/jzyno-ask-freestyle,https://i.audiomack.com/jzyno/e89bf312b9.webp?width=416,83700,406,N/A,639,"July 8, 2022"
2026-10-10 08:32:30,JZyNo,JZyNoDon't Kill My Vibe,https://audiomack.com/jzyno/song/dont-kill-my-vibes,https://i.audiomack.com/jzyno/2a0a8a9b67.webp?width=416,62200,448,N/A,384,"October 22, 2021"
2026-10-10 08:32:33,JZyNo,JZyNoMarry You,https://audiomack.com/jzyno/song/marry-you,https://i.audiomack.com/jzyno/dcc0ba309d.webp?width=416,41000,187,N/A,261,"November 12, 2020"
2026-10-10 08:32:36,JZyNo,JZyNoFreshBoy Freestyle,https://audiomack.com/jzyno/song/freshboy-freestyle,https://i.audiomack.com/j-lee-muzic/43cb777fee.webp?width=416,15700,123,N/A,135,"August 11, 2019"
2026-10-10 08:32:40,JZyNo,JZyNoDIFFERENT,https://audiomack.com/jzyno/song/different,https://i.audiomack.com/jzyno/493bff5bf8.webp?width=416,39700,655,N/A,362,"September 17, 2021"
2026-10-10 08:32:59,C.I.C,C.I.C & PeruzziNobody,https://audiomack.com/cralorboi_cic/song/nobody,https://i.audiomack.com/cralorboi_cic/882a28cb2b.webp?width=416,1230000,5260,N/A,4820,"August 7, 2026"
2026-10-10 08:33:02,C.I.C,C.I.CCongratulations,https://audiomack.com/cralorboi_cic/song/congratulations,https://i.audiomack.com/cralorboi_cic/9813336-co.webp?width=416,1860000,16100,N/A,22100,"February 23, 2024"
2026-10-10 08:33:06,C.I.C,C.I.COne Day,https://audiomack.com/cralorboi_cic/song/one-day,https://i.audiomack.com/cralorboi_cic/11865034-c.webp?width=416,2280000,15500,N/A,32600,"July 30, 2024"
2026-10-10 08:33:09,C.I.C,C.I.CHappy,https://audiomack.com/cralorboi_cic/song/happy,https://i.audiomack.com/cralorboi_cic/183cd5eefa.webp?width=416,1410000,12100,N/A,15800,"May 9, 2025"
2026-10-10 08:33:12,C.I.C,C.I.CPlearjay,https://audiomack.com/cralorboi_cic/song/plearjay,https://i.audiomack.com/cralorboi_cic/18141318-c.webp?width=416,1270000,8940,N/A,13600,"July 23, 2025"
2026-10-10 08:33:15,C.I.C,C.I.CDon't Give up on Me,https://audiomack.com/cralorboi_cic/song/dont-give-up-on-me-1,https://i.audiomack.com/cralorboi_cic/18141318-c.webp?width=416,260000,3540,N/A,2380,"July 23, 2025"
2026-10-10 08:33:18,C.I.C,C.I.CMorning,https://audiomack.com/cralorboi_cic/song/morning,https://i.audiomack.com/cralorboi_cic/3c9527d22a.webp?width=416,404000,1960,N/A,5480,"May 1, 2023"
2026-10-10 08:33:22,C.I.C,SOGHigh,https://audiomack.com/cralorboi_cic/song/high,https://i.audiomack.com/cralorboi-cic/c16aa4c513.webp?width=416,357000,1660,N/A,3530,"April 4, 2020"
2026-10-10 08:33:25,C.I.C,CICBaby,https://audiomack.com/cralorboi_cic/song/cic-babyxldrez,https://i.audiomack.com/cralorboi-cic/40ee76a91b.webp?width=416,317000,1330,N/A,3830,"June 3, 2020"
2026-10-10 08:33:28,C.I.C,C.I.CIntro,https://audiomack.com/cralorboi_cic/song/intro,https://i.audiomack.com/cralorboi_cic/18141318-c.webp?width=416,267000,3600,N/A,1900,"July 23, 2025"
2026-10-10 08:33:31,C.I.C,C.I.CHeaven,https://audiomack.com/cralorboi_cic/song/heaven,https://i.audiomack.com/cralorboi_cic/18141318-c.webp?width=416,410000,3590,N/A,2720,"July 23, 2025"
2026-10-10 08:33:34,C.I.C,C.I.CDahtor,https://audiomack.com/cralorboi_cic/song/dahtor,https://i.audiomack.com/cralorboi_cic/8900d7f8e9.webp?width=416,1150000,10500,N/A,21700,"August 4, 2023"
2026-10-10 08:33:37,C.I.C,C.I.CReverse,https://audiomack.com/cralorboi_cic/song/cic-reverse-ft-jaredo,https://i.audiomack.com/cralorboi_cic/3c9527d22a.webp?width=416,192000,1110,N/A,1760,"May 1, 2023"
2026-10-10 08:33:41,C.I.C,C.I.CMUMU ft Iyanya X Jaredo,https://audiomack.com/cralorboi_cic/song/mumu-ft-iyanya-x-jaredo,https://i.audiomack.com/cralorboi_cic/3c9527d22a.webp?width=416,162000,950,N/A,1570,"May 1, 2023"
2026-10-10 08:33:44,C.I.C,C.I.CBig Papa,https://audiomack.com/cralorboi_cic/song/big-papa,https://i.audiomack.com/cralorboi_cic/3c9527d22a.webp?width=416,133000,839,N/A,1620,"May 1, 2023"
2026-10-10 08:33:47,C.I.C,C.I.CHala Me,https://audiomack.com/cralorboi_cic/song/hala-me,https://i.audiomack.com/cralorboi_cic/18141318-c.webp?width=416,254000,2730,N/A,2150,"July 23, 2025"
2026-10-10 08:33:50,C.I.C,C.I.CFine,https://audiomack.com/cralorboi_cic/song/fine,https://i.audiomack.com/cralorboi_cic/18141318-c.webp?width=416,149000,2800,N/A,1710,"July 23, 2025"
2026-10-10 08:33:54,C.I.C,C.I.CAll to Myself,https://audiomack.com/cralorboi_cic/song/all-to-myself,https://i.audiomack.com/cralorboi_cic/18141318-c.webp?width=416,116000,2330,N/A,1570,"July 23, 2025"
2026-10-10 08:33:57,C.I.C,C.I.CForever,https://audiomack.com/cralorboi_cic/song/forever,https://i.audiomack.com/cralorboi_cic/18141318-c.webp?width=416,115000,2390,N/A,1560,"July 23, 2025"
2026-10-10 08:34:02,C.I.C,C.I.CAyy Mehn,https://audiomack.com/cralorboi_cic/song/ayy-mehn,https://i.audiomack.com/cralorboi_cic/18141318-c.webp?width=416,200000,2410,N/A,1630,"July 23, 2025"
2026-10-10 08:34:05,C.I.C,C.I.CYou,https://audiomack.com/cralorboi_cic/song/you,https://i.audiomack.com/cralorboi_cic/18141318-c.webp?width=416,196000,2410,N/A,1760,"July 23, 2025"
2026-10-10 08:34:10,C.I.C,C.I.CPon It,https://audiomack.com/cralorboi_cic/song/pon-it,https://i.audiomack.com/cralorboi_cic/362aeb4ba9.webp?width=416,165000,645,N/A,1040,"July 23, 2021"
2026-10-10 08:34:13,C.I.C,C.I.CFvck with It,https://audiomack.com/cralorboi_cic/song/fvck-with-it,https://i.audiomack.com/cralorboi_cic/18141318-c.webp?width=416,97700,2190,N/A,1480,"July 23, 2025"
2026-10-10 08:34:16,C.I.C,C.I.CJoromi,https://audiomack.com/cralorboi_cic/song/joromi,https://i.audiomack.com/cralorboi_cic/11865034-c.webp?width=416,362000,3250,N/A,5610,"July 30, 2024"
2026-10-10 08:34:19,C.I.C,C.I.CDON'T GIVE UP ON ME,https://audiomack.com/cralorboi_cic/song/cic-dont-give-up-on-me-mp3,https://i.audiomack.com/cralorboi_cic/c848750f17.webp?width=416,654000,3580,N/A,4870,"February 3, 2023"
2026-10-10 08:34:23,C.I.C,C.I.CThick,https://audiomack.com/cralorboi_cic/song/thick,https://i.audiomack.com/cralorboi_cic/18141318-c.webp?width=416,126000,2890,N/A,2300,"July 23, 2025"
2026-10-10 08:34:26,C.I.C,C.I.CFIRE,https://audiomack.com/cralorboi_cic/song/x2downloadapp-fire-128-kbps,https://i.audiomack.com/cralorboi_cic/3c9527d22a.webp?width=416,67400,550,N/A,787,"May 1, 2023"
2026-10-10 08:34:29,C.I.C,C.I.CCIC FT ARAMIDE  LOVE,https://audiomack.com/cralorboi_cic/song/cic-ft-aramide-love,https://i.audiomack.com/cralorboi_cic/3c9527d22a.webp?width=416,70300,519,N/A,719,"May 1, 2023"
2026-10-10 08:34:32,C.I.C,C.I.CCIC   God Dammit Ft. Medikal,https://audiomack.com/cralorboi_cic/song/cic-god-dammit-ft-medikal,https://i.audiomack.com/cralorboi_cic/3c9527d22a.webp?width=416,61700,523,N/A,751,"May 1, 2023"
2026-10-10 08:34:35,C.I.C,C.I.CToo Much Money,https://audiomack.com/cralorboi_cic/song/too-much-money,https://i.audiomack.com/cralorboi-cic/11dcb90ccb.webp?width=416,152000,788,N/A,1140,"July 23, 2022"
2026-10-10 08:34:39,C.I.C,C.I.CEver Since Jue,https://audiomack.com/cralorboi_cic/song/ever-since-jue-128-kbps,https://i.audiomack.com/cralorboi_cic/3c9527d22a.webp?width=416,65800,514,N/A,746,"May 1, 2023"
2026-10-10 08:34:43,C.I.C,C.I.CCommander,https://audiomack.com/cralorboi_cic/song/commander,https://i.audiomack.com/cralorboi_cic/3c9527d22a.webp?width=416,54300,464,N/A,650,"May 1, 2023"
2026-10-10 08:34:46,C.I.C,C.I.CDon Alhaji (128 Kbps),https://audiomack.com/cralorboi_cic/song/don-alhaji-128-kbps,https://i.audiomack.com/cralorboi_cic/3c9527d22a.webp?width=416,59500,539,N/A,729,"May 1, 2023"
2026-10-10 08:34:49,C.I.C,CICPruh (freestyle),https://audiomack.com/cralorboi_cic/song/pruh-freestyle,https://i.audiomack.com/cralorboi-cic/2fc2512f6d.webp?width=416,49700,236,N/A,369,"March 20, 2020"
2026-10-10 08:34:52,C.I.C,C.I.CLiberia,https://audiomack.com/cralorboi_cic/song/liberia,https://i.audiomack.com/cralorboi_cic/11841390-c.webp?width=416,44600,465,N/A,413,"August 18, 2024"
2026-10-10 08:34:55,C.I.C,C.I.CDon't Give up on Me,https://audiomack.com/cralorboi_cic/song/dont-give-up-on-me,https://i.audiomack.com/cralorboi_cic/6103814-co.webp?width=416,11100,43,N/A,84,"February 3, 2023"
2026-10-10 08:34:59,C.I.C,CICSexolation,https://audiomack.com/cralorboi_cic/song/sexolation,https://i.audiomack.com/cralorboi-cic/8c24dd8b8f.webp?width=416,112000,531,N/A,623,"April 17, 2020"
2026-10-10 08:35:25,MC CARO,MC CAROCooking,https://audiomack.com/mccaro/song/cooking,https://i.audiomack.com/mccaro/877bf9620b.webp?width=416,360000,3140,N/A,3610,"August 7, 2026"
2026-10-10 08:35:28,MC CARO,MC CAROCall me na na,https://audiomack.com/mccaro/song/call-me-na-na,https://i.audiomack.com/mccaro/2e94f88f3a.webp?width=416,403000,3510,N/A,3460,"July 10, 2026"
2026-10-10 08:35:32,MC CARO,MC CAROToo much to pack,https://audiomack.com/mccaro/song/too-much-to-pack,https://i.audiomack.com/mccaro/88fa1306ad.webp?width=416,234000,1810,N/A,2560,"July 30, 2026"
2026-10-10 08:35:35,MC CARO,MC CAROShot For Me,https://audiomack.com/mccaro/song/shot-for-me,https://i.audiomack.com/mccaro/43c73399dd.webp?width=416,1020000,9050,N/A,11700,"November 28, 2025"
2026-10-10 08:35:38,MC CARO,MC CAROGoal,https://audiomack.com/mccaro/song/goal,https://i.audiomack.com/mccaro/4a3416f361.webp?width=416,1350000,12200,N/A,15400,"November 14, 2024"
2026-10-10 08:35:41,MC CARO,MC CAROWave,https://audiomack.com/mccaro/song/wave,https://i.audiomack.com/mccaro/88fa1306ad.webp?width=416,13300,299,N/A,169,"July 30, 2026"
2026-10-10 08:35:45,MC CARO,MC CARORun away,https://audiomack.com/mccaro/song/run-away,https://i.audiomack.com/mccaro/88fa1306ad.webp?width=416,12700,302,N/A,147,"July 30, 2026"
2026-10-10 08:35:48,MC CARO,MC CAROYayaha,https://audiomack.com/mccaro/song/yayaha,https://i.audiomack.com/mccaro/88fa1306ad.webp?width=416,8150,262,N/A,114,"July 30, 2026"
2026-10-10 08:35:51,MC CARO,MC CAROBaby,https://audiomack.com/mccaro/song/baby,https://i.audiomack.com/mccaro/891d7a4069.webp?width=416,1080000,6710,N/A,11700,"November 29, 2022"
2026-10-10 08:35:54,MC CARO,MC CAROFreh,https://audiomack.com/mccaro/song/mc-caro-fresh,https://i.audiomack.com/mccaro/43c73399dd.webp?width=416,110000,1590,N/A,1020,"November 28, 2025"
2026-10-10 08:35:58,MC CARO,MC CAROGlobal soldier,https://audiomack.com/mccaro/song/global-solider,https://i.audiomack.com/mccaro/43c73399dd.webp?width=416,63800,1410,N/A,1220,"November 28, 2025"
2026-10-10 08:36:08,MC CARO,MC CAROSide chick cry,https://audiomack.com/mccaro/song/side-chick-cry,https://i.audiomack.com/mccaro/a2bdeef430.webp?width=416,143000,696,N/A,1040,"July 23, 2021"
2026-10-10 08:36:11,MC CARO,MC CAROLiberia la  Ur Mate,https://audiomack.com/mccaro/song/liberia-la-ur-mate,https://i.audiomack.com/mccaro/c74caca938.webp?width=416,735000,4940,N/A,12200,"June 12, 2024"
2026-10-10 08:36:15,MC CARO,MC CAROWho u knw,https://audiomack.com/mccaro/song/who-u-knw,https://i.audiomack.com/mccaro/2afa0d0f53.webp?width=416,339000,2640,N/A,5070,"June 6, 2025"
2026-10-10 08:36:18,MC CARO,MC CARONo excuses,https://audiomack.com/mccaro/song/no-excuses,https://i.audiomack.com/mccaro/86a4751baf.webp?width=416,318000,3060,N/A,4630,"September 26, 2025"
2026-10-10 08:36:21,MC CARO,MC CAROFiancé,https://audiomack.com/mccaro/song/finance-ft-harmonize-master-mp3,https://i.audiomack.com/mccaro/43c73399dd.webp?width=416,371000,2420,N/A,5840,"November 28, 2025"
2026-10-10 08:36:24,MC CARO,MC CAROU HEAR  Me,https://audiomack.com/mccaro/song/u-hear-me,https://i.audiomack.com/mccaro/7317e212af.webp?width=416,232000,2910,N/A,3870,"September 26, 2025"
2026-10-10 08:36:27,MC CARO,MC CARODudu,https://audiomack.com/mccaro/song/dudu,https://i.audiomack.com/mccaro/ba796671fb.webp?width=416,68200,279,N/A,440,"March 30, 2020"
2026-10-10 08:36:30,MC CARO,MC CAROLandlord,https://audiomack.com/mccaro/song/landlord,https://i.audiomack.com/mccaro/016cc336fd.webp?width=416,477000,3570,N/A,8010,"February 28, 2025"
2026-10-10 08:36:34,MC CARO,MC CAROYAYOYOYA,https://audiomack.com/mccaro/song/yayoyoya,https://i.audiomack.com/mccaro/49df6ddd91.webp?width=416,651000,3240,N/A,3850,"May 4, 2023"
2026-10-10 08:36:37,MC CARO,MC CAROMelody,https://audiomack.com/mccaro/song/melody,https://i.audiomack.com/mccaro/a2bdeef430.webp?width=416,56100,485,N/A,600,"July 23, 2021"
2026-10-10 08:36:40,MC CARO,MC CAROPull up,https://audiomack.com/mccaro/song/pullup,https://i.audiomack.com/KINGCARO/408499c3f2.webp?width=416,108000,644,N/A,912,"August 10, 2020"
2026-10-10 08:36:43,MC CARO,MC CAROStill Broke (Intro),https://audiomack.com/mccaro/song/still-broke-intro,https://i.audiomack.com/mccaro/c74caca938.webp?width=416,152000,1760,N/A,1840,"June 12, 2024"
2026-10-10 08:36:46,MC CARO,MC CAROELEVEN,https://audiomack.com/mccaro/song/eleven,https://i.audiomack.com/mccaro/2e22c6bf4e.webp?width=416,540000,2910,N/A,3880,"June 1, 2023"
2026-10-10 08:36:50,MC CARO,MC CAROForkor,https://audiomack.com/mccaro/song/forkor,https://i.audiomack.com/mccaro/a2bdeef430.webp?width=416,123000,684,N/A,946,"July 23, 2021"
2026-10-10 08:36:53,MC CARO,MC CAROBang,https://audiomack.com/mccaro/song/bang,https://i.audiomack.com/mccaro/c74caca938.webp?width=416,261000,2590,N/A,5020,"June 12, 2024"
2026-10-10 08:36:56,MC CARO,MC CAROAy way be fine,https://audiomack.com/mccaro/song/ay-way-be-fine,https://i.audiomack.com/mccaro/1a50e9417c.webp?width=416,156000,1490,N/A,2050,"April 18, 2025"
2026-10-10 08:37:01,MC CARO,MC CARONo Feeling for me,https://audiomack.com/mccaro/song/no-feeling-for-me-mp3,https://i.audiomack.com/mccaro/a2bdeef430.webp?width=416,96800,602,N/A,862,"July 23, 2021"
2026-10-10 08:37:04,MC CARO,MC CAROWazup,https://audiomack.com/mccaro/song/mc-caro-wazup,https://i.audiomack.com/mccaro/43c73399dd.webp?width=416,40300,927,N/A,709,"November 28, 2025"
2026-10-10 08:37:07,MC CARO,MC CAROErryday,https://audiomack.com/mccaro/song/erryday-1,https://i.audiomack.com/mccaro/d00d0ef0c4.webp?width=416,121000,1550,N/A,2330,"April 18, 2025"
2026-10-10 08:37:10,MC CARO,MC CAROWin,https://audiomack.com/mccaro/song/win,https://i.audiomack.com/mccaro/3b4b458e2e.webp?width=416,415000,3290,N/A,6170,"October 27, 2023"
2026-10-10 08:37:13,MC CARO,MC CAROSmoke,https://audiomack.com/mccaro/song/smoke,https://i.audiomack.com/mccaro/a2bdeef430.webp?width=416,114000,690,N/A,932,"July 23, 2021"
2026-10-10 08:37:17,MC CARO,MC CAROMy Gee (freestyle ),https://audiomack.com/mccaro/song/my-gee-freestyle,https://i.audiomack.com/mccaro/d5b5684ac2.webp?width=416,253000,1900,N/A,3340,"January 17, 2024"
2026-10-10 08:37:20,MC CARO,MC CAROAmakolo,https://audiomack.com/mccaro/song/amakolo,https://i.audiomack.com/mccaro/4541dfab91.webp?width=416,73700,1190,N/A,1650,"June 12, 2024"
2026-10-10 08:37:23,MC CARO,MC CAROHelebor Me,https://audiomack.com/mccaro/song/helebor-me,https://i.audiomack.com/mccaro/b69041078d.webp?width=416,188000,1560,N/A,3340,"February 24, 2025"
2026-10-10 08:37:26,MC CARO,MC CAROUmm hum,https://audiomack.com/mccaro/song/umm-hum-1,https://i.audiomack.com/mccaro/43e3156f6a.webp?width=416,293000,1150,N/A,1830,"June 1, 2023"
2026-10-10 08:37:31,MC CARO,MC CAROPop,https://audiomack.com/mccaro/song/mc-caro-pop,https://i.audiomack.com/mccaro/c74caca938.webp?width=416,277000,2160,N/A,3580,"June 12, 2024"
2026-10-10 08:37:34,MC CARO,MC CAROVroom,https://audiomack.com/mccaro/song/vroom,https://i.audiomack.com/mccaro/422d00932e.webp?width=416,70000,496,N/A,534,"July 23, 2021"
2026-10-10 08:37:37,MC CARO,MC CAROFine,https://audiomack.com/mccaro/song/fine,https://i.audiomack.com/mccaro/a2bdeef430.webp?width=416,50800,450,N/A,555,"July 23, 2021"
2026-10-10 08:37:40,MC CARO,MC CAROIntro,https://audiomack.com/mccaro/song/intro,https://i.audiomack.com/mccaro/a2bdeef430.webp?width=416,116000,717,N/A,671,"July 23, 2021"
2026-10-10 08:37:43,MC CARO,MC CAROOne Dance,https://audiomack.com/mccaro/song/one-dance-ft-nuchie-meek-mp3,https://i.audiomack.com/mccaro/a2bdeef430.webp?width=416,125000,760,N/A,1040,"July 23, 2021"
2026-10-10 08:37:47,MC CARO,MC CAROSpot on fire,https://audiomack.com/mccaro/song/spot-on-fire,https://i.audiomack.com/mccaro/5af0bccb98.webp?width=416,225000,1470,N/A,1370,"August 4, 2022"
2026-10-10 08:37:50,MC CARO,MC CAROLooka u  (freestyle),https://audiomack.com/mccaro/song/looka-u,https://i.audiomack.com/mccaro/cdfb60e09f.webp?width=416,162000,1760,N/A,2860,"February 2, 2024"
2026-10-10 08:37:53,MC CARO,MC CAROCommon sense,https://audiomack.com/mccaro/song/common-sense,https://i.audiomack.com/mccaro/a2bdeef430.webp?width=416,91500,589,N/A,573,"July 23, 2021"
2026-10-10 08:37:58,MC CARO,MC CAROPrice,https://audiomack.com/mccaro/song/price,https://i.audiomack.com/mccaro/656ac06495.webp?width=416,204000,1610,N/A,1700,"August 5, 2022"
2026-10-10 08:38:01,MC CARO,MC CARODid It,https://audiomack.com/mccaro/song/did-it,https://i.audiomack.com/mccaro/34031c93de.webp?width=416,120000,1240,N/A,2260,"February 24, 2025"
2026-10-10 08:38:06,MC CARO,MC CAROSholee lit,https://audiomack.com/mccaro/song/sholee-lit,https://i.audiomack.com/mccaro/f5ca54afda.webp?width=416,189000,1970,N/A,3080,"February 14, 2025"
2026-10-10 08:38:11,MC CARO,MC CAROTouch It,https://audiomack.com/mccaro/song/touch-it,https://i.audiomack.com/mccaro/3b4b458e2e.webp?width=416,117000,1190,N/A,1490,"October 27, 2023"
2026-10-10 08:38:14,MC CARO,MC CAROMY WAY,https://audiomack.com/mccaro/song/my-way,https://i.audiomack.com/mccaro/0d82bd1671.webp?width=416,181000,1330,N/A,803,"December 12, 2022"
2026-10-10 08:38:18,MC CARO,MC CAROGimme love (freestyle ),https://audiomack.com/mccaro/song/gimme-love,https://i.audiomack.com/mccaro/adf4518ce4.webp?width=416,161000,1270,N/A,1810,"February 12, 2024"
2026-10-10 08:38:21,MC CARO,MC CaroBaby,https://audiomack.com/mccaro/song/baby-1,https://i.audiomack.com/mc-caro-4/13538318-5.webp?width=416,3920,24,N/A,54,"January 20, 2023"
2026-10-10 08:38:24,MC CARO,MC CAROFwen (freestyle ),https://audiomack.com/mccaro/song/fwen,https://i.audiomack.com/mccaro/5112e66e28.webp?width=416,118000,997,N/A,1990,"February 12, 2024"
2026-10-10 08:38:27,MC CARO,MC CAROIn My Cup,https://audiomack.com/mccaro/song/in-my-cup-prod-smykidmp3,https://i.audiomack.com/mccaro/c74caca938.webp?width=416,86400,983,N/A,1660,"June 12, 2024"
2026-10-10 08:38:31,MC CARO,MC CAROFvck it (freestyle ),https://audiomack.com/mccaro/song/fvck-it-freestyle,https://i.audiomack.com/mccaro/e9457fe205.webp?width=416,83500,926,N/A,1370,"January 27, 2024"
2026-10-10 08:38:34,MC CARO,MC CAROHonest (freestyle),https://audiomack.com/mccaro/song/honest-freestyle-1,https://i.audiomack.com/mccaro/657b95c1d9.webp?width=416,97300,945,N/A,1070,"February 2, 2024"
2026-10-10 08:38:37,MC CARO,MC CAROWe inside,https://audiomack.com/mccaro/song/we-inside,https://i.audiomack.com/mccaro/0d82bd1671.webp?width=416,93200,832,N/A,832,"December 12, 2022"
2026-10-10 08:38:40,MC CARO,MC CAROOne  more round,https://audiomack.com/mccaro/song/one-more-round,https://i.audiomack.com/mccaro/0b048d4226.webp?width=416,19400,80,N/A,139,"May 25, 2019"
2026-10-10 08:38:43,MC CARO,MC CAROBroke n Famous,https://audiomack.com/mccaro/song/broke-n-famous,https://i.audiomack.com/mccaro/e316bb25f1.webp?width=416,45200,682,N/A,971,"February 14, 2025"
2026-10-10 08:38:47,MC CARO,MC CAROFashion Killah,https://audiomack.com/mccaro/song/fashion-killah,https://i.audiomack.com/mccaro/c74caca938.webp?width=416,56800,943,N/A,1180,"June 12, 2024"
2026-10-10 08:38:51,MC CARO,MC CAROCandy,https://audiomack.com/mccaro/song/candy-mp3,https://i.audiomack.com/mccaro/a2bdeef430.webp?width=416,47200,430,N/A,464,"July 23, 2021"
2026-10-10 08:38:54,MC CARO,MC CaroSpot On Fire,https://audiomack.com/mccaro/song/spot-on-fire-1,https://i.audiomack.com/mc-caro-4/13538318-5.webp?width=416,1380,20,N/A,45,"January 20, 2023"
2026-10-10 08:38:57,MC CARO,MC CAROBeat It,https://audiomack.com/mccaro/song/beat-it-prod-smykidmp3,https://i.audiomack.com/mccaro/c74caca938.webp?width=416,59800,1000,N/A,1150,"June 12, 2024"
2026-10-10 08:39:00,MC CARO,MC CAROWah Do U Want,https://audiomack.com/mccaro/song/mc-caro-ft-wicked-hyndrx-wah-do-u-want,https://i.audiomack.com/mccaro/c74caca938.webp?width=416,49000,849,N/A,1130,"June 12, 2024"
2026-10-10 08:39:03,MC CARO,MC CAROPolololo,https://audiomack.com/mccaro/song/pololo,https://i.audiomack.com/mccaro/0d82bd1671.webp?width=416,118000,961,N/A,790,"December 12, 2022"
2026-10-10 08:39:06,MC CARO,MC CAROBanger,https://audiomack.com/mccaro/song/banger,https://i.audiomack.com/mccaro/a2bdeef430.webp?width=416,49100,425,N/A,451,"July 23, 2021"
2026-10-10 08:39:10,MC CARO,MC CAROOn Test,https://audiomack.com/mccaro/song/on-test,https://i.audiomack.com/mccaro/016cc336fd.webp?width=416,27000,427,N/A,603,"February 28, 2025"
2026-10-10 08:39:13,MC CARO,MC CAROMessed Up,https://audiomack.com/mccaro/song/messed-up-mc-caro-eq-off-94-master,https://i.audiomack.com/mccaro/c74caca938.webp?width=416,37600,765,N/A,1040,"June 12, 2024"
2026-10-10 08:39:16,MC CARO,MC CAROClassic,https://audiomack.com/mccaro/song/classic-prod-smykid,https://i.audiomack.com/mccaro/c74caca938.webp?width=416,32900,745,N/A,1040,"June 12, 2024"
2026-10-10 08:39:19,MC CARO,MC CAROCinderella,https://audiomack.com/mccaro/song/cinderella,https://i.audiomack.com/mccaro/33a7974889.webp?width=416,75500,515,N/A,618,"April 9, 2021"
2026-10-10 08:39:22,MC CARO,MC CAROChapter,https://audiomack.com/mccaro/song/chapter,https://i.audiomack.com/mccaro/17d0a2f41f.webp?width=416,37500,639,N/A,931,"February 14, 2025"
2026-10-10 08:39:26,MC CARO,MC CAROMan Dem,https://audiomack.com/mccaro/song/man-dem,https://i.audiomack.com/mccaro/3b4b458e2e.webp?width=416,55900,714,N/A,777,"October 27, 2023"
2026-10-10 08:39:29,MC CARO,MC CAROLast time,https://audiomack.com/mccaro/song/last-time,https://i.audiomack.com/mccaro/0d82bd1671.webp?width=416,93800,960,N/A,993,"December 12, 2022"
2026-10-10 08:39:32,MC CARO,MC CAROMoney,https://audiomack.com/mccaro/song/money-mp3,https://i.audiomack.com/mccaro/a2bdeef430.webp?width=416,40300,383,N/A,435,"July 23, 2021"
2026-10-10 08:39:35,MC CARO,MC CARODo Me,https://audiomack.com/mccaro/song/do-me-prod-smykid,https://i.audiomack.com/mccaro/a2bdeef430.webp?width=416,31800,347,N/A,396,"July 23, 2021"
2026-10-10 08:39:38,MC CARO,MC CAROAye,https://audiomack.com/mccaro/song/aye,https://i.audiomack.com/mccaro/a2bdeef430.webp?width=416,59200,435,N/A,399,"July 23, 2021"
2026-10-10 08:39:42,MC CARO,MC CAROKukwan,https://audiomack.com/mccaro/song/kukwan,https://i.audiomack.com/mccaro/c74caca938.webp?width=416,29500,712,N/A,990,"June 12, 2024"
2026-10-10 08:39:47,MC CARO,Mc CaroDon’t ask me,https://audiomack.com/mccaro/song/mc-caro-dont-ask-me-prod-smykidmp3,https://i.audiomack.com/mc-caro/19bbb5fa42.webp?width=416,14900,71,N/A,153,"March 30, 2020"
2026-10-10 08:39:50,MC CARO,MC CAROFresh,https://audiomack.com/mccaro/song/fresh,https://i.audiomack.com/mccaro/a2bdeef430.webp?width=416,29800,342,N/A,375,"July 23, 2021"
2026-10-10 08:39:53,MC CARO,MC CAROSound,https://audiomack.com/mccaro/song/sound,https://i.audiomack.com/mccaro/a2bdeef430.webp?width=416,38600,372,N/A,439,"July 23, 2021"
2026-10-10 08:39:56,MC CARO,MC CAROMama,https://audiomack.com/mccaro/song/mama,https://i.audiomack.com/mccaro/a2bdeef430.webp?width=416,61300,474,N/A,519,"July 23, 2021"
2026-10-10 08:39:59,MC CARO,MC CaroWe Inside,https://audiomack.com/mccaro/song/we-inside-1,https://i.audiomack.com/mc-caro-4/13538318-5.webp?width=416,1350,14,N/A,18,"January 20, 2023"
2026-10-10 08:40:04,MC CARO,MC CaroLast Time,https://audiomack.com/mccaro/song/last-time-1,https://i.audiomack.com/mc-caro-4/13538318-5.webp?width=416,1190,11,N/A,11,"January 20, 2023"
2026-10-10 08:40:08,MC CARO,MC CAROIN THE HOUSE,https://audiomack.com/mccaro/song/inthehouse,https://i.audiomack.com/mc-caro/94dc6b9ebc.webp?width=416,8530,36,N/A,60,"April 20, 2020"
2026-10-10 08:40:11,MC CARO,MC CARORisky Cover,https://audiomack.com/mccaro/song/mc-caro-risky-cover,https://i.audiomack.com/mccaro/3e30da7357.webp?width=416,11700,50,N/A,132,"April 6, 2020"
2026-10-10 08:40:14,MC CARO,MC CAROJotay,https://audiomack.com/mccaro/song/joetay-joe-tate,https://i.audiomack.com/mccaro/bbb59415ee.webp?width=416,60200,627,N/A,965,"February 14, 2025"
2026-10-10 08:40:17,MC CARO,MC CaroPrice,https://audiomack.com/mccaro/song/price-1,https://i.audiomack.com/mc-caro-4/13538318-5.webp?width=416,979,16,N/A,34,"January 20, 2023"
2026-10-10 08:40:20,MC CARO,MC CAROLey light go off,https://audiomack.com/mccaro/song/ley-light-go-off-mc-caro,https://i.audiomack.com/mc-caro/1cc980d0e0.webp?width=416,6750,36,N/A,65,"March 30, 2020"
2026-10-10 08:40:24,MC CARO,MC CAROUncle Solomon,https://audiomack.com/mccaro/song/uncle-solomon,https://i.audiomack.com/mccaro/0681b9626e.webp?width=416,8810,52,N/A,93,"March 30, 2020"
2026-10-10 08:40:27,MC CARO,MC CAROMegatron Cover,https://audiomack.com/mccaro/song/megatron-cover,https://i.audiomack.com/mccaro/e1425d30e4.webp?width=416,8880,37,N/A,78,"July 17, 2019"
2026-10-10 08:40:30,MC CARO,MC CAROListen,https://audiomack.com/mccaro/song/listen,https://i.audiomack.com/mccaro/6ba57974ca.webp?width=416,12900,52,N/A,97,"May 25, 2019"
2026-10-10 08:40:33,MC CARO,MC CaroMy Way,https://audiomack.com/mccaro/song/my-way-1,https://i.audiomack.com/mc-caro-4/13538318-5.webp?width=416,2080,20,N/A,12,"January 20, 2023"
2026-10-10 08:40:36,MC CARO,MC CaroPololo,https://audiomack.com/mccaro/song/pololo-1,https://i.audiomack.com/mc-caro-4/13538318-5.webp?width=416,1440,16,N/A,40,"January 20, 2023"
2026-10-10 08:40:40,MC CARO,MC CAROI Like It,https://audiomack.com/mccaro/song/i-like-it,https://i.audiomack.com/mccaro/866bc2512b.webp?width=416,5750,27,N/A,65,"November 8, 2020"
2026-10-10 08:40:43,MC CARO,MC  CAROSavage Freestyle,https://audiomack.com/mccaro/song/savage-freestyle,https://i.audiomack.com/mccaro/f34e695b1c.webp?width=416,4920,23,N/A,42,"June 20, 2020"
2026-10-10 08:41:04,JBoy De Prophet,J.Boy De ProphetFriendship,https://audiomack.com/jboydeprophet-1/song/friendship,https://i.audiomack.com/jboydeprophet-1/51b9141a49.webp?width=416,125000,1290,N/A,1140,"September 4, 2026"
2026-10-10 08:41:08,JBoy De Prophet,JBoy De ProphetSomething Inside,https://audiomack.com/jboydeprophet-1/song/someone-inside,https://i.audiomack.com/jboydeprophet-1/d7d1cb004a.webp?width=416,305000,2760,N/A,2750,"July 3, 2026"
2026-10-10 08:41:11,JBoy De Prophet,JBoy De ProphetUnstoppable God,https://audiomack.com/jboydeprophet-1/song/unstoppable-god,https://i.audiomack.com/jboydeprophet-1/93f76b7df6.webp?width=416,21300,353,,116,"September 18, 2026"
2026-10-10 08:41:14,JBoy De Prophet,JBoy De ProphetMumu Love,https://audiomack.com/jboydeprophet-1/song/mumu-love,https://i.audiomack.com/jboydeprophet-1/c533b1036d.webp?width=416,293000,1930,N/A,2590,"November 21, 2025"
2026-10-10 08:41:18,JBoy De Prophet,J.Boy De ProphetA Na Fair,https://audiomack.com/jboydeprophet-1/song/a-na-fair,https://i.audiomack.com/jboydeprophet-1/fdb9159c5b.webp?width=416,561000,3880,N/A,5770,"April 1, 2025"
2026-10-10 08:41:21,JBoy De Prophet,J.Boy De ProphetZOOM,https://audiomack.com/jboydeprophet-1/song/jboy-de-prophet-zoom-prpd-by-anothervibez,https://i.audiomack.com/jboydeprophet-1/5e671438b8.webp?width=416,229000,M,N/A,1720,"March 6, 2026"
2026-10-10 08:41:24,JBoy De Prophet,JBoy De ProphetTrumpet Sound,https://audiomack.com/jboydeprophet-1/song/trumpet-sound-1,https://i.audiomack.com/jboydeprophet-1/9096d237d9.webp?width=416,89200,1860,N/A,864,"May 23, 2026"
2026-10-10 08:41:27,JBoy De Prophet,JBoy De ProphetMy Love,https://audiomack.com/jboydeprophet-1/song/my-love,https://i.audiomack.com/jboydeprophet-1/b630d13e34.webp?width=416,561000,4360,N/A,4840,"June 1, 2025"
2026-10-10 08:41:31,JBoy De Prophet,J.Boy De ProphetPainful,https://audiomack.com/jboydeprophet-1/song/jboy-de-prophet-its-painful-ft-jb-de-general-prod-by-anothervibez,https://i.audiomack.com/jboydeprophet-1/5e671438b8.webp?width=416,125000,2040,N/A,1420,"March 6, 2026"
2026-10-10 08:41:34,JBoy De Prophet,J.Boy De ProphetPrivacy,https://audiomack.com/jboydeprophet-1/song/jboy-de-prophet-pravicy-ft-j-slught-prod-by-anothervibez,https://i.audiomack.com/jboydeprophet-1/5e671438b8.webp?width=416,73800,1690,N/A,848,"March 6, 2026"
2026-10-10 08:41:37,JBoy De Prophet,JBoy De ProphetBe Content,https://audiomack.com/jboydeprophet-1/song/be-content,https://i.audiomack.com/jboydeprophet-1/8340281b66.webp?width=416,780000,5910,N/A,8620,"January 18, 2025"
2026-10-10 08:41:40,JBoy De Prophet,J.Boy De ProphetGnahowory,https://audiomack.com/jboydeprophet-1/song/14-jboy-de-prophet-gnahowory-prod-by-jwizard,https://i.audiomack.com/jboydeprophet-1/5e671438b8.webp?width=416,298000,3110,N/A,4250,"March 6, 2026"
2026-10-10 08:41:43,JBoy De Prophet,J.Boy De ProphetConscience,https://audiomack.com/jboydeprophet-1/song/jboy-d-prophet-conscience-prod-by-anothervibez,https://i.audiomack.com/jboydeprophet-1/5e671438b8.webp?width=416,92200,1860,N/A,834,"March 6, 2026"
2026-10-10 08:41:47,JBoy De Prophet,J.Boy De ProphetAlahaji,https://audiomack.com/jboydeprophet-1/song/alahaji,https://i.audiomack.com/jboydeprophet-1/91787261dc.webp?width=416,277000,2610,N/A,3110,"October 3, 2025"
2026-10-10 08:41:50,JBoy De Prophet,JBoy De ProphetSINGLE,https://audiomack.com/jboydeprophet-1/song/jboy-de-prophet-single-prod-by-anothervibez,https://i.audiomack.com/jboydeprophet-1/56144679d4.webp?width=416,364000,2040,N/A,3860,"September 19, 2024"
2026-10-10 08:41:53,JBoy De Prophet,J.Boy De ProphetSomething Inside,https://audiomack.com/jboydeprophet-1/song/jboy-de-prophet-something-inside-prod-by-anothervibez,https://i.audiomack.com/jboydeprophet-1/5e671438b8.webp?width=416,56800,1440,N/A,671,"March 6, 2026"
2026-10-10 08:41:56,JBoy De Prophet,JBoy De ProphetMessage,https://audiomack.com/jboydeprophet-1/song/message,https://i.audiomack.com/jboydeprophet-1/315cfa251b.webp?width=416,415000,3730,N/A,5910,"July 4, 2025"
2026-10-10 08:41:59,JBoy De Prophet,JBoy De ProphetJohnny Coming,https://audiomack.com/jboydeprophet-1/song/johnny-coming,https://i.audiomack.com/jboydeprophet-1/b950cba32f.webp?width=416,120000,1040,N/A,831,"January 1, 2026"
2026-10-10 08:42:05,JBoy De Prophet,JBoy De ProphetAnswer Me,https://audiomack.com/jboydeprophet-1/song/answer-me,https://i.audiomack.com/jboydeprophet-1/2624df6853.webp?width=416,198000,1850,N/A,1670,"August 15, 2025"
2026-10-10 08:42:08,JBoy De Prophet,J.Boy De ProphetMy Wrongs,https://audiomack.com/jboydeprophet-1/song/7-jboy-de-propet-my-wrong-prod-by-anothervibez,https://i.audiomack.com/jboydeprophet-1/5e671438b8.webp?width=416,43900,1270,N/A,644,"March 6, 2026"
2026-10-10 08:42:12,JBoy De Prophet,J.Boy De ProphetEternal Love,https://audiomack.com/jboydeprophet-1/song/eternal-love,https://i.audiomack.com/jboydeprophet-1/5e671438b8.webp?width=416,30500,1120,N/A,538,"March 6, 2026"
2026-10-10 08:42:15,JBoy De Prophet,"J.Boy De ProphetMy Country, My People",https://audiomack.com/jboydeprophet-1/song/jboy-de-peophet-my-country-my-people-prod-by-jwizard,https://i.audiomack.com/jboydeprophet-1/5e671438b8.webp?width=416,27600,1080,N/A,534,"March 6, 2026"
2026-10-10 08:42:20,JBoy De Prophet,J.Boy De ProphetChange_My_Story,https://audiomack.com/jboydeprophet-1/song/change-my-story,https://i.audiomack.com/jboydeprophet-1/610244d8dc.webp?width=416,233000,1170,N/A,2029,"December 13, 2024"
2026-10-10 08:42:23,JBoy De Prophet,J.Boy De ProphetHeart Treasure,https://audiomack.com/jboydeprophet-1/song/heart-treasure,https://i.audiomack.com/jboydeprophet-1/5e671438b8.webp?width=416,34900,1170,N/A,554,"March 6, 2026"
2026-10-10 08:42:27,JBoy De Prophet,J.Boy De ProphetForever_(Prod_by_J.Wizard),https://audiomack.com/jboydeprophet-1/song/forever-prod-by-jwizard,https://i.audiomack.com/jboydeprophet-1/5e671438b8.webp?width=416,32800,1160,N/A,527,"March 6, 2026"
2026-10-10 08:42:30,JBoy De Prophet,J.Boy De ProphetSmoke Weed,https://audiomack.com/jboydeprophet-1/song/12-jboy-de-prophet-smoke-weed-feat-trap-devotion-prod-by-jwizardmp3,https://i.audiomack.com/jboydeprophet-1/5e671438b8.webp?width=416,26700,1070,N/A,542,"March 6, 2026"
2026-10-10 08:42:33,JBoy De Prophet,J.Boy De ProphetAm-Sorry,https://audiomack.com/jboydeprophet-1/song/11-jboy-de-prophet-am-sorry-prod-by-jwizard,https://i.audiomack.com/jboydeprophet-1/5e671438b8.webp?width=416,30000,1080,N/A,514,"March 6, 2026"
2026-10-10 08:42:37,JBoy De Prophet,JBoy De ProphetPlay Me,https://audiomack.com/jboydeprophet-1/song/play-me,https://i.audiomack.com/jboydeprophet-1/7f41f48a45.webp?width=416,77100,391,N/A,590,"November 20, 2024"
2026-10-10 08:42:40,JBoy De Prophet,J.Boy De ProphetKeep_It_To_Yourself,https://audiomack.com/jboydeprophet-1/song/keep-it-to-yourself,https://i.audiomack.com/jboydeprophet-1/5a05b5830d.webp?width=416,110000,565,N/A,1070,"January 12, 2024"
2026-10-10 08:42:43,JBoy De Prophet,J.Boy De ProphetKanikokoi,https://audiomack.com/jboydeprophet-1/song/kanikokoi,https://i.audiomack.com/jboydeprophet-1/ccf5ccb9a1.webp?width=416,76700,528,N/A,591,"March 15, 2025"
2026-10-10 08:42:46,JBoy De Prophet,J.Boy De ProphetMuna_My_Love,https://audiomack.com/jboydeprophet-1/song/muna-my-love,https://i.audiomack.com/jboydeprophet-1/6cd0a0aca0.webp?width=416,23100,118,N/A,255,"June 28, 2024"
2026-10-10 08:42:49,JBoy De Prophet,J.Boy De ProphetMore Than Treasure,https://audiomack.com/jboydeprophet-1/song/more-than-treasure,https://i.audiomack.com/jboydeprophet-1/233be12839.webp?width=416,54600,299,N/A,459,"September 6, 2024"
2026-10-10 08:42:52,JBoy De Prophet,J.Boy De ProphetI'm_A_Liberian,https://audiomack.com/jboydeprophet-1/song/im-a-liberian,https://i.audiomack.com/jboydeprophet-1/0f2001cedd.webp?width=416,22200,136,N/A,282,"July 19, 2024"
2026-10-10 08:42:56,JBoy De Prophet,J.Boy De ProphetWise One,https://audiomack.com/jboydeprophet-1/song/wise-one,https://i.audiomack.com/jboydeprophet-1/8c9a0faf54.webp?width=416,68900,311,N/A,488,"May 24, 2024"
2026-10-10 08:42:59,JBoy De Prophet,J.Boy De ProphetKo_Lo_Sa_ Cover_(Mix._by_J.Wizard),https://audiomack.com/jboydeprophet-1/song/ko-lo-sa-cover-mix-by-jwizard,https://i.audiomack.com/jboydeprophet-1/83a2762f66.webp?width=416,20400,95,N/A,275,"May 22, 2024"
2026-10-10 08:43:02,JBoy De Prophet,JBoy De ProphetTalk & Do-Kobana,https://audiomack.com/jboydeprophet-1/song/talk-do-kobana,https://i.audiomack.com/jboydeprophet-1/3b09cc1723.webp?width=416,19400,99,N/A,237,"September 18, 2024"
2026-10-10 08:43:05,JBoy De Prophet,J.Boy De ProphetBABY MAMA,https://audiomack.com/jboydeprophet-1/song/baby-mama,https://i.audiomack.com/jboydeprophet-1/25fdc5d991.webp?width=416,21600,103,N/A,241,"January 21, 2024"
2026-10-10 08:43:09,JBoy De Prophet,J.Boy De ProphetFight_For_You,https://audiomack.com/jboydeprophet-1/song/fight-for-you,https://i.audiomack.com/jboydeprophet-1/333e42301a.webp?width=416,50100,1,N/A,350,"May 22, 2024"
2026-10-10 08:43:12,JBoy De Prophet,J.Boy De ProphetShe_Say_She_V,https://audiomack.com/jboydeprophet-1/song/she-say-she-v,https://i.audiomack.com/jboydeprophet-1/0d3a86dd52.webp?width=416,12100,54,N/A,165,"May 15, 2024"
2026-10-10 08:43:15,JBoy De Prophet,J.Boy De ProphetUnlearned_Lesson,https://audiomack.com/jboydeprophet-1/song/unlearned-lesson,https://i.audiomack.com/jboydeprophet-1/916451ff91.webp?width=416,12100,75,N/A,166,"April 28, 2024"
2026-10-10 08:43:18,JBoy De Prophet,J.Boy De ProphetLay_Cominy,https://audiomack.com/jboydeprophet-1/song/lay-cominy,https://i.audiomack.com/jboydeprophet-1/f8322c2af5.webp?width=416,15600,90,N/A,222,"June 17, 2024"
2026-10-10 08:43:21,JBoy De Prophet,JBoy De ProphetCOPY-&-PASTE,https://audiomack.com/jboydeprophet-1/song/copy-paste,https://i.audiomack.com/jboydeprophet-1/2428270d60.webp?width=416,22200,109,N/A,216,"September 26, 2024"
2026-10-10 08:43:25,JBoy De Prophet,J.Boy De ProphetAnita,https://audiomack.com/jboydeprophet-1/song/anita,https://i.audiomack.com/jboydeprophet-1/bfa07ee1cd.webp?width=416,12400,58,N/A,157,"May 16, 2024"
2026-10-10 08:43:28,JBoy De Prophet,SheridoNo_Yawah,https://audiomack.com/jboydeprophet-1/song/no-yawah,https://i.audiomack.com/jboydeprophet-1/aaa31b16da.webp?width=416,8500,33,N/A,88,"April 1, 2024"
2026-10-10 08:43:52,Christoph The Change,Christoph The ChangeKorkorzeekor,https://audiomack.com/christoph-the-change/song/korkorzeekor,https://i.audiomack.com/christoph-the-change/5a5d8dc820.webp?width=416,744000,7290,N/A,6280,"April 10, 2026"
2026-10-10 08:43:55,Christoph The Change,Christoph The ChangeBlessings,https://audiomack.com/christoph-the-change/song/blessings,https://i.audiomack.com/christoph-the-change/08c0b3e74d.webp?width=416,1250000,10600,N/A,10500,"October 31, 2025"
2026-10-10 08:43:58,Christoph The Change,Christoph The ChangeN’dbani (Lord Help Me),https://audiomack.com/christoph-the-change/song/ndbani-lord-help-me,https://i.audiomack.com/christoph-the-change/462403df15.webp?width=416,1680000,14500,N/A,20100,"April 11, 2024"
2026-10-10 08:44:01,Christoph The Change,Christoph The ChangeFollow Me,https://audiomack.com/christoph-the-change/song/follow-me,https://i.audiomack.com/christoph-the-change/08c0b3e74d.webp?width=416,370000,4350,N/A,2950,"October 31, 2025"
2026-10-10 08:44:04,Christoph The Change,Christoph The ChangeIntro,https://audiomack.com/christoph-the-change/song/the-ep-in,https://i.audiomack.com/christoph-the-change/08c0b3e74d.webp?width=416,409000,4610,N/A,2980,"October 30, 2025"
2026-10-10 08:44:08,Christoph The Change,Christoph The ChangeJokes,https://audiomack.com/christoph-the-change/song/jokes,https://i.audiomack.com/christoph-the-change/08c0b3e74d.webp?width=416,229000,3650,N/A,1930,"October 31, 2025"
2026-10-10 08:44:12,Christoph The Change,Christoph The ChangeAll On God,https://audiomack.com/christoph-the-change/song/all-on-god,https://i.audiomack.com/christoph-the-change/08c0b3e74d.webp?width=416,253000,3940,N/A,1670,"October 31, 2025"
2026-10-10 08:44:15,Christoph The Change,Christoph The ChangeJuliana,https://audiomack.com/christoph-the-change/song/juliana,https://i.audiomack.com/christoph-the-change/08c0b3e74d.webp?width=416,244000,3800,N/A,1870,"October 31, 2025"
2026-10-10 08:44:18,Christoph The Change,Christoph The ChangeAyy,https://audiomack.com/christoph-the-change/song/ayy,https://i.audiomack.com/christoph-the-change/a0cd59de7b.webp?width=416,365000,2350,N/A,4910,"April 19, 2024"
2026-10-10 08:44:21,Christoph The Change,Christoph The ChangeHipco TrapCo,https://audiomack.com/christoph-the-change/song/hipco-trapco,https://i.audiomack.com/christoph-the-change/96400957d8.webp?width=416,151000,594,N/A,1200,"July 12, 2020"
2026-10-10 08:44:24,Christoph The Change,Christoph The ChangeAkaZuKu,https://audiomack.com/christoph-the-change/song/akazuku,https://i.audiomack.com/christoph-the-change/4857539e38.webp?width=416,430000,3700,N/A,3830,"May 30, 2025"
2026-10-10 08:44:28,Christoph The Change,Christoph The ChangeChampion,https://audiomack.com/christoph-the-change/song/champion,https://i.audiomack.com/christoph-the-change/08c0b3e74d.webp?width=416,157000,3240,N/A,1450,"October 31, 2025"
2026-10-10 08:44:31,Christoph The Change,Christoph The ChangePrefer,https://audiomack.com/christoph-the-change/song/prefer,https://i.audiomack.com/christoph-the-change/08c0b3e74d.webp?width=416,181000,3440,N/A,1580,"October 31, 2025"
2026-10-10 08:44:34,Christoph The Change,ChristophLandlord Daughter,https://audiomack.com/christoph-the-change/song/landlord-daughter,https://i.audiomack.com/christoph-the-change/8ef7a4a608.webp?width=416,172000,1200,N/A,1430,"December 27, 2020"
2026-10-10 08:44:37,Christoph The Change,Christoph The ChangeTrouble,https://audiomack.com/christoph-the-change/song/trouble-1,https://i.audiomack.com/christoph-the-change/08c0b3e74d.webp?width=416,132000,3020,N/A,1270,"October 31, 2025"
2026-10-10 08:44:40,Christoph The Change,Christoph The ChangeAfrican Child,https://audiomack.com/christoph-the-change/song/african-child,https://i.audiomack.com/christoph-the-change/b9e812a86e.webp?width=416,155000,719,N/A,1190,"July 11, 2020"
2026-10-10 08:44:44,Christoph The Change,Christoph The ChangeKumbasa,https://audiomack.com/christoph-the-change/song/kumbasa,https://i.audiomack.com/christoph-the-change/65cd78ef6b.webp?width=416,217000,1550,N/A,1580,"June 30, 2020"
2026-10-10 08:44:47,Christoph The Change,Christoph x Revoluxon x Magas x Nuchie MeekThe Cypher,https://audiomack.com/christoph-the-change/song/the-cypher,https://i.audiomack.com/christoph-the-change/3791f2f8e1.webp?width=416,137000,627,N/A,1200,"July 12, 2020"
2026-10-10 08:44:50,Christoph The Change,Christoph The ChangeCome Closer,https://audiomack.com/christoph-the-change/song/come-closer,https://i.audiomack.com/christoph-the-change/65cd78ef6b.webp?width=416,148000,1120,N/A,1400,"June 30, 2020"
2026-10-10 08:44:53,Christoph The Change,Christoph The ChangeLooka (Bonus Track),https://audiomack.com/christoph-the-change/song/looka,https://i.audiomack.com/christoph-the-change/08c0b3e74d.webp?width=416,114000,2990,N/A,1240,"October 31, 2025"
2026-10-10 08:44:56,Christoph The Change,Christoph The ChangeBad Girl,https://audiomack.com/christoph-the-change/song/bad-girl,https://i.audiomack.com/christoph-the-change/07dff55903.webp?width=416,141000,507,N/A,961,"July 11, 2020"
2026-10-10 08:45:00,Christoph The Change,Christoph The ChangeCall Me Ur Pa,https://audiomack.com/christoph-the-change/song/call-me-ur-pa,https://i.audiomack.com/christoph-the-change/540bc8607e.webp?width=416,108000,438,N/A,799,"July 10, 2020"
2026-10-10 08:45:03,Christoph The Change,Christoph The ChangeProblem,https://audiomack.com/christoph-the-change/song/problem,https://i.audiomack.com/christoph-the-change/65cd78ef6b.webp?width=416,110000,1000,N/A,1170,"June 30, 2020"
2026-10-10 08:45:06,Christoph The Change,ChristophBMM(Black Man Mouth ),https://audiomack.com/christoph-the-change/song/christoph-bmmblack-man-mouth-prod-by-rapkid,https://i.audiomack.com/christoph-the-change/8ef7a4a608.webp?width=416,111000,1080,N/A,876,"December 27, 2020"
2026-10-10 08:45:09,Christoph The Change,Christoph The ChangeMy Only One,https://audiomack.com/christoph-the-change/song/my-only-one,https://i.audiomack.com/christoph-the-change/65cd78ef6b.webp?width=416,142000,1140,N/A,1520,"June 30, 2020"
2026-10-10 08:45:12,Christoph The Change,Christoph The ChangeGod There,https://audiomack.com/christoph-the-change/song/god-there,https://i.audiomack.com/christoph-the-change/049cffab8e.webp?width=416,336000,2970,N/A,5240,"July 22, 2024"
2026-10-10 08:45:16,Christoph The Change,Christoph The ChangeBest Friend,https://audiomack.com/christoph-the-change/song/best-friend,https://i.audiomack.com/christoph-the-change/65cd78ef6b.webp?width=416,107000,1030,N/A,1020,"June 30, 2020"
2026-10-10 08:45:19,Christoph The Change,Christoph The ChangeSmall Axe,https://audiomack.com/christoph-the-change/song/small-axe,https://i.audiomack.com/christoph-the-change/d36e95bfdb.webp?width=416,56100,218,N/A,566,"July 12, 2020"
2026-10-10 08:45:22,Christoph The Change,Christoph The ChangeBig Boyz Things,https://audiomack.com/christoph-the-change/song/big-boyz-things,https://i.audiomack.com/christoph-the-change/b14594c002.webp?width=416,264000,2440,N/A,2720,"April 10, 2025"
2026-10-10 08:45:25,Christoph The Change,Christoph The ChangeJay Sabu Remix,https://audiomack.com/christoph-the-change/song/jay-sabu-remix,https://i.audiomack.com/christoph-the-change/a9e5392fe1.webp?width=416,74200,276,N/A,536,"July 11, 2020"
2026-10-10 08:45:28,Christoph The Change,Christoph The ChangeEggs are cooked from the edges,https://audiomack.com/christoph-the-change/song/eggs-are-cooked-from-the-edges,https://i.audiomack.com/christoph-the-change/d2b71dfc89.webp?width=416,55900,217,N/A,550,"July 12, 2020"
2026-10-10 08:45:32,Christoph The Change,Christoph The ChangeSenior Player,https://audiomack.com/christoph-the-change/song/senior-player,https://i.audiomack.com/christoph-the-change/65cd78ef6b.webp?width=416,99100,948,N/A,1070,"June 30, 2020"
2026-10-10 08:45:35,Christoph The Change,Christoph The ChangeCongo Jue,https://audiomack.com/christoph-the-change/song/congo-jue,https://i.audiomack.com/christoph-the-change/173dedad9a.webp?width=416,103000,950,N/A,947,"June 30, 2020"
2026-10-10 08:45:38,Christoph The Change,Christoph The ChangeWoomi Oh,https://audiomack.com/christoph-the-change/song/woomi-oh,https://i.audiomack.com/christoph-the-change/5fd5ad7776.webp?width=416,87400,358,N/A,699,"July 11, 2020"
2026-10-10 08:45:41,Christoph The Change,Christoph The ChangeChakalah My Head,https://audiomack.com/christoph-the-change/song/chakalah-my-head,https://i.audiomack.com/christoph-the-change/850e8afeea.webp?width=416,101000,945,N/A,850,"June 30, 2020"
2026-10-10 08:45:44,Christoph The Change,Christoph The ChangeJay Sabu,https://audiomack.com/christoph-the-change/song/jay-sabu,https://i.audiomack.com/christoph-the-change/6978d08280.webp?width=416,102000,439,N/A,801,"July 12, 2020"
2026-10-10 08:45:48,Christoph The Change,Christoph The ChangeBeat Pork,https://audiomack.com/christoph-the-change/song/beat-pork,https://i.audiomack.com/christoph-the-change/b3b39733f0.webp?width=416,45100,203,N/A,394,"July 10, 2020"
2026-10-10 08:45:51,Christoph The Change,Christoph The ChangeGronaMan,https://audiomack.com/christoph-the-change/song/gronaman,https://i.audiomack.com/christoph-the-change/2f52c09a18.webp?width=416,82400,411,N/A,538,"June 6, 2021"
2026-10-10 08:45:54,Christoph The Change,Christoph The ChangeWhat Ur want,https://audiomack.com/christoph-the-change/song/what-ur-want,https://i.audiomack.com/christoph-the-change/20f3c41352.webp?width=416,65200,245,N/A,455,"July 11, 2020"
2026-10-10 08:45:59,Christoph The Change,Christoph The ChangeLey Boy,https://audiomack.com/christoph-the-change/song/ley-boy,https://i.audiomack.com/christoph-the-change/65cd78ef6b.webp?width=416,64400,757,N/A,723,"June 30, 2020"
2026-10-10 08:46:02,Christoph The Change,Christoph the ChangeShatta (feat. CIC),https://audiomack.com/christoph-the-change/song/shatta-feat-cic,https://i.audiomack.com/christoph-the-change/1697a5f000.webp?width=416,124000,118,N/A,518,"November 2, 2021"
2026-10-10 08:46:07,Christoph The Change,ChristophDa You,https://audiomack.com/christoph-the-change/song/da-you,https://i.audiomack.com/christoph-the-change/8ef7a4a608.webp?width=416,60100,710,N/A,512,"December 27, 2020"
2026-10-10 08:46:10,Christoph The Change,Christoph The ChangeTrouble,https://audiomack.com/christoph-the-change/song/trouble,https://i.audiomack.com/christoph-the-change/65cd78ef6b.webp?width=416,68500,799,N/A,746,"June 30, 2020"
2026-10-10 08:46:16,Christoph The Change,Christoph the ChangeGbekugbeh,https://audiomack.com/christoph-the-change/song/gbekugbeh,https://i.audiomack.com/christoph-the-change/0cd411a0ec.webp?width=416,81400,284,N/A,488,"December 9, 2020"
2026-10-10 08:46:19,Christoph The Change,Christoph The ChangeAfrican Woman,https://audiomack.com/christoph-the-change/song/audio-2020-06-23-15-35-02-copy-8,https://i.audiomack.com/christoph-the-change/65cd78ef6b.webp?width=416,62300,754,N/A,730,"June 30, 2020"
2026-10-10 08:46:22,Christoph The Change,Christoph The ChangeLove Forever,https://audiomack.com/christoph-the-change/song/love-forever,https://i.audiomack.com/christoph-the-change/65cd78ef6b.webp?width=416,50400,693,N/A,664,"June 30, 2020"
2026-10-10 08:46:25,Christoph The Change,ChristophOpen My Way,https://audiomack.com/christoph-the-change/song/open-my-way,https://i.audiomack.com/christoph-the-change/8ef7a4a608.webp?width=416,52100,681,N/A,423,"December 27, 2020"
2026-10-10 08:46:29,Christoph The Change,Christoph The ChangeMemories,https://audiomack.com/christoph-the-change/song/memories,https://i.audiomack.com/christoph-the-change/29ce73d62d.webp?width=416,65500,352,N/A,400,"July 18, 2020"
2026-10-10 08:46:32,Christoph The Change,ChristophGlory,https://audiomack.com/christoph-the-change/song/glory,https://i.audiomack.com/christoph-the-change/8ef7a4a608.webp?width=416,45000,609,N/A,438,"December 27, 2020"
2026-10-10 08:46:35,Christoph The Change,Christoph The ChangeUncle Vanblo,https://audiomack.com/christoph-the-change/song/uncle-vanblo,https://i.audiomack.com/christoph-the-change/36684c3ab2.webp?width=416,26100,122,N/A,194,"July 11, 2020"
2026-10-10 08:46:38,Christoph The Change,ChristophEnvy And Jelousy,https://audiomack.com/christoph-the-change/song/envy-and-jelousy,https://i.audiomack.com/christoph-the-change/8ef7a4a608.webp?width=416,45200,613,N/A,403,"December 27, 2020"
2026-10-10 08:46:41,Christoph The Change,Christoph The ChangeHipco For Life,https://audiomack.com/christoph-the-change/song/hipco-for-life,https://i.audiomack.com/christoph-the-change/4a0b4a99c5.webp?width=416,33600,2,N/A,225,"July 12, 2020"
2026-10-10 08:46:45,Christoph The Change,Christoph The ChangeSavage Freestyle,https://audiomack.com/christoph-the-change/song/savage-freestyle,https://i.audiomack.com/christoph-the-change/ee7b9634ef.webp?width=416,44500,180,N/A,349,"June 16, 2020"
2026-10-10 08:46:48,Christoph The Change,Christoph The ChangeGlapor Zuo,https://audiomack.com/christoph-the-change/song/glapor-zuo,https://i.audiomack.com/christoph-the-change/372baab4e7.webp?width=416,49600,218,N/A,374,"July 11, 2020"
2026-10-10 08:46:51,Christoph The Change,Christoph The ChangeDon’t put it there,https://audiomack.com/christoph-the-change/song/don-t-put-it-there,https://i.audiomack.com/christoph-the-change/e748732bb5.webp?width=416,27500,121,N/A,206,"July 11, 2020"
2026-10-10 08:46:54,Christoph The Change,CHRISTOPH THE CHANGEGEORGE WEAH,https://audiomack.com/christoph-the-change/song/george-weah,https://i.audiomack.com/christoph-the-change/39ba2f4b7f.webp?width=416,100000,664,N/A,1050,"September 26, 2023"
2026-10-10 08:46:57,Christoph The Change,Christoph The ChangeAM A RUNNER (DON'T COME FOR ME,https://audiomack.com/christoph-the-change/song/am-a-runner-dont-come-for-me,https://i.audiomack.com/christoph-the-change/2e813230a6.webp?width=416,25500,125,N/A,190,"July 12, 2020"
2026-10-10 08:47:02,Christoph The Change,Christoph the ChangeWho Be Who (feat. Teddy Ride),https://audiomack.com/christoph-the-change/song/who-be-who-feat-teddy-ride,https://i.audiomack.com/christoph-the-change/aaa1b7acc0.webp?width=416,82700,61,N/A,314,"November 2, 2021"
2026-10-10 08:47:06,Christoph The Change,Christoph The ChangeShe Love My Hit,https://audiomack.com/christoph-the-change/song/she-love-my-hit,https://i.audiomack.com/christoph-the-change/8c23ffe3a6.webp?width=416,27300,133,N/A,164,"July 12, 2020"
2026-10-10 08:47:09,Christoph The Change,Christoph The ChangeFake,https://audiomack.com/christoph-the-change/song/fake,https://i.audiomack.com/christoph-the-change/b46024a7f9.webp?width=416,24600,96,N/A,138,"July 12, 2020"
2026-10-10 08:47:12,Christoph The Change,Christoph The ChangeYour Own,https://audiomack.com/christoph-the-change/song/your-own,https://i.audiomack.com/christoph-the-change/429e3c54e2.webp?width=416,27100,134,N/A,144,"July 11, 2020"
2026-10-10 08:47:15,Christoph The Change,Christoph The ChangeBurst It,https://audiomack.com/christoph-the-change/song/burst-it,https://i.audiomack.com/christoph-the-change/4a0b4a99c5.webp?width=416,19600,95,N/A,139,"June 16, 2020"
2026-10-10 08:47:33,Brickson,BricksonLOVE X2,https://audiomack.com/brickson_/song/lovex2,https://i.audiomack.com/brickson_/f2978183be.webp?width=416,123000,1680,N/A,555,"September 18, 2026"
2026-10-10 08:47:36,Brickson,BricksonMY LOVE,https://audiomack.com/brickson_/song/my-love,https://i.audiomack.com/brickson_/d8b03c7db6.webp?width=416,900000,6360,N/A,6370,"January 23, 2026"
2026-10-10 08:47:39,Brickson,BricksonPAIN,https://audiomack.com/brickson_/song/pain,https://i.audiomack.com/brickson_/093aff7e31.webp?width=416,1100000,7380,N/A,7890,"September 30, 2025"
2026-10-10 08:47:42,Brickson,BricksonSET IT FOR ME,https://audiomack.com/brickson_/song/set-it-for-me,https://i.audiomack.com/brickson_/904d753090.webp?width=416,1250000,8570,N/A,11500,"March 20, 2025"
2026-10-10 08:47:45,Brickson,BricksonBE YOURSELF,https://audiomack.com/brickson_/song/be-yourself,https://i.audiomack.com/brickson_/02a3e45247.webp?width=416,334000,2420,N/A,2810,"April 29, 2026"
2026-10-10 08:47:49,Brickson,BricksonONLY ME,https://audiomack.com/brickson_/song/only-me,https://i.audiomack.com/brickson_/8821dfc6f4.webp?width=416,827000,4540,N/A,7820,"January 30, 2025"
2026-10-10 08:47:52,Brickson,BRICKSONOver It,https://audiomack.com/brickson_/song/over-it,https://i.audiomack.com/brickson_/17951144-c.webp?width=416,681000,5000,N/A,5900,"June 25, 2025"
2026-10-10 08:47:55,Brickson,BricksonLast,https://audiomack.com/brickson_/song/last,https://i.audiomack.com/brickson_/0df0218c45.webp?width=416,108000,652,N/A,604,"September 30, 2024"
2026-10-10 08:47:58,Brickson,DJ ZBESTIE,https://audiomack.com/brickson_/song/bestie,https://i.audiomack.com/brickson_/a3503460b4.webp?width=416,263000,1210,N/A,2450,"May 24, 2024"
2026-10-10 08:48:01,Brickson,BricksonMy-Treasure,https://audiomack.com/brickson_/song/my,https://i.audiomack.com/brickson-slobert/91abac2142.webp?width=416,23100,101,N/A,249,"June 16, 2021"
2026-10-10 08:48:05,Brickson,BricksonRiver Gee Chée Säy  Fannör Kon,https://audiomack.com/brickson_/song/river-gee-chee-say-fannor-kon,https://i.audiomack.com/brickson_/aa2f511c3b.webp?width=416,72900,400,N/A,537,"May 3, 2024"
2026-10-10 08:48:09,Brickson,BricksonLamco,https://audiomack.com/brickson_/song/lamco,https://i.audiomack.com/brickson_/129bc19820.webp?width=416,45000,372,N/A,527,"April 6, 2023"
2026-10-10 08:48:14,Brickson,BricksonLet them talk,https://audiomack.com/brickson_/song/brickson-let-them-talk,https://i.audiomack.com/brickson-slobert/f183fa21ee.webp?width=416,56300,280,N/A,408,"December 24, 2021"
2026-10-10 08:48:17,Brickson,BricksonWhy,https://audiomack.com/brickson_/song/17543775,https://i.audiomack.com/brickson-slobert/1cad31ee26.webp?width=416,26800,128,N/A,190,"March 17, 2022"
2026-10-10 08:48:21,Brickson,BricksonThunder,https://audiomack.com/brickson_/song/thunder,https://i.audiomack.com/brickson_/556fcf9dd6.webp?width=416,34500,236,N/A,303,"July 4, 2024"
2026-10-10 08:48:24,Brickson,BricksonFeel something,https://audiomack.com/brickson_/song/feel-something,https://i.audiomack.com/brickson_/460b021341.webp?width=416,23900,158,N/A,214,"July 14, 2022"
2026-10-10 08:48:49,Barsee Mocopala Kiloda,J NAS BEATZTWASA DRILL,https://audiomack.com/barsee-mocopala-kiloda/song/twasa-drill,https://i.audiomack.com/barsee-mocopala-kiloda/74f798d47e.webp?width=416,552000,4300,N/A,4530,"April 18, 2026"
2026-10-10 08:48:52,Barsee Mocopala Kiloda,Barsee Mocopala KilodaROJO ROJA,https://audiomack.com/barsee-mocopala-kiloda/song/rojo-roja,https://i.audiomack.com/barsee-mocopala-kiloda/106f8ce955.webp?width=416,785000,4640,N/A,5900,"December 5, 2025"
2026-10-10 08:48:55,Barsee Mocopala Kiloda,Barsee Mocopala KilodaGrandma BBY,https://audiomack.com/barsee-mocopala-kiloda/song/grandma-bby,https://i.audiomack.com/barsee-mocopala-kiloda/4d0057323b.webp?width=416,505000,3350,N/A,4180,"December 5, 2025"
2026-10-10 08:48:58,Barsee Mocopala Kiloda,Barsee Mocopala KilodaBATWALA PANTWANNA,https://audiomack.com/barsee-mocopala-kiloda/song/batwala-pantwanna,https://i.audiomack.com/barsee-mocopala-kiloda/cd16238f99.webp?width=416,222000,2210,N/A,1160,"January 10, 2026"
2026-10-10 08:49:01,Barsee Mocopala Kiloda,Barsee Mocopala KilodaSecond life,https://audiomack.com/barsee-mocopala-kiloda/song/second-life,https://i.audiomack.com/krykayness/470ccd1b2e.webp?width=416,241000,1250,N/A,2550,"July 31, 2020"
2026-10-10 08:49:05,Barsee Mocopala Kiloda,Barsee Mocopala KilodaBarsee_Mocopala_Kiloda_MR Me ___Prod By__Juice Beatz__,https://audiomack.com/barsee-mocopala-kiloda/song/barsee-mocopala-kiloda-mr-me-prod-by-juice-beatz,https://i.audiomack.com/krykayness/41f62991e7.webp?width=416,276000,2320,N/A,1960,"February 11, 2021"
2026-10-10 08:49:08,Barsee Mocopala Kiloda,Barsee Mocopala KilodaATA (ALL TWASA AFFAIRS),https://audiomack.com/barsee-mocopala-kiloda/song/ata-all-twasa-affairs,https://i.audiomack.com/barsee-mocopala-kiloda/38beecd4a9.webp?width=416,337000,2790,N/A,3310,"October 25, 2025"
2026-10-10 08:49:12,Barsee Mocopala Kiloda,Barsee Mocopala KilodaLOFA County Allstar - We Ready Prod. @kizzywmusic,https://audiomack.com/barsee-mocopala-kiloda/song/lofa-county-allstar-we-ready-prod-kizzywmusic,https://i.audiomack.com/krykayness/9262f1168b.webp?width=416,355000,1640,N/A,4390,"January 14, 2020"
2026-10-10 08:49:15,Barsee Mocopala Kiloda,Barsee Mocopala KilodaYour Mouth_Barsee Mocopala Kiloda x Angel Michael_prod by_ Juice Beatz,https://audiomack.com/barsee-mocopala-kiloda/song/your-mouth-barsee-mocopala-kiloda-x-angel-michael-prod-by-juice-beatz,https://i.audiomack.com/krykayness/aefb1c519e.webp?width=416,105000,441,N/A,823,"November 14, 2019"
2026-10-10 08:49:18,Barsee Mocopala Kiloda,Barsee Mocopala KilodaBarsee_Mocopala_Kiloda_ Heaven Prod. By T Smile,https://audiomack.com/barsee-mocopala-kiloda/song/barsee-mocopala-kiloda-heaven-prod-by-t-smile,https://i.audiomack.com/krykayness/41f62991e7.webp?width=416,174000,1820,N/A,1460,"February 11, 2021"
2026-10-10 08:49:21,Barsee Mocopala Kiloda,Barsee Mocopala KilodaKILO Quietly,https://audiomack.com/barsee-mocopala-kiloda/song/kilo-quietly,https://i.audiomack.com/krykayness/20953856f6.webp?width=416,302000,2430,N/A,3990,"May 25, 2024"
2026-10-10 08:49:24,Barsee Mocopala Kiloda,BARSEE MOCOPALA KILODAMRS. PROBLEM,https://audiomack.com/barsee-mocopala-kiloda/song/barsee-miss-problem-prod-j-nas-beatz,https://i.audiomack.com/barsee-mocopala-kiloda/7df5f53662.webp?width=416,102000,M,N/A,1050,"February 20, 2026"
2026-10-10 08:49:28,Barsee Mocopala Kiloda,Barsee Mocopala KilodaBrakes   Pord. Kizzy W,https://audiomack.com/barsee-mocopala-kiloda/song/brakes-pord-kizzy-w,https://i.audiomack.com/krykayness/41f62991e7.webp?width=416,147000,1440,N/A,1430,"February 11, 2021"
2026-10-10 08:49:31,Barsee Mocopala Kiloda,Barsee Mocopala KilodaBarsee_Rush_Route_PROD_TSMILE_BEAT,https://audiomack.com/barsee-mocopala-kiloda/song/barsee-rush-route-prod-tsmile-beat,https://i.audiomack.com/krykayness/41f62991e7.webp?width=416,125000,1520,N/A,1240,"February 11, 2021"
2026-10-10 08:49:34,Barsee Mocopala Kiloda,Barsee Mocopala KilodaBarsee_Mocopala_Kiloda_ Lay_luyah Prod,https://audiomack.com/barsee-mocopala-kiloda/song/barsee-mocopala-kiloda-lay-luyah-prod,https://i.audiomack.com/krykayness/41f62991e7.webp?width=416,114000,1430,N/A,1240,"February 11, 2021"
2026-10-10 08:49:37,Barsee Mocopala Kiloda,Barsee Mocopala KilodaBarsee_Mocopala_Kiloda_MY_STORY_prod By Jiuce Beatz,https://audiomack.com/barsee-mocopala-kiloda/song/barsee-mocopala-kiloda-my-story-prod-by-jiuce-beatz,https://i.audiomack.com/krykayness/41f62991e7.webp?width=416,98200,1290,N/A,1190,"February 11, 2021"
2026-10-10 08:49:40,Barsee Mocopala Kiloda,Barsee Mocopala KilodaBarsee_Mocopala_Kiloda _JUST_CAME_ Prod By_Juice Beatz,https://audiomack.com/barsee-mocopala-kiloda/song/barsee-mocopala-kiloda-just-came-prod-by-juice-beatz,https://i.audiomack.com/krykayness/41f62991e7.webp?width=416,80800,1210,N/A,1120,"February 11, 2021"
2026-10-10 08:49:44,Barsee Mocopala Kiloda,Barsee Mocopala KilodaOff Neck_prod By _Juice Beatz   T Smile,https://audiomack.com/barsee-mocopala-kiloda/song/off-neck-prod-by-juice-beatz-t-smile,https://i.audiomack.com/krykayness/41f62991e7.webp?width=416,80300,1180,N/A,1190,"February 11, 2021"
2026-10-10 08:49:47,Barsee Mocopala Kiloda,Barsee Mocopala KilodaGun Talk_-_Master1,https://audiomack.com/barsee-mocopala-kiloda/song/gun-talk-master1,https://i.audiomack.com/barsee-mocopala-kiloda/812320651c.webp?width=416,83200,1,N/A,620,"March 9, 2019"
2026-10-10 08:49:50,Barsee Mocopala Kiloda,Barsee Mocopala KilodaRED SHOES,https://audiomack.com/barsee-mocopala-kiloda/song/red-shoes,https://i.audiomack.com/krykayness/a185e27e93.webp?width=416,119000,478,N/A,829,"July 16, 2021"
2026-10-10 08:49:56,Barsee Mocopala Kiloda,Barsee Mocopala KilodaNightfall II,https://audiomack.com/barsee-mocopala-kiloda/song/nightfall-ii,https://i.audiomack.com/krykayness/4f7500830b.webp?width=416,141000,1030,N/A,1350,"November 20, 2024"
2026-10-10 08:49:59,Barsee Mocopala Kiloda,Barsee Mocopala KilodaBarsee-Kiloda-Feat.-Sylzee-Love-Me-4-Natin-Prod.-DJ-Magiic,https://audiomack.com/barsee-mocopala-kiloda/song/barsee-kiloda-feat-sylzee-love-me-4-natin-prod-dj-magiic,https://i.audiomack.com/krykayness/0e7b140f08.webp?width=416,85400,354,N/A,623,"November 13, 2019"
2026-10-10 08:50:02,Barsee Mocopala Kiloda,Barsee Mocopala KilodaBarsee_-At Night Fall-[Prod J Nas Beatz],https://audiomack.com/barsee-mocopala-kiloda/song/barsee-at-night-fall-prod-j-nas-beatz,https://i.audiomack.com/krykayness/20620683bb.webp?width=416,212000,1850,N/A,2300,"November 13, 2024"
2026-10-10 08:50:05,Barsee Mocopala Kiloda,Barsee Mocopala KilodaBarsee_Mocopala_Kiloda_ MoL _prod By_ Juice Beatz,https://audiomack.com/barsee-mocopala-kiloda/song/barsee-mocopala-kiloda-mol-prod-by-juice-beatz,https://i.audiomack.com/krykayness/41f62991e7.webp?width=416,78300,1160,N/A,1060,"February 11, 2021"
2026-10-10 08:50:10,Barsee Mocopala Kiloda,BARSEE MOCOPALA KILODABLOODY HOLD ON,https://audiomack.com/barsee-mocopala-kiloda/song/aud-20260124-wa0001,https://i.audiomack.com/barsee-mocopala-kiloda/7df5f53662.webp?width=416,60900,793,N/A,640,"February 20, 2026"
2026-10-10 08:50:13,Barsee Mocopala Kiloda,Barsee Mocopala KilodaBarsee_Mocopala_Kiloda_ Fire Master,https://audiomack.com/barsee-mocopala-kiloda/song/barsee-mocopala-kiloda-fire-master,https://i.audiomack.com/krykayness/41f62991e7.webp?width=416,53400,1040,N/A,1050,"February 11, 2021"
2026-10-10 08:50:19,Barsee Mocopala Kiloda,Barsee Mocopala KilodaBarsee_Mocopala_Kiloda_ FEAST_ON,https://audiomack.com/barsee-mocopala-kiloda/song/barsee-mocopala-kiloda-feast-on,https://i.audiomack.com/krykayness/41f62991e7.webp?width=416,58700,1090,N/A,1030,"February 11, 2021"
2026-10-10 08:50:22,Barsee Mocopala Kiloda,Barsee Mocopala KilodaEveryday,https://audiomack.com/barsee-mocopala-kiloda/song/everyday-1,https://i.audiomack.com/barsee-mocopala-kiloda/18897062-1.webp?width=416,19100,155,N/A,104,"August 23, 2025"
2026-10-10 08:50:25,Barsee Mocopala Kiloda,Barsee Mocopala KilodaDEEPER THEN OCEAN,https://audiomack.com/barsee-mocopala-kiloda/song/deeper-then-ocean,https://i.audiomack.com/krykayness/41f62991e7.webp?width=416,72600,1140,N/A,1100,"February 11, 2021"
2026-10-10 08:50:28,Barsee Mocopala Kiloda,Barsee Mocopala KilodaAUD-20200115-WA0002,https://audiomack.com/barsee-mocopala-kiloda/song/aud-20200115-wa0002,https://i.audiomack.com/krykayness/ffecd433f6.webp?width=416,50500,0002,N/A,347,"January 15, 2020"
2026-10-10 08:50:32,Barsee Mocopala Kiloda,Barsee Mocopala KilodaBarsee_Mocopala_Kiloda_ Wanted Me To Fail Prod. By_Juice Beat   T Smile,https://audiomack.com/barsee-mocopala-kiloda/song/barsee-mocopala-kiloda-wanted-me-to-fail-prod-by-juice-beat-t-smile,https://i.audiomack.com/krykayness/41f62991e7.webp?width=416,59200,1050,N/A,1010,"February 11, 2021"
2026-10-10 08:50:35,Barsee Mocopala Kiloda,Barsee Mocopala KilodaLove Addict,https://audiomack.com/barsee-mocopala-kiloda/song/love-addict,https://i.audiomack.com/krykayness/41f62991e7.webp?width=416,67800,1070,N/A,1090,"February 11, 2021"
2026-10-10 08:50:38,Barsee Mocopala Kiloda,Barsee Mocopala KilodaBarsee_Mocopala_Kiloda_Focus_pro,https://audiomack.com/barsee-mocopala-kiloda/song/barsee-mocopala-kiloda-focus-pro,https://i.audiomack.com/krykayness/41f62991e7.webp?width=416,47600,987,N/A,1010,"February 11, 2021"
2026-10-10 08:50:41,Barsee Mocopala Kiloda,Barsee Mocopala KilodaBarsee_Mocopala_Kiloda_Don't_Move_prod By_ Juice Beatz,https://audiomack.com/barsee-mocopala-kiloda/song/barsee-mocopala-kiloda-dont-move-prod-by-juice-beatz,https://i.audiomack.com/krykayness/41f62991e7.webp?width=416,53700,1020,N/A,1030,"February 11, 2021"
2026-10-10 08:50:44,Barsee Mocopala Kiloda,Barsee Mocopala KilodaBarsee_ Mocopala Kiloda I_HUSTLE 5,https://audiomack.com/barsee-mocopala-kiloda/song/barsee-mocopala-kiloda-i-hustle-5,https://i.audiomack.com/krykayness/41f62991e7.webp?width=416,64400,5,N/A,1080,"February 11, 2021"
2026-10-10 08:50:48,Barsee Mocopala Kiloda,Barsee Mocopala KilodaBarsee_Mocopala_Kiloda_  U_REMEMBER  _prod By_Juice_Beatz,https://audiomack.com/barsee-mocopala-kiloda/song/barsee-mocopala-kiloda-u-remember-prod-by-juice-beatz,https://i.audiomack.com/krykayness/41f62991e7.webp?width=416,66000,1110,N/A,1040,"February 11, 2021"
2026-10-10 08:50:51,Barsee Mocopala Kiloda,Barsee Mocopala KilodaCarbondioxide,https://audiomack.com/barsee-mocopala-kiloda/song/barsee-mocopala-kiloda-carbondioxide,https://i.audiomack.com/krykayness/40b0ff2844.webp?width=416,221000,1160,N/A,1750,"April 20, 2022"
2026-10-10 08:50:54,Barsee Mocopala Kiloda,Barsee Mocopala KilodaBarsee_Mocopala_Kiloda_  POUR  _prod by_Juice_Beatz,https://audiomack.com/barsee-mocopala-kiloda/song/barsee-mocopala-kiloda-pour-prod-by-juice-beatz,https://i.audiomack.com/krykayness/41f62991e7.webp?width=416,54700,1040,N/A,1010,"February 11, 2021"
2026-10-10 08:50:57,Barsee Mocopala Kiloda,Barsee Mocopala KilodaBarsee_ Mocopala_ Kiloda__HOPE_prod By_ Juice Beatz,https://audiomack.com/barsee-mocopala-kiloda/song/barsee-mocopala-kiloda-hope-prod-by-juice-beatz,https://i.audiomack.com/krykayness/41f62991e7.webp?width=416,65800,1100,N/A,1050,"February 11, 2021"
2026-10-10 08:51:01,Barsee Mocopala Kiloda,BARSEE MOCOPALA KILODAI BELIEVE,https://audiomack.com/barsee-mocopala-kiloda/song/belive-master,https://i.audiomack.com/barsee-mocopala-kiloda/7df5f53662.webp?width=416,43900,674,N/A,564,"February 20, 2026"
2026-10-10 08:51:04,Barsee Mocopala Kiloda,Barsee Mocopala KilodaLoud Sound Prod_,https://audiomack.com/barsee-mocopala-kiloda/song/loud-sound-prod,https://i.audiomack.com/krykayness/41f62991e7.webp?width=416,54400,1020,N/A,1010,"February 11, 2021"
2026-10-10 08:51:07,Barsee Mocopala Kiloda,Barsee Mocopala KilodaEveryday,https://audiomack.com/barsee-mocopala-kiloda/song/everyday,https://i.audiomack.com/barsee-mocopala-kiloda/b8edf73a07.webp?width=416,166000,1790,N/A,1820,"August 23, 2025"
2026-10-10 08:51:10,Barsee Mocopala Kiloda,Barsee Mocopala KilodaElephant inks,https://audiomack.com/barsee-mocopala-kiloda/song/elephant-inks,https://i.audiomack.com/krykayness/20733b591a.webp?width=416,209000,1200,N/A,1830,"February 21, 2022"
2026-10-10 08:51:14,Barsee Mocopala Kiloda,Barsee Mocopala KilodaCrime watch II,https://audiomack.com/barsee-mocopala-kiloda/song/crime-watch-ii,https://i.audiomack.com/krykayness/73e829d120.webp?width=416,121000,851,N/A,1210,"November 9, 2024"
2026-10-10 08:51:17,Barsee Mocopala Kiloda,Barsee Mocopala KilodaREDO FREESTYLE,https://audiomack.com/barsee-mocopala-kiloda/song/redo-freestyle,https://i.audiomack.com/krykayness/195269ae90.webp?width=416,92400,811,N/A,1250,"October 24, 2024"
2026-10-10 08:51:20,Barsee Mocopala Kiloda,Barsee Mocopala KilodaMisbehave,https://audiomack.com/barsee-mocopala-kiloda/song/misbehives,https://i.audiomack.com/krykayness/d710914186.webp?width=416,93100,797,N/A,1330,"May 25, 2024"
2026-10-10 08:51:23,Barsee Mocopala Kiloda,Barsee Mocopala KilodaBarsee Mocopala Kiloda_ZERO LUV prod by _Juice Beatz(de Bassboi),https://audiomack.com/barsee-mocopala-kiloda/song/barsee-mocopala-kiloda-zero-luv-prod-by-juice-beatz-de-bassboi,https://i.audiomack.com/barsee-mocopala-kiloda/cc75ef6069.webp?width=416,35600,173,N/A,215,"July 6, 2019"
2026-10-10 08:51:26,Barsee Mocopala Kiloda,Barsee Mocopala KilodaKilloda Enemy pray-1,https://audiomack.com/barsee-mocopala-kiloda/song/killoda-enemy-pray-1,https://i.audiomack.com/barsee-mocopala-kiloda/c1304a3a18.webp?width=416,36400,1,N/A,267,"July 22, 2019"
2026-10-10 08:51:29,Barsee Mocopala Kiloda,Barsee Mocopala KilodaKONKIN HAY,https://audiomack.com/barsee-mocopala-kiloda/song/konkin-hay,https://i.audiomack.com/krykayness/0ae1cdb9b2.webp?width=416,93900,838,N/A,909,"December 12, 2024"
2026-10-10 08:51:34,Barsee Mocopala Kiloda,Barsee Mocopala KilodaBarsee-Mocopala-Kiloda-Picture-On-The-Wall,https://audiomack.com/barsee-mocopala-kiloda/song/barsee-mocopala-kiloda-picture-on-the-wall,https://i.audiomack.com/barsee-mocopala-kiloda/394d40f3a2.webp?width=416,41000,208,N/A,314,"June 2, 2019"
2026-10-10 08:51:37,Barsee Mocopala Kiloda,Barsee Mocopala KilodaAUD-20191116-WA0003,https://audiomack.com/barsee-mocopala-kiloda/song/aud-20191116-wa0003,https://i.audiomack.com/krykayness/3403d23701.webp?width=416,33200,144,N/A,184,"November 17, 2019"
2026-10-10 08:51:40,Barsee Mocopala Kiloda,Barsee Mocopala Kilodakilo new song pre mix,https://audiomack.com/barsee-mocopala-kiloda/song/kilo-new-song-pre-mix,https://i.audiomack.com/barsee-mocopala-kiloda/03f82ff75e.webp?width=416,32100,149,N/A,215,"September 29, 2019"
2026-10-10 08:51:45,Barsee Mocopala Kiloda,Barsee Mocopala KilodaTwasa_zootopia,https://audiomack.com/barsee-mocopala-kiloda/song/twasa-zootopia,https://i.audiomack.com/krykayness/1ffaddc04d.webp?width=416,67800,,N/A,544,"August 10, 2023"
2026-10-10 08:51:48,Barsee Mocopala Kiloda,Angel MichaelWifey material,https://audiomack.com/barsee-mocopala-kiloda/song/wifey-material,https://i.audiomack.com/krykayness/0b5c5169c6.webp?width=416,44600,200,N/A,200,"April 7, 2022"
2026-10-10 08:51:52,Barsee Mocopala Kiloda,Barsee Mocopala KILOkrykayDaCMIE,https://audiomack.com/barsee-mocopala-kiloda/song/cmie,https://i.audiomack.com/barsee-mocopala-kiloda/560d3bd657.webp?width=416,18000,102,N/A,104,"August 31, 2019"
2026-10-10 08:51:55,Barsee Mocopala Kiloda,Barsee Mocopala KilodaMY SOLDIER,https://audiomack.com/barsee-mocopala-kiloda/song/my-soldier,https://i.audiomack.com/krykayness/bb3cfeddd9.webp?width=416,13100,50,N/A,84,"November 5, 2020"
2026-10-10 08:51:58,Barsee Mocopala Kiloda,Barsee Mocopala KilodaSize in toothpaste,https://audiomack.com/barsee-mocopala-kiloda/song/size-in-toothpaste,https://i.audiomack.com/krykayness/206cd0d736.webp?width=416,68000,327,N/A,465,"December 17, 2021"
2026-10-10 08:52:01,Barsee Mocopala Kiloda,Barsee Mocopala KilodaBIRTHDAY BOY,https://audiomack.com/barsee-mocopala-kiloda/song/birthday-boy,https://i.audiomack.com/krykayness/b0df7e97c4.webp?width=416,16700,74,N/A,89,"January 15, 2021"
2026-10-10 08:52:04,Barsee Mocopala Kiloda,Barsee Mocopala KilodaAUD-20200918-WA0012,https://audiomack.com/barsee-mocopala-kiloda/song/aud-20200918-wa0012,https://i.audiomack.com/krykayness/645125a96b.webp?width=416,24500,0012,N/A,163,"October 10, 2020"
2026-10-10 08:52:09,Barsee Mocopala Kiloda,Barsee Mocopala KilodaWar Island,https://audiomack.com/barsee-mocopala-kiloda/song/war-island,https://i.audiomack.com/krykayness/30554d360d.webp?width=416,26000,116,N/A,193,"December 22, 2020"
2026-10-10 08:52:12,Barsee Mocopala Kiloda,Barsee Mocopala KilodaAUD-20200530-WA0000,https://audiomack.com/barsee-mocopala-kiloda/song/aud-20200530-wa0000,https://i.audiomack.com/krykayness/6ad82a72b8.webp?width=416,19000,0000,N/A,122,"May 30, 2020"
2026-10-10 08:52:16,Barsee Mocopala Kiloda,Barsee Mocopala KilodaWHO TAYKAY,https://audiomack.com/barsee-mocopala-kiloda/song/who-taykay,https://i.audiomack.com/krykayness/1860bf8a69.webp?width=416,24900,116,N/A,111,"October 2, 2021"
2026-10-10 08:52:19,Barsee Mocopala Kiloda,Ba WestFEARLESS,https://audiomack.com/barsee-mocopala-kiloda/song/aud-20190309-wa0000,https://i.audiomack.com/barsee-mocopala-kiloda/80f87d041b.webp?width=416,15100,60,N/A,104,"March 9, 2019"
2026-10-10 08:52:38,Mr. Church,Mr. ChurchDangerous,https://audiomack.com/mr-church1/song/dangerous,https://i.audiomack.com/mr-church1/6ffb1f3771.webp?width=416,68900,781,N/A,300,"August 21, 2026"
2026-10-10 08:52:42,Mr. Church,Mr. ChurchFlex,https://audiomack.com/mr-church1/song/flex,https://i.audiomack.com/mr-church1/8082034371.webp?width=416,10900,197,N/A,30,"August 21, 2026"
2026-10-10 08:52:45,Mr. Church,Mr. ChurchIntro (Mpd),https://audiomack.com/mr-church1/song/intro-mpd,https://i.audiomack.com/mr-church1/994c9352d6.webp?width=416,58400,1060,N/A,423,"April 25, 2026"
2026-10-10 08:52:48,Mr. Church,Mr. ChurchNobody Loyal,https://audiomack.com/mr-church1/song/nobody-loyal,https://i.audiomack.com/mr-church1/994c9352d6.webp?width=416,44200,849,N/A,336,"April 25, 2026"
2026-10-10 08:52:51,Mr. Church,Mr. ChurchWake Up,https://audiomack.com/mr-church1/song/wake-up,https://i.audiomack.com/mr-church1/994c9352d6.webp?width=416,52600,987,N/A,415,"April 25, 2026"
2026-10-10 08:52:55,Mr. Church,Mr. ChurchGhetto,https://audiomack.com/mr-church1/song/ghetto,https://i.audiomack.com/mr-church1/994c9352d6.webp?width=416,36400,808,N/A,264,"April 25, 2026"
2026-10-10 08:52:58,Mr. Church,Mr. ChurchOutro ADHD,https://audiomack.com/mr-church1/song/outro-adhd,https://i.audiomack.com/mr-church1/994c9352d6.webp?width=416,20900,622,N/A,176,"April 25, 2026"
2026-10-10 08:53:01,Mr. Church,Mr. ChurchCulture,https://audiomack.com/mr-church1/song/culture-church,https://i.audiomack.com/mr-church1/8cdf4b9cfc.webp?width=416,34300,811,N/A,194,"March 27, 2026"
2026-10-10 08:53:05,Mr. Church,Mr. ChurchLet It Shine,https://audiomack.com/mr-church1/song/let-it-shine,https://i.audiomack.com/mr-church1/994c9352d6.webp?width=416,33600,784,N/A,248,"April 25, 2026"
2026-10-10 08:53:08,Mr. Church,Mr. ChurchHigher,https://audiomack.com/mr-church1/song/higher,https://i.audiomack.com/mr-church1/994c9352d6.webp?width=416,24900,23,N/A,176,"April 25, 2026"
2026-10-10 08:53:11,Mr. Church,Mr. ChurchAnubis,https://audiomack.com/mr-church1/song/anubis,https://i.audiomack.com/mr-church1/994c9352d6.webp?width=416,19100,666,N/A,200,"April 25, 2026"
2026-10-10 08:53:14,Mr. Church,Mr. ChurchElephant Hunt,https://audiomack.com/mr-church1/song/elephant-hunt-mr-church,https://i.audiomack.com/mr-church1/16c00e1fbc.webp?width=416,118000,1120,N/A,990,"November 10, 2024"
2026-10-10 08:53:17,Mr. Church,Mr. ChurchLiberian Girl,https://audiomack.com/mr-church1/song/liberian-girl,https://i.audiomack.com/mr-church1/98cee1f667.webp?width=416,18600,315,N/A,94,"February 14, 2026"
2026-10-10 08:53:21,Mr. Church,Mr. ChurchLEY GEEZ,https://audiomack.com/mr-church1/song/ley-geez,https://i.audiomack.com/mr-church1/5974598367.webp?width=416,117000,B,N/A,2000,"December 5, 2025"
2026-10-10 08:53:24,Mr. Church,Mr. ChurchMan 2 Man (Freestyle),https://audiomack.com/mr-church1/song/man-2-man-freestyle,https://i.audiomack.com/mr-church1/d012ddf240.webp?width=416,18600,268,N/A,73,"January 29, 2026"
2026-10-10 08:53:27,Mr. Church,Mr. ChurchTalk Abuh Ay,https://audiomack.com/mr-church1/song/talk-abor-ayy,https://i.audiomack.com/mr-church1/5f2bb89473.webp?width=416,57800,602,N/A,490,"May 11, 2025"
2026-10-10 08:53:30,Mr. Church,Mr. ChurchRest In Pieces,https://audiomack.com/mr-church1/song/rest-in-pieces,https://i.audiomack.com/mr-church1/f8a2159d5b.webp?width=416,155000,1710,N/A,1200,"April 12, 2024"
2026-10-10 08:53:33,Mr. Church,Mr. ChurchUnique,https://audiomack.com/mr-church1/song/unique,https://i.audiomack.com/churchboi-jackson-music/a773fa5798.webp?width=416,78900,746,N/A,818,"May 29, 2023"
2026-10-10 08:53:38,Mr. Church,Mr. ChurchTWASAddicts,https://audiomack.com/mr-church1/song/twasaddicts,https://i.audiomack.com/mr-church1/6496624c62.webp?width=416,67300,737,N/A,491,"November 20, 2024"
2026-10-10 08:53:41,Mr. Church,Mr. ChurchMy Strength,https://audiomack.com/mr-church1/song/my-strength,https://i.audiomack.com/mr-church1/b80cf10e48.webp?width=416,5510,190,N/A,28,"July 10, 2026"
2026-10-10 08:53:45,Mr. Church,Mr. ChurchEvil lurks,https://audiomack.com/mr-church1/song/evil-lurks,https://i.audiomack.com/churchboi-jackson-music/1d38d2071b.webp?width=416,43400,378,N/A,357,"April 14, 2023"
2026-10-10 08:53:48,Mr. Church,Mr. ChurchHeavyweight Champ,https://audiomack.com/mr-church1/song/heavyweight-champ,https://i.audiomack.com/mr-church1/9fd19f0465.webp?width=416,56200,853,N/A,532,"April 30, 2024"
2026-10-10 08:53:51,Mr. Church,Mr. ChurchHuman,https://audiomack.com/mr-church1/song/human,https://i.audiomack.com/mr-church1/400b612eef.webp?width=416,54800,906,N/A,520,"November 15, 2024"
2026-10-10 08:53:54,Mr. Church,Mr. ChurchTWASAddicts 2,https://audiomack.com/mr-church1/song/twasaddicts-2,https://i.audiomack.com/mr-church1/4395cece47.webp?width=416,46000,2,N/A,317,"November 20, 2024"
2026-10-10 08:53:57,Mr. Church,DNY_ft_Gusta_&_Mr. ChurchUnity(County_Meet),https://audiomack.com/mr-church1/song/unitycounty-meet,https://i.audiomack.com/mr-church1/2946c041db.webp?width=416,50100,412,N/A,650,"April 3, 2024"
2026-10-10 08:54:01,Mr. Church,Mr. ChurchI'm  Blessed,https://audiomack.com/mr-church1/song/im-blessed,https://i.audiomack.com/churchboi-jackson-music/9779ebab20.webp?width=416,18200,201,N/A,243,"May 17, 2021"
2026-10-10 08:54:04,Mr. Church,Mr. ChurchParadigm Shift,https://audiomack.com/mr-church1/song/paradigm-shift,https://i.audiomack.com/churchboi-jackson-music/33349d4340.webp?width=416,17300,187,N/A,226,"January 14, 2021"
2026-10-10 08:54:10,Mr. Church,Mr. ChurchChristmas Story ( Joy to the world),https://audiomack.com/mr-church1/song/christmas-story-joy-to-the-world,https://i.audiomack.com/churchboi-jackson-music/425ee2d4fc.webp?width=416,13200,177,N/A,145,"December 22, 2021"
2026-10-10 08:54:13,Mr. Church,Mr. ChurchPeople (Open Verse),https://audiomack.com/mr-church1/song/people-oven-verse,https://i.audiomack.com/churchboi-jackson-music/bb0be716cd.webp?width=416,20800,177,N/A,251,"February 5, 2023"
2026-10-10 08:54:17,Mr. Church,Mr. ChurchTherapy,https://audiomack.com/mr-church1/song/therapy,https://i.audiomack.com/churchboi-jackson-music/f271aa929d.webp?width=416,13500,199,N/A,243,"January 29, 2023"
2026-10-10 08:54:20,Mr. Church,Mr. ChurchSquid Game,https://audiomack.com/mr-church1/song/squid-game,https://i.audiomack.com/mr-church1/b7791fe221.webp?width=416,15400,333,N/A,245,"July 8, 2024"
2026-10-10 08:54:23,Mr. Church,Mr. ChurchHennessy Freestyle,https://audiomack.com/mr-church1/song/hennessy-freestyle,https://i.audiomack.com/mr-church1/08177ff610.webp?width=416,8180,151,N/A,72,"January 9, 2025"
2026-10-10 08:54:26,Mr. Church,Mr. ChurchReady or Not (Freestyle),https://audiomack.com/mr-church1/song/ready-or-not-freestyle,https://i.audiomack.com/mr-church1/74c1ed2890.webp?width=416,8150,152,N/A,64,"October 4, 2025"
2026-10-10 08:54:29,Mr. Church,Mr. ChurchThe Basics (Freestyle),https://audiomack.com/mr-church1/song/the-basics-freestyle,https://i.audiomack.com/mr-church1/940e03936a.webp?width=416,4590,78,N/A,37,"August 29, 2025"
2026-10-10 08:54:33,Mr. Church,Mr. ChurchMisunderstood,https://audiomack.com/mr-church1/song/misunderstood,https://i.audiomack.com/mr-church1/24970dca1c.webp?width=416,8390,195,N/A,83,"July 11, 2025"
2026-10-10 08:54:36,Mr. Church,Mr. ChurchDo Like Me,https://audiomack.com/mr-church1/song/do-like-me,https://i.audiomack.com/mr-church1/412bbdcba6.webp?width=416,15100,266,N/A,179,"April 14, 2025"
2026-10-10 08:54:39,Mr. Church,Mr. ChurchCrazy People,https://audiomack.com/mr-church1/song/crazy-people,https://i.audiomack.com/mr-church1/d296eb5e55.webp?width=416,22800,301,N/A,182,"September 26, 2024"
2026-10-10 08:54:42,Mr. Church,Mr. ChurchLet It Go,https://audiomack.com/mr-church1/song/let-it-go,https://i.audiomack.com/mr-church1/56b7e9be85.webp?width=416,21300,453,N/A,228,"May 22, 2024"
2026-10-10 08:55:01,Natif,NatifI Do,https://audiomack.com/natif/song/i-do,https://i.audiomack.com/iportay/ca2c9af32e.webp?width=416,145000,814,N/A,1470,"March 10, 2022"
2026-10-10 08:55:05,Natif,NatifHmm,https://audiomack.com/natif/song/hmm,https://i.audiomack.com/natif/7b9dda84b6.webp?width=416,381000,2310,N/A,2790,"August 18, 2025"
2026-10-10 08:55:08,Natif,NatifRaining season,https://audiomack.com/natif/song/raining-season,https://i.audiomack.com/natif/1a918d7c7a.webp?width=416,17500,280,N/A,58,"August 4, 2026"
2026-10-10 08:55:11,Natif,NatifWoo,https://audiomack.com/natif/song/woo,https://i.audiomack.com/natif/2c85a873d2.webp?width=416,37200,444,N/A,227,"April 10, 2026"
2026-10-10 08:55:14,Natif,NatifPromise,https://audiomack.com/natif/song/8-promise-ft-j-slught,https://i.audiomack.com/iportay-official/36775810d1.webp?width=416,215000,1630,N/A,2750,"July 11, 2023"
2026-10-10 08:55:17,Natif,NatifLike,https://audiomack.com/natif/song/7-like-ft-eric-geso,https://i.audiomack.com/iportay-official/36775810d1.webp?width=416,67000,506,N/A,589,"July 11, 2023"
2026-10-10 08:55:21,Natif,NatifSarah,https://audiomack.com/natif/song/4-sarah,https://i.audiomack.com/iportay-official/36775810d1.webp?width=416,49900,409,N/A,445,"July 11, 2023"
2026-10-10 08:55:24,Natif,NatifTaxi Driver,https://audiomack.com/natif/song/taxi-driver,https://i.audiomack.com/natif/76ae5d31a9.webp?width=416,48400,526,N/A,254,"December 12, 2025"
2026-10-10 08:55:27,Natif,Natifos,https://audiomack.com/natif/song/os,https://i.audiomack.com/iportay-official/36775810d1.webp?width=416,36800,326,N/A,368,"July 11, 2023"
2026-10-10 08:55:30,Natif,NatifEVERY BODY,https://audiomack.com/natif/song/every-body,https://i.audiomack.com/natif/5d21fd2848.webp?width=416,53500,381,N/A,439,"February 15, 2025"
2026-10-10 08:55:33,Natif,NatifWhat's Love,https://audiomack.com/natif/song/1-whats-love,https://i.audiomack.com/iportay-official/36775810d1.webp?width=416,354000,2660,N/A,5740,"July 11, 2023"
2026-10-10 08:55:37,Natif,NatifBluffing,https://audiomack.com/natif/song/3-bluffing-ft-ipm-x-kingstore,https://i.audiomack.com/iportay-official/36775810d1.webp?width=416,51600,411,N/A,422,"July 11, 2023"
2026-10-10 08:55:40,Natif,NatifHmmm,https://audiomack.com/natif/song/hmmm,https://i.audiomack.com/natif/19323520-c.webp?width=416,40700,220,N/A,204,"September 24, 2025"
2026-10-10 08:55:43,Natif,NatifTrue,https://audiomack.com/natif/song/5-true-ft-raquel,https://i.audiomack.com/iportay-official/36775810d1.webp?width=416,89000,815,N/A,1040,"July 11, 2023"
2026-10-10 08:55:46,Natif,NatifLover Boi,https://audiomack.com/natif/song/10-lover-boi,https://i.audiomack.com/iportay-official/36775810d1.webp?width=416,33300,318,N/A,370,"July 11, 2023"
2026-10-10 08:55:49,Natif,Natifi Happy,https://audiomack.com/natif/song/i-happy,https://i.audiomack.com/natif/6898914931.webp?width=416,100000,721,N/A,1000,"July 11, 2025"
2026-10-10 08:55:52,Natif,NatifSingle,https://audiomack.com/natif/song/6-single,https://i.audiomack.com/iportay-official/36775810d1.webp?width=416,50100,384,N/A,418,"July 11, 2023"
2026-10-10 08:55:56,Natif,NatifPure Water,https://audiomack.com/natif/song/2-pure-water-ft-favor-dominion,https://i.audiomack.com/iportay-official/36775810d1.webp?width=416,62200,441,N/A,444,"July 11, 2023"
2026-10-10 08:55:59,Natif,NatifDon't Argue,https://audiomack.com/natif/song/dont-argue,https://i.audiomack.com/natif/179084b4ae.webp?width=416,62600,733,N/A,1150,"September 26, 2024"
2026-10-10 08:56:02,Natif,NatifStory,https://audiomack.com/natif/song/story,https://i.audiomack.com/natif/524d01518f.webp?width=416,10600,71,N/A,93,"February 15, 2021"
2026-10-10 08:56:07,Natif,NatifMate,https://audiomack.com/natif/song/9-mate,https://i.audiomack.com/iportay-official/36775810d1.webp?width=416,38800,346,N/A,408,"July 11, 2023"
2026-10-10 08:56:11,Natif,NatifCounty Meet,https://audiomack.com/natif/song/audio-2022-11-15-19-02-23,https://i.audiomack.com/iportay/178ef26a9b.webp?width=416,10000,60,N/A,60,"November 16, 2022"
2026-10-10 08:56:18,Natif,NatifCALL POLICE,https://audiomack.com/natif/song/call-police,https://i.audiomack.com/iportay/84c2bea0f4.webp?width=416,17200,76,N/A,99,"August 25, 2022"
2026-10-10 08:56:21,Natif,NatifHand up,https://audiomack.com/natif/song/hand-up,https://i.audiomack.com/iportay/4108a2fc20.webp?width=416,17900,63,N/A,82,"March 8, 2022"
2026-10-10 08:56:25,Natif,NatifLA SOME THERE,https://audiomack.com/natif/song/la-some-there,https://i.audiomack.com/natif/c40c22e02e.webp?width=416,4820,30,N/A,50,"February 17, 2021"
2026-10-10 08:56:28,Natif,Natif X IPMWe Move,https://audiomack.com/natif/song/we-move,https://i.audiomack.com/natif/cda0246f4f.webp?width=416,4190,23,N/A,19,"June 12, 2021"
2026-10-10 08:56:31,Natif,NatifUmjeleh,https://audiomack.com/natif/song/13222413,https://i.audiomack.com/natif/4d9f55b1f6.webp?width=416,13400,64,N/A,37,"April 23, 2021"
2026-10-10 08:56:34,Natif,NatifShay,https://audiomack.com/natif/song/shay,https://i.audiomack.com/iportay/08e845b64e.webp?width=416,33300,147,N/A,184,"October 12, 2022"
2026-10-10 08:56:37,Natif,Natifvawulence,https://audiomack.com/natif/song/vawulence,https://i.audiomack.com/iportay/6d1165c2f4.webp?width=416,31500,174,N/A,141,"December 26, 2022"
2026-10-10 08:56:41,Natif,NatifRACK (Prod. Mz Exclusive),https://audiomack.com/natif/song/rack-prod-mz-exclusive,https://i.audiomack.com/iportay/210c805017.webp?width=416,12800,60,N/A,72,"March 18, 2023"
2026-10-10 08:56:44,Natif,NatifBAD MUSIC,https://audiomack.com/natif/song/bad-music,https://i.audiomack.com/iportay/08e845b64e.webp?width=416,6450,34,N/A,31,"March 21, 2022"
2026-10-10 08:56:47,Natif,Natifbad dream,https://audiomack.com/natif/song/bad-dream,https://i.audiomack.com/natif/db85600db9.webp?width=416,5410,37,N/A,34,"February 17, 2021"
2026-10-10 08:57:04,Lil More,Lil MoreMhmm Mhmm,https://audiomack.com/LilMore/song/mhmm-mhmm,https://i.audiomack.com/LilMore/adb5c9011c.webp?width=416,403000,3490,N/A,3700,"September 25, 2026"
2026-10-10 08:57:07,Lil More,Lil MoreOn Lay Liquor,https://audiomack.com/LilMore/song/on-lay-liquor,https://i.audiomack.com/LilMore/237dbc2e63.webp?width=416,451000,4000,N/A,3080,"July 24, 2026"
2026-10-10 08:57:10,Lil More,Lil MoreLa God Oh,https://audiomack.com/LilMore/song/la-god-oh,https://i.audiomack.com/LilMore/40379746e9.webp?width=416,414000,3800,N/A,3330,"June 19, 2026"
2026-10-10 08:57:14,Lil More,Lil MoreAyy Hurting Dem,https://audiomack.com/LilMore/song/ayy-hurting-dem,https://i.audiomack.com/lilmore24gmailcom/a148d3af8b.webp?width=416,1520000,7560,N/A,17800,"May 4, 2024"
2026-10-10 08:57:17,Lil More,Lil. MoreI Like Myself,https://audiomack.com/LilMore/song/i-like-myself,https://i.audiomack.com/LilMore/2482b03b95.webp?width=416,329000,2790,N/A,3110,"December 26, 2025"
2026-10-10 08:57:20,Lil More,Lil. MoreKpor Kpor,https://audiomack.com/LilMore/song/kpor-kpor,https://i.audiomack.com/LilMore/19235339-c.webp?width=416,738000,5430,N/A,9610,"October 3, 2025"
2026-10-10 08:57:23,Lil More,Lil MoreOhh,https://audiomack.com/LilMore/song/ohh,https://i.audiomack.com/lilmore24gmailcom/18208480-c.webp?width=416,707000,5710,N/A,6210,"July 14, 2025"
2026-10-10 08:57:26,Lil More,Lil MoreLil-More-People-Cover,https://audiomack.com/LilMore/song/lil-more-people-cover,https://i.audiomack.com/lilmore24gmailcom/4a4f9163a5.webp?width=416,99400,1010,N/A,998,"April 17, 2023"
2026-10-10 08:57:30,Lil More,Lil MoreLiL-More-Bluffer-joe-1,https://audiomack.com/LilMore/song/lil-more-bluffer-joe-1,https://i.audiomack.com/lilmore24gmailcom/4a4f9163a5.webp?width=416,112000,1,N/A,1540,"April 17, 2023"
2026-10-10 08:57:33,Lil More,Lil MoreLil.More-ft-Mag-Man-Double-double-1,https://audiomack.com/LilMore/song/lilmore-ft-mag-man-double-double-1,https://i.audiomack.com/lilmore24gmailcom/4a4f9163a5.webp?width=416,40800,1,N/A,452,"April 17, 2023"
2026-10-10 08:57:37,Lil More,Lil MoreLIL-MORE-_-My-Way-_-Via_www.soundliberia.com_,https://audiomack.com/LilMore/song/lil-more-my-way-via-wwwsoundliberiacom,https://i.audiomack.com/lilmore24gmailcom/4a4f9163a5.webp?width=416,47600,667,N/A,493,"April 17, 2023"
2026-10-10 08:57:40,Lil More,Lil MoreLil-More_Forever-_Cover,https://audiomack.com/LilMore/song/lil-more-forever-cover,https://i.audiomack.com/lilmore24gmailcom/4a4f9163a5.webp?width=416,32700,567,N/A,389,"April 17, 2023"
2026-10-10 08:57:43,Lil More,Lil MoreLil-More-Love-me,https://audiomack.com/LilMore/song/lil-more-love-me,https://i.audiomack.com/lilmore24gmailcom/4a4f9163a5.webp?width=416,33200,571,N/A,403,"April 17, 2023"
2026-10-10 08:57:47,Lil More,Lil MoreChampion,https://audiomack.com/LilMore/song/champion,https://i.audiomack.com/lilmore24gmailcom/48bf7c24b4.webp?width=416,175000,1680,N/A,2240,"April 4, 2025"
2026-10-10 08:57:50,Lil More,Lil MoreLil-More--Dought-mp3,https://audiomack.com/LilMore/song/lil-more-dought-mp3,https://i.audiomack.com/lilmore24gmailcom/4a4f9163a5.webp?width=416,28100,3,N/A,353,"April 17, 2023"
2026-10-10 08:57:54,Lil More,Lil MoreIn My Hay,https://audiomack.com/LilMore/song/in-my-hay,https://i.audiomack.com/lilmore24gmailcom/7f76c9c89b.webp?width=416,21900,179,N/A,198,"September 17, 2023"
2026-10-10 08:58:11,Writerman Willy,Writerman WillyJubilee,https://audiomack.com/writerman_willy/song/jubilee,https://i.audiomack.com/writerman_willy/19402885-5.webp?width=416,64099,424,N/A,994,"September 30, 2025"
2026-10-10 08:58:14,Writerman Willy,Writerman WillyMama,https://audiomack.com/writerman_willy/song/mama,https://i.audiomack.com/writerman_willy/3ccc7d7636.webp?width=416,141000,1500,N/A,1950,"August 19, 2025"
2026-10-10 08:58:18,Writerman Willy,Writerman WillyHallelu,https://audiomack.com/writerman_willy/song/hallelu,https://i.audiomack.com/writerman_willy/ce8adabb83.webp?width=416,48800,291,N/A,854,"February 20, 2026"
2026-10-10 08:58:22,Writerman Willy,Writerman WillyPurple & Speed,https://audiomack.com/writerman_willy/song/purple-speed,https://i.audiomack.com/writerman-willy/eccf6f6e0f.webp?width=416,96400,678,N/A,1030,"April 19, 2024"
2026-10-10 08:58:25,Writerman Willy,Writerman WillyFine People Big Woman,https://audiomack.com/writerman_willy/song/fine-people-big-woman,https://i.audiomack.com/writerman_willy/17840712-5.webp?width=416,91100,847,N/A,1420,"June 21, 2025"
2026-10-10 08:58:28,Writerman Willy,Writerman Willy90 Years Guarantee,https://audiomack.com/writerman_willy/song/90-years-guarantee,https://i.audiomack.com/writerman_willy/14938984-5.webp?width=416,152000,1400,N/A,5260,"January 10, 2025"
2026-10-10 08:58:31,Writerman Willy,Writerman WillyTaken,https://audiomack.com/writerman_willy/song/taken,https://i.audiomack.com/writerman_willy/84c3a50eb4.webp?width=416,8900,134,N/A,47,"April 22, 2026"
2026-10-10 08:58:35,Writerman Willy,Writerman WillyMore,https://audiomack.com/writerman_willy/song/more,https://i.audiomack.com/writerman_willy/81875b68ed.webp?width=416,85100,842,N/A,1110,"October 11, 2024"
2026-10-10 08:58:38,Writerman Willy,Writerman WillyGlaypor's Favorite,https://audiomack.com/writerman_willy/song/glaypors-favorite,https://i.audiomack.com/writerman_willy/71fbd6bcf3.webp?width=416,4390,76,N/A,27,"June 27, 2026"
2026-10-10 08:58:41,Writerman Willy,Writerman-WillyFire,https://audiomack.com/writerman_willy/song/fire,https://i.audiomack.com/writerman_willy/13618689-5.webp?width=416,46500,320,N/A,428,"December 16, 2023"
2026-10-10 08:58:44,Writerman Willy,Writerman WillyWilly Day Issa Holiday,https://audiomack.com/writerman_willy/song/willy-day-issa-holiday,https://i.audiomack.com/writerman-willy/7764c161b9.webp?width=416,15000,100,N/A,113,"January 26, 2024"
2026-10-10 08:58:48,Writerman Willy,WriterMan WillyThe Most,https://audiomack.com/writerman_willy/song/the-most,https://i.audiomack.com/writerman-willy/b6a85f5534.webp?width=416,3230,24,N/A,37,"July 8, 2023"
2026-10-10 08:58:51,Writerman Willy,Writerman WillyAmaze Me,https://audiomack.com/writerman_willy/song/amaze-me,https://i.audiomack.com/writerman-willy/e79beb5906.webp?width=416,27900,473,N/A,710,"July 19, 2024"
2026-10-10 08:58:54,Writerman Willy,Writerman-WillyPurple & Speed,https://audiomack.com/writerman_willy/song/purple-speed-1,https://i.audiomack.com/writerman_willy/13698580-5.webp?width=416,1330,17,N/A,3,"April 19, 2024"
2026-10-10 08:58:57,Writerman Willy,Writerman-WillyThe Most,https://audiomack.com/writerman_willy/song/the-most-1,https://i.audiomack.com/writerman_willy/13498179-5.webp?width=416,661,7,N/A,6,"July 4, 2022"
2026-10-10 08:59:00,Writerman Willy,Writerman WillyAmaze Me,https://audiomack.com/writerman_willy/song/amaze-me-1,https://i.audiomack.com/writerman_willy/13755225-5.webp?width=416,761,5,N/A,14,"July 19, 2024"
2026-10-10 08:59:04,Writerman Willy,Writerman WillyMore,https://audiomack.com/writerman_willy/song/more-1,https://i.audiomack.com/writerman_willy/13398798-5.webp?width=416,2690,28,N/A,37,"October 11, 2024"
2026-10-10 08:59:07,Writerman Willy,Writerman WillyCelebration (Freestyle),https://audiomack.com/writerman_willy/song/celebration,https://i.audiomack.com/writerman-willy/c038f2f13a.webp?width=416,7690,87,N/A,50,"July 26, 2023"
2026-10-10 08:59:10,Writerman Willy,Writerman-WillyMiracle,https://audiomack.com/writerman_willy/song/miracle,https://i.audiomack.com/writerman_willy/13562682-5.webp?width=416,6860,66,N/A,63,"June 16, 2023"
2026-10-10 08:59:31,Kpanto,KpantoFRIEND,https://audiomack.com/kpanto_/song/friend,https://i.audiomack.com/kpanto_/1b0166d703.webp?width=416,433000,3350,N/A,5070,"November 14, 2024"
2026-10-10 08:59:35,Kpanto,KpantoMy charger,https://audiomack.com/kpanto_/song/my-charger,https://i.audiomack.com/kpantoskinnyboi/0f361641b9.webp?width=416,290000,K,N/A,1710,"May 14, 2022"
2026-10-10 08:59:38,Kpanto,Kpanto02.Kpanto Ft PCK   Dey Say (Prod By Kpanto),https://audiomack.com/kpanto_/song/02kpanto-ft-pck-dey-say-prod-by-kpanto,https://i.audiomack.com/skinnyboi-kpanto-skinnyking/8da964b39f.webp?width=416,88100,526,N/A,838,"May 14, 2021"
2026-10-10 08:59:41,Kpanto,Kpantofluckor,https://audiomack.com/kpanto_/song/kpanto-fluckor-prod-by-kpanto,https://i.audiomack.com/skinnyboi-kpanto-skinnyking/06c048c82e.webp?width=416,66200,317,N/A,503,"July 17, 2020"
2026-10-10 08:59:44,Kpanto,KpantoCommunity Thin,https://audiomack.com/kpanto_/song/03-kpanto-ft-badman-h-community-thin-prod-by-afo4doe,https://i.audiomack.com/skinnyboi-kpanto-skinnyking/8da964b39f.webp?width=416,52000,359,N/A,621,"May 14, 2021"
2026-10-10 08:59:47,Kpanto,KpantoPrayer Request,https://audiomack.com/kpanto_/song/15307802,https://i.audiomack.com/skinnyboi-kpanto-skinnyking/cec85d8ffe.webp?width=416,97400,536,N/A,920,"September 24, 2021"
2026-10-10 08:59:51,Kpanto,KpantoDon't Rape Me,https://audiomack.com/kpanto_/song/kpanto-dont-rape-me-rape-part-1-prod-by-kpanto,https://i.audiomack.com/skinnyboi-kpanto-skinnyking/8e23d7b141.webp?width=416,84600,395,N/A,660,"August 23, 2020"
2026-10-10 08:59:54,Kpanto,Kpanto12. KPANTO FT Takun J   Come Down (prod By A.fo4doe),https://audiomack.com/kpanto_/song/12-kpanto-ft-takun-j-come-down-prod-by-afo4doe,https://i.audiomack.com/skinnyboi-kpanto-skinnyking/8da964b39f.webp?width=416,44800,312,N/A,607,"May 14, 2021"
2026-10-10 08:59:57,Kpanto,KpantoDey Say,https://audiomack.com/kpanto_/song/13111651,https://i.audiomack.com/skinnyboi-kpanto-skinnyking/385280299e.webp?width=416,55100,209,N/A,400,"April 13, 2021"
2026-10-10 09:00:00,Kpanto,KpantoKpanto   My Story (Prod By Kpanto),https://audiomack.com/kpanto_/song/01kpanto-my-story-prod-by-kpanto,https://i.audiomack.com/skinnyboi-kpanto-skinnyking/8da964b39f.webp?width=416,42500,341,N/A,537,"May 14, 2021"
2026-10-10 09:00:03,Kpanto,KpantoWe Outside,https://audiomack.com/kpanto_/song/kpanto-we-outside,https://i.audiomack.com/kpantoskinnyboi/57602ac0ab.webp?width=416,204000,1210,N/A,1510,"May 14, 2022"
2026-10-10 09:00:07,Kpanto,KpantoAfrican Woman,https://audiomack.com/kpanto_/song/african-woman,https://i.audiomack.com/kpanto_/a8158f9fc9.webp?width=416,298000,2470,N/A,4510,"August 10, 2024"
2026-10-10 09:00:11,Kpanto,KpantoSAD,https://audiomack.com/kpanto_/song/sad,https://i.audiomack.com/_kpanto/0d29d0367a.webp?width=416,204000,989,N/A,1190,"September 30, 2022"
2026-10-10 09:00:14,Kpanto,KpantoInfront them,https://audiomack.com/kpanto_/song/kpanto-infront-them-prod-by-afo4doe,https://i.audiomack.com/skinnyboi-kpanto-skinnyking/b4695b253d.webp?width=416,32000,150,N/A,364,"November 2, 2020"
2026-10-10 09:00:20,Kpanto,Kpanto14. KPANTO FT Revelation   A.fo4doe   Mandingo Priest   La U ( Prod By A.Fo,https://audiomack.com/kpanto_/song/14-kpanto-ft-revelation-afo4doe-mandingo-priest-la-u-prod-by-afo,https://i.audiomack.com/skinnyboi-kpanto-skinnyking/8da964b39f.webp?width=416,14700,170,N/A,288,"May 14, 2021"
2026-10-10 09:00:24,Kpanto,PAGE NOT FOUND,https://audiomack.com/kpanto_/song/kpanto-i-made-it,N/A,N/A,N/A,N/A,N/A,N/A
2026-10-10 09:00:28,Kpanto,KpantoGrass to Grace,https://audiomack.com/kpanto_/song/grass-to-grace,https://i.audiomack.com/kpanto_/85c782b58c.webp?width=416,415000,2780,N/A,4740,"March 11, 2023"
2026-10-10 09:00:31,Kpanto,Kpanto09. KPANTO   Summer Yor ( Prod By A.Fo4doe),https://audiomack.com/kpanto_/song/09-kpanto-summer-yor-prod-by-afo4doe,https://i.audiomack.com/skinnyboi-kpanto-skinnyking/8da964b39f.webp?width=416,16900,169,N/A,310,"May 14, 2021"
2026-10-10 09:00:34,Kpanto,KpantoTake off trouser,https://audiomack.com/kpanto_/song/kpanto-take-off-trouser,https://i.audiomack.com/skinnyboi-kpanto-skinnyking/f1555c7dd0.webp?width=416,35300,179,N/A,323,"August 18, 2020"
2026-10-10 09:00:37,Kpanto,KpantoAway,https://audiomack.com/kpanto_/song/away,https://i.audiomack.com/kpanto_/a37e42937d.webp?width=416,371000,2440,N/A,4150,"November 25, 2023"
2026-10-10 09:00:40,Kpanto,KpantoMy Ex,https://audiomack.com/kpanto_/song/my-ex,https://i.audiomack.com/kpanto_/8e7e4e0a94.webp?width=416,462000,1970,N/A,2580,"April 14, 2023"
2026-10-10 09:00:44,Kpanto,KpantoWe Na Equal,https://audiomack.com/kpanto_/song/we-na-equal,https://i.audiomack.com/kpanto_/d5b624a322.webp?width=416,421000,3290,N/A,6300,"July 28, 2023"
2026-10-10 09:00:47,Kpanto,Kpanto05. KPANTO   La Dem (Prod By Kpanto),https://audiomack.com/kpanto_/song/05-kpanto-la-dem-prod-by-kpanto,https://i.audiomack.com/skinnyboi-kpanto-skinnyking/8da964b39f.webp?width=416,20500,214,N/A,353,"May 14, 2021"
2026-10-10 09:00:50,Kpanto,KpantoHonourable Freestyle,https://audiomack.com/kpanto_/song/honourable-freestyle,https://i.audiomack.com/kpanto_/6c64c85c3f.webp?width=416,215000,1650,N/A,2710,"April 7, 2024"
2026-10-10 09:00:53,Kpanto,KpantoKPANTO FT Badman H - Community Thing,https://audiomack.com/kpanto_/song/kpanto-ft-badman-h-community-thing,https://i.audiomack.com/skinnyboi-kpanto-skinnyking/c15eac1c5c.webp?width=416,14800,66,N/A,71,"May 9, 2021"
2026-10-10 09:00:56,Kpanto,Kpanto08. KPANTO   Again (Prod By A.Fo4doe),https://audiomack.com/kpanto_/song/08-kpanto-again-prod-by-afo4doe,https://i.audiomack.com/skinnyboi-kpanto-skinnyking/8da964b39f.webp?width=416,12100,160,N/A,283,"May 14, 2021"
2026-10-10 09:01:00,Kpanto,Kpanto10. KPANTO   Vamit N Lick It (Prod By Kpanto),https://audiomack.com/kpanto_/song/10-kpanto-vamit-n-lick-it-prod-by-kpanto,https://i.audiomack.com/skinnyboi-kpanto-skinnyking/8da964b39f.webp?width=416,13100,172,N/A,284,"May 14, 2021"
2026-10-10 09:01:03,Kpanto,KpantoI Can't Kill Myself,https://audiomack.com/kpanto_/song/kpanto-i-cant-kill-myself,https://i.audiomack.com/kpantoskinnyboi/57602ac0ab.webp?width=416,78900,767,N/A,757,"May 14, 2022"
2026-10-10 09:01:06,Kpanto,KpantoDrinking Party,https://audiomack.com/kpanto_/song/kpanto-ft-cic-drinking-party,https://i.audiomack.com/kpantoskinnyboi/57602ac0ab.webp?width=416,81600,841,N/A,818,"May 14, 2022"
2026-10-10 09:01:09,Kpanto,Kpanto06. KPANTO   Lay Tin Money Can Do (Prod By Kpanto),https://audiomack.com/kpanto_/song/06-kpanto-lay-tin-money-can-do-prod-by-kpanto,https://i.audiomack.com/skinnyboi-kpanto-skinnyking/8da964b39f.webp?width=416,18800,200,N/A,335,"May 14, 2021"
2026-10-10 09:01:12,Kpanto,KpantoZoGo,https://audiomack.com/kpanto_/song/kpanto-ft-zogo-rapboy-zogo-prod-by-kpanto,https://i.audiomack.com/skinnyboi-kpanto-skinnyking/7714daaa45.webp?width=416,116000,980,N/A,777,"May 14, 2022"
2026-10-10 09:01:16,Kpanto,Kpanto04. KPANTO Ft Paradise Queen   Serious Tin (Prod By Kpanto),https://audiomack.com/kpanto_/song/04-kpanto-ft-paradise-queen-serious-tin-prod-by-kpanto,https://i.audiomack.com/skinnyboi-kpanto-skinnyking/8da964b39f.webp?width=416,18800,201,N/A,309,"May 14, 2021"
2026-10-10 09:01:19,Kpanto,KpantoKpanto - Ellen Time ( Prod By Kpanto) 1,https://audiomack.com/kpanto_/song/kpanto-ellen-time-prod-by-kpanto-1,https://i.audiomack.com/skinnyboi-kpanto-skinnyking/9376595180.webp?width=416,35400,1,N/A,298,"April 16, 2020"
2026-10-10 09:01:23,Kpanto,KpantoSpeak in Tongue,https://audiomack.com/kpanto_/song/kpanto-speak-in-tongue-prod-by-afo4doe,https://i.audiomack.com/skinnyboi-kpanto-skinnyking/f12e664b88.webp?width=416,25700,123,N/A,176,"September 5, 2020"
2026-10-10 09:01:26,Kpanto,KpantoWalking Naked,https://audiomack.com/kpanto_/song/kpanto-walking-naked-prod-by-a,https://i.audiomack.com/kpantoskinnyboi/57602ac0ab.webp?width=416,49500,703,N/A,602,"May 14, 2022"
2026-10-10 09:01:30,Kpanto,Kpanto15. KPANTO   La Satan (Prod By A.Fo4doe),https://audiomack.com/kpanto_/song/15-kpanto-la-satan-prod-by-afo4doe,https://i.audiomack.com/skinnyboi-kpanto-skinnyking/8da964b39f.webp?width=416,12600,168,N/A,309,"May 14, 2021"
2026-10-10 09:01:33,Kpanto,KpantoLa Geez,https://audiomack.com/kpanto_/song/lah-geez,https://i.audiomack.com/kpanto_/b0995f6f40.webp?width=416,298000,1190,N/A,1780,"May 27, 2023"
2026-10-10 09:01:36,Kpanto,KpantoI Looking Stupid To Enh,https://audiomack.com/kpanto_/song/i-looking-stupid-to-enh,https://i.audiomack.com/skinnyboi-kpanto-skinnyking/85f8254032.webp?width=416,36500,177,N/A,293,"August 16, 2021"
2026-10-10 09:01:40,Kpanto,Kpanto07. KPANTO   Hide Man (prod By Kpanto),https://audiomack.com/kpanto_/song/07-kpanto-hide-man-prod-by-kpanto,https://i.audiomack.com/skinnyboi-kpanto-skinnyking/8da964b39f.webp?width=416,16000,179,N/A,324,"May 14, 2021"
2026-10-10 09:01:43,Kpanto,KpantoDisrespeckay(Small ToTo),https://audiomack.com/kpanto_/song/disrespeckaysmall-toto,https://i.audiomack.com/kpanto_/5b7a6ef1e9.webp?width=416,43300,469,N/A,348,"July 12, 2025"
2026-10-10 09:01:47,Kpanto,KpantoMy Baby,https://audiomack.com/kpanto_/song/kpantoft-badman-my-baby,https://i.audiomack.com/kpantoskinnyboi/57602ac0ab.webp?width=416,50500,644,N/A,537,"May 14, 2022"
2026-10-10 09:01:50,Kpanto,KpantoLove For Lay Tin,https://audiomack.com/kpanto_/song/love-for-lay-tin,https://i.audiomack.com/kpanto_/9fc3a4aac5.webp?width=416,243000,1880,N/A,3280,"December 25, 2023"
2026-10-10 09:01:53,Kpanto,KpantoI Here Na,https://audiomack.com/kpanto_/song/kpanto-i-here-na,https://i.audiomack.com/kpantoskinnyboi/57602ac0ab.webp?width=416,61800,719,N/A,551,"May 14, 2022"
2026-10-10 09:01:56,Kpanto,KpantoBig playa,https://audiomack.com/kpanto_/song/big-playa,https://i.audiomack.com/kpanto_/c6bfe7662c.webp?width=416,211000,1050,N/A,1020,"December 25, 2022"
2026-10-10 09:01:59,Kpanto,KpantoUp and Down,https://audiomack.com/kpanto_/song/up-and-down,https://i.audiomack.com/skinnyboi-kpanto-skinnyking/271c84d6da.webp?width=416,17300,84,N/A,145,"May 16, 2020"
2026-10-10 09:02:02,Kpanto,KpantoNo Running  Away,https://audiomack.com/kpanto_/song/kpanto-ft-harmonize-no-running-away,https://i.audiomack.com/kpantoskinnyboi/57602ac0ab.webp?width=416,43200,664,N/A,537,"May 14, 2022"
2026-10-10 09:02:06,Kpanto,KpantoKpanto---Skin-tight,https://audiomack.com/kpanto_/song/kpanto-skin-tight,https://i.audiomack.com/kpantoskinnyboi/57602ac0ab.webp?width=416,37000,580,N/A,484,"May 14, 2022"
2026-10-10 09:02:09,Kpanto,KpantoSide Chick,https://audiomack.com/kpanto_/song/kpanto-side-chick,https://i.audiomack.com/kpantoskinnyboi/57602ac0ab.webp?width=416,44600,615,N/A,551,"May 14, 2022"
2026-10-10 09:02:12,Kpanto,KpantoKpanto---Pepper,https://audiomack.com/kpanto_/song/kpanto-pepper,https://i.audiomack.com/kpantoskinnyboi/57602ac0ab.webp?width=416,43800,604,N/A,510,"May 14, 2022"
2026-10-10 09:02:16,Kpanto,KpantoEnter Their Eyes,https://audiomack.com/kpanto_/song/kpanto-enter-their-eyes,https://i.audiomack.com/kpantoskinnyboi/57602ac0ab.webp?width=416,35500,566,N/A,480,"May 14, 2022"
2026-10-10 09:02:19,Kpanto,KpantoU Know God,https://audiomack.com/kpanto_/song/kpanto-u-know-god,https://i.audiomack.com/kpantoskinnyboi/57602ac0ab.webp?width=416,32900,576,N/A,472,"May 14, 2022"
2026-10-10 09:02:22,Kpanto,KpantoUse Me,https://audiomack.com/kpanto_/song/kpanto-ft-khali-mode-use-me,https://i.audiomack.com/kpantoskinnyboi/57602ac0ab.webp?width=416,33000,575,N/A,465,"May 14, 2022"
2026-10-10 09:02:25,Kpanto,Kpanto13. KPANTO FT PRIMEBOY   Sin La Sin (Prod By Kpanto),https://audiomack.com/kpanto_/song/13-kpanto-ft-primeboy-sin-la-sin-prod-by-kpanto,https://i.audiomack.com/skinnyboi-kpanto-skinnyking/8da964b39f.webp?width=416,11800,172,N/A,283,"May 14, 2021"
2026-10-10 09:02:28,Kpanto,KpantoYaa Yoo Yoo Yaa (Ayy hurting dem),https://audiomack.com/kpanto_/song/kpanto-yaa-yoo-yoo-yaa-ayy-hurting-dem-prod-by-kpanto,https://i.audiomack.com/skinnyboi-kpanto-skinnyking/f4b2832c2d.webp?width=416,25900,126,N/A,121,"March 17, 2022"
2026-10-10 09:02:32,Kpanto,KpantoKpanto - Streetz Commadents,https://audiomack.com/kpanto_/song/kpanto-streetz-commadents,https://i.audiomack.com/skinnyboi-kpanto-skinnyking/929a37187d.webp?width=416,9380,39,N/A,73,"April 16, 2020"
2026-10-10 09:02:35,Kpanto,KpantoSell ur Market,https://audiomack.com/kpanto_/song/sell-ur-market,https://i.audiomack.com/kpanto_/b6cf4baf40.webp?width=416,126000,667,N/A,595,"March 11, 2023"
2026-10-10 09:02:38,Kpanto,KpantoEnemies,https://audiomack.com/kpanto_/song/kpanto-enemies-prod-by-afo4doe360p,https://i.audiomack.com/skinnyboi-kpanto-skinnyking/49378deb95.webp?width=416,20500,105,N/A,124,"November 17, 2021"
2026-10-10 09:02:41,Kpanto,Kpanto and Mr PresidentI Don't,https://audiomack.com/kpanto_/song/i-dont,https://i.audiomack.com/kpanto_/6bb03fee5e.webp?width=416,73500,484,N/A,912,"August 19, 2023"
2026-10-10 09:02:45,Kpanto,KpantoAunty Ehh u see it Enh,https://audiomack.com/kpanto_/song/kpanto-aunty-ehh-u-see-it-enh-prod-by-afo4doe,https://i.audiomack.com/skinnyboi-kpanto-skinnyking/bf88940d71.webp?width=416,11200,65,N/A,59,"January 26, 2022"
2026-10-10 09:03:06,Boifatty,BoifattyPolay in Money,https://audiomack.com/boifattyofficial/song/polay-in-money,https://i.audiomack.com/boifattyofficial/18619931-c.webp?width=416,411000,3680,N/A,4120,"August 15, 2025"
2026-10-10 09:03:10,Boifatty,BOIFATTYAmma,https://audiomack.com/boifattyofficial/song/amma,https://i.audiomack.com/boifattyofficial/7f6563f5f8.webp?width=416,299000,2570,N/A,4510,"December 5, 2025"
2026-10-10 09:03:13,Boifatty,BOIFATTYAfter Love La What,https://audiomack.com/boifattyofficial/song/after-love-la-what,https://i.audiomack.com/boifattyofficial/17595323-c.webp?width=416,77900,730,N/A,1300,"June 12, 2025"
2026-10-10 09:03:16,Boifatty,BoifattyPeace of mind,https://audiomack.com/boifattyofficial/song/peace-of-mind,https://i.audiomack.com/boifattyofficial/d8e5c76f8b.webp?width=416,114000,537,N/A,559,"May 6, 2022"
2026-10-10 09:03:19,Boifatty,BoifattyRagga,https://audiomack.com/boifattyofficial/song/ragga,https://i.audiomack.com/boifattyofficial/ae243e520e.webp?width=416,14000,100,N/A,111,"January 28, 4800"
2026-10-10 09:03:22,Boifatty,BoifattyIt's Over,https://audiomack.com/boifattyofficial/song/its-over,https://i.audiomack.com/boifattyofficial/b98566b91b.webp?width=416,321000,2210,N/A,3240,"March 15, 2023"
2026-10-10 09:03:26,Boifatty,BoifattyDown,https://audiomack.com/boifattyofficial/song/down-1,https://i.audiomack.com/boifattyofficial/3cac8fd3c3.webp?width=416,237000,1180,N/A,1000,"January 13, 2023"
2026-10-10 09:03:29,Boifatty,BoifattyGana_Gana,https://audiomack.com/boifattyofficial/song/gana-gana,https://i.audiomack.com/boifattyofficial/5f4aa0bc3f.webp?width=416,85600,1150,N/A,2250,"November 1, 2024"
2026-10-10 09:03:32,Boifatty,BoifattySleeping Here,https://audiomack.com/boifattyofficial/song/sleeping-here,https://i.audiomack.com/boifattyofficial/4fbdd30786.webp?width=416,75500,631,N/A,946,"April 11, 2024"
2026-10-10 09:03:35,Boifatty,BoifattyLiquor Good,https://audiomack.com/boifattyofficial/song/liquor-good,https://i.audiomack.com/boifattyofficial/89ee0fdcf2.webp?width=416,8100,59,N/A,86,"January 13, 2020"
2026-10-10 09:03:38,Boifatty,BOIFATTYEx's Lie,https://audiomack.com/boifattyofficial/song/exs-lie,https://i.audiomack.com/boifattyofficial/e9668fd9e6.webp?width=416,98100,532,N/A,813,"June 1, 2023"
2026-10-10 09:03:41,Boifatty,BoifattyKill Dem,https://audiomack.com/boifattyofficial/song/kill-dem,https://i.audiomack.com/boifattyofficial/8e3f9f265d.webp?width=416,12100,75,N/A,114,"September 20, 2019"
2026-10-10 09:03:45,Boifatty,BoifattyTo You I Pray,https://audiomack.com/boifattyofficial/song/to-you-i-pray,https://i.audiomack.com/boifattyofficial/46b6062335.webp?width=416,137000,1820,N/A,2970,"July 16, 2024"
2026-10-10 09:03:48,Boifatty,BoifattyShut up,https://audiomack.com/boifattyofficial/song/shut-up,https://i.audiomack.com/boifattyofficial/91de001876.webp?width=416,19600,78,N/A,128,"March 11, 2019"
2026-10-10 09:03:51,Boifatty,BoifattyI Swearrrr,https://audiomack.com/boifattyofficial/song/iswearrr,https://i.audiomack.com/flexzzBeat/37e788af8f.webp?width=416,20500,95,N/A,142,"March 6, 2021"
2026-10-10 09:03:54,Boifatty,BoifattyTurn Up freestyle episode3,https://audiomack.com/boifattyofficial/song/turn-up-freestyle-episode3,https://i.audiomack.com/flexzzBeat/c34013d707.webp?width=416,8900,41,N/A,48,"May 12, 2020"
2026-10-10 09:03:57,Boifatty,BoifattyMy Eyes Dim,https://audiomack.com/boifattyofficial/song/my-eyes-dim,https://i.audiomack.com/boifattyofficial/2d8b3d019b.webp?width=416,65500,321,N/A,453,"January 29, 2000"
2026-10-10 09:04:01,Boifatty,BOIFATTYWho Win,https://audiomack.com/boifattyofficial/song/who-win,https://i.audiomack.com/boifattyofficial/8742831-co.webp?width=416,20800,231,N/A,337,"November 3, 2023"
2026-10-10 09:04:04,Boifatty,BOIFATTYEating,https://audiomack.com/boifattyofficial/song/eating,https://i.audiomack.com/boifattyofficial/8742833-co.webp?width=416,26700,353,N/A,435,"November 3, 2023"
2026-10-10 09:04:07,Boifatty,BoifattyThank You,https://audiomack.com/boifattyofficial/song/thank-you,https://i.audiomack.com/boifattyofficial/1fb9f4be3d.webp?width=416,6130,46,N/A,69,"November 22, 2019"
2026-10-10 09:04:12,Boifatty,BoifattyAyy Open,https://audiomack.com/boifattyofficial/song/ayy-open,https://i.audiomack.com/boifattyofficial/a11d6e5c90.webp?width=416,2670,16,N/A,22,"June 22, 2020"
2026-10-10 09:04:16,Boifatty,BoifattyTurn Up Freestyle episode 2,https://audiomack.com/boifattyofficial/song/turn-up-freestyle-episode-2,https://i.audiomack.com/flexzzBeat/c8225684b2.webp?width=416,1300,2,N/A,11,"May 1, 2020"
2026-10-10 09:04:20,Boifatty,BoifattyIts Over,https://audiomack.com/boifattyofficial/song/its-over-2703782,https://i.audiomack.com/boifattyofficial/2e2c29d031.webp?width=416,401,6,N/A,7,"March 15, 2023"
2026-10-10 09:04:23,Boifatty,BoifattySide Chick War,https://audiomack.com/boifattyofficial/song/side-chick-war-8292661,https://i.audiomack.com/boifattyofficial/6520efc26c.webp?width=416,324,4,N/A,4,"July 28, 2022"
2026-10-10 09:04:26,Boifatty,BoifattyI Geh Feelings,https://audiomack.com/boifattyofficial/song/i-geh-feelings,https://i.audiomack.com/boifattyofficial/441913f659.webp?width=416,8990,139,N/A,138,"February 14, 2025"
2026-10-10 09:04:30,Boifatty,BoifattyWe know,https://audiomack.com/boifattyofficial/song/we-know,https://i.audiomack.com/boifattyofficial/a9c09e7a81.webp?width=416,46600,427,N/A,500,"August 23, 2023"
2026-10-10 09:04:33,Boifatty,BOIFATTYWe Know,https://audiomack.com/boifattyofficial/song/we-know-1,https://i.audiomack.com/boifattyofficial/8081592-co.webp?width=416,575,8,N/A,5,"August 22, 2023"
2026-10-10 09:04:36,Boifatty,Boifattywoman baney,https://audiomack.com/boifattyofficial/song/woman-baney,https://i.audiomack.com/boifattyofficial/b7f4adf1a9.webp?width=416,5500,35,N/A,26,"October 28, 2022"
2026-10-10 09:04:39,Boifatty,BoifattySide Chick War,https://audiomack.com/boifattyofficial/song/side-chick-war,https://i.audiomack.com/boifattyofficial/5a2aaaf75a.webp?width=416,36000,136,N/A,172,"August 2, 2022"
2026-10-10 09:04:42,Boifatty,BoifattyTurn up - [Prod by Flexzzbeatz,https://audiomack.com/boifattyofficial/song/turn-up-prod-by-flexzzbeatz,https://i.audiomack.com/flexzzBeat/f17c3c5afb.webp?width=416,1270,11,N/A,11,"April 26, 2020"
2026-10-10 09:04:48,Boifatty,BoifattyI Swearrrrr,https://audiomack.com/boifattyofficial/song/i-swearrrrr-8618921,https://i.audiomack.com/boifattyofficial/747f920b01.webp?width=416,332,4,N/A,4,"March 5, 2021"
2026-10-10 09:04:51,Boifatty,BoifattySituation I Can't Handle,https://audiomack.com/boifattyofficial/song/situation-i-cant-handle-8210554,https://i.audiomack.com/boifattyofficial/39359878cb.webp?width=416,308,4,N/A,3,"June 11, 2021"
2026-10-10 09:04:54,Boifatty,BoifattyDown,https://audiomack.com/boifattyofficial/song/down-6176898,https://i.audiomack.com/boifattyofficial/38bffc7c15.webp?width=416,334,3,N/A,11,"January 13, 2023"
2026-10-10 09:04:57,Boifatty,BoifattyNimba show face,https://audiomack.com/boifattyofficial/song/nimba-show-face,https://i.audiomack.com/boifattyofficial/0113468440.webp?width=416,34700,130,N/A,84,"December 16, 2022"
2026-10-10 09:05:00,Boifatty,BoifattyLevel,https://audiomack.com/boifattyofficial/song/level,https://i.audiomack.com/flexzzbeatz-lamah/8ac0c9ebd8.webp?width=416,6560,24,N/A,42,"June 1, 2019"
2026-10-10 09:05:04,Boifatty,BoifattyNot the one,https://audiomack.com/boifattyofficial/song/not-the-one,https://i.audiomack.com/boifattyofficial/9c3e7ba74e.webp?width=416,11300,173,N/A,111,"August 16, 2024"
2026-10-10 09:05:07,Boifatty,BOIFATTYWoman Baney,https://audiomack.com/boifattyofficial/song/woman-baney-1,https://i.audiomack.com/boifattyofficial/5048250-co.webp?width=416,657,6,N/A,5,"October 25, 2022"
2026-10-10 09:05:10,Boifatty,BoifattySituation I Can't Handle,https://audiomack.com/boifattyofficial/song/situation-i-cant-handle,https://i.audiomack.com/boifattyofficial/138a0e001c.webp?width=416,24700,92,N/A,117,"June 11, 2021"
2026-10-10 09:05:13,Boifatty,BoifattyPeace of Mind,https://audiomack.com/boifattyofficial/song/peace-of-mine,https://i.audiomack.com/boifattyofficial/2b802652aa.webp?width=416,531,2,N/A,4,"May 22, 2022"
2026-10-10 09:05:16,Boifatty,BoifattySuper,https://audiomack.com/boifattyofficial/song/super,https://i.audiomack.com/boifattyofficial/68a087ceb3.webp?width=416,5570,36,N/A,32,"January 5, 2022"
2026-10-10 09:05:19,Boifatty,BoifattyLiberia,https://audiomack.com/boifattyofficial/song/liberia,https://i.audiomack.com/boifattyofficial/61ed14f651.webp?width=416,19100,98,N/A,100,"March 4, 2022"
2026-10-10 09:05:23,Boifatty,BoifattyOkay,https://audiomack.com/boifattyofficial/song/okay,https://i.audiomack.com/boifattyofficial/6fa4b6bb9c.webp?width=416,2630,23,N/A,23,"June 7, 2019"
2026-10-10 09:05:26,Boifatty,BoifattyKill Dem,https://audiomack.com/boifattyofficial/song/kill-dem-3830448,https://i.audiomack.com/boifattyofficial/f77fd3b9e2.webp?width=416,1,N/A,N/A,N/A,"September 20, 2019"
2026-10-10 09:05:45,Bucky Raw,Bucky rawBaby Born Baby,https://audiomack.com/buckyraw/song/baby-born-baby,https://i.audiomack.com/bucky-raw-6a3d3814a95f2/7befcce2f2.webp?width=416,278000,1890,N/A,2090,"July 10, 2026"
2026-10-10 09:05:48,Bucky Raw,Bucky RawAfrican Baddies,https://audiomack.com/buckyraw/song/african-baddies,https://i.audiomack.com/buckyraw/a3e669c5fd.webp?width=416,944000,6030,N/A,6670,"December 9, 2025"
2026-10-10 09:05:52,Bucky Raw,Bucky RawJeh Leh Y’all,https://audiomack.com/buckyraw/song/jeh-leh-yall,https://i.audiomack.com/buckyraw-1/648f48eb68.webp?width=416,373000,1710,N/A,3500,"June 18, 2020"
2026-10-10 09:05:55,Bucky Raw,Bucky RawWay Out - Bucky Raw x Holy Moe ft Tieahboy,https://audiomack.com/buckyraw/song/6a11da9c5a69e,https://i.audiomack.com/buckyraw/9dac36b713.webp?width=416,170000,1330,N/A,1710,"May 23, 2026"
2026-10-10 09:05:58,Bucky Raw,Bucky RawOld me,https://audiomack.com/buckyraw/song/6941d42a7bebc,https://i.audiomack.com/buckyraw/c0267f77b9.webp?width=416,410000,3370,N/A,3570,"December 16, 2025"
2026-10-10 09:06:01,Bucky Raw,Bucky RawAmen,https://audiomack.com/buckyraw/song/amen,https://i.audiomack.com/buckyraw-1/bf7555614f.webp?width=416,117000,491,N/A,762,"June 18, 2020"
2026-10-10 09:06:04,Bucky Raw,Bucky RawOver Thinking,https://audiomack.com/buckyraw/song/over-thinking,https://i.audiomack.com/buckyraw/b5afb50b02.webp?width=416,23000,309,N/A,104,"June 19, 2026"
2026-10-10 09:06:10,Bucky Raw,Bucky RawBucky Raw - Blessed (ft. Lyrical Blaq_Prod. Razzi Xi),https://audiomack.com/buckyraw/song/68f111fe8b5e0,https://i.audiomack.com/buckyraw/f8375658ac.webp?width=416,115000,876,N/A,735,"October 17, 2025"
2026-10-10 09:06:14,Bucky Raw,Bucky RawCOMPLAIN,https://audiomack.com/buckyraw/song/complain,https://i.audiomack.com/buckyraw/dc7ba32aa3.webp?width=416,23300,371,N/A,101,"June 11, 2026"
2026-10-10 09:06:19,Bucky Raw,Bucky RawThank You,https://audiomack.com/buckyraw/song/thank-you,https://i.audiomack.com/buckyraw-1/060184ec19.webp?width=416,127000,375,N/A,863,"June 18, 2020"
2026-10-10 09:06:22,Bucky Raw,Bucky RawRapper Pa 2,https://audiomack.com/buckyraw/song/rapper-pa-2,https://i.audiomack.com/buckyraw/b105a2c8eb.webp?width=416,159000,2,N/A,2680,"July 12, 2024"
2026-10-10 09:06:25,Bucky Raw,Bucky RawGo Down,https://audiomack.com/buckyraw/song/go-down,https://i.audiomack.com/buckyraw-1/07ede38d9d.webp?width=416,159000,695,N/A,1030,"February 10, 2021"
2026-10-10 09:06:30,Bucky Raw,Bucky RawDo I,https://audiomack.com/buckyraw/song/do-i,https://i.audiomack.com/buckyraw/f48ceacc71.webp?width=416,351000,3100,N/A,4280,"February 9, 2024"
2026-10-10 09:06:33,Bucky Raw,Bucky RawEat My Own,https://audiomack.com/buckyraw/song/eat-my-own,https://i.audiomack.com/buckyraw/32706f9713.webp?width=416,215000,1770,N/A,2540,"April 30, 2024"
2026-10-10 09:06:37,Bucky Raw,Bucky RawRapper PA,https://audiomack.com/buckyraw/song/rapper-pa,https://i.audiomack.com/buckyraw/d07cc828d4.webp?width=416,184000,1720,N/A,2280,"April 9, 2024"
2026-10-10 09:06:40,Bucky Raw,Bucky RawBucky La Baby,https://audiomack.com/buckyraw/song/bucky-la-baby,https://i.audiomack.com/buckyraw/34c50976d4.webp?width=416,148000,1510,N/A,2120,"May 21, 2024"
2026-10-10 09:06:43,Bucky Raw,Bucky rawlaho remix,https://audiomack.com/buckyraw/song/laho-remix,https://i.audiomack.com/buckyraw/66d9958055.webp?width=416,38200,319,N/A,243,"June 3, 2025"
2026-10-10 09:06:46,Bucky Raw,Bucky RawMedicine,https://audiomack.com/buckyraw/song/medicine,https://i.audiomack.com/buckyraw-1/f45868b196.webp?width=416,147000,474,N/A,923,"July 3, 2020"
2026-10-10 09:06:49,Bucky Raw,Bucky RawStill Me,https://audiomack.com/buckyraw/song/still-me,https://i.audiomack.com/buckyraw/e784604e12.webp?width=416,67400,543,N/A,423,"August 15, 2025"
2026-10-10 09:06:52,Bucky Raw,Bucky RawCelebrate,https://audiomack.com/buckyraw/song/celebrate,https://i.audiomack.com/buckyraw/81176f87e9.webp?width=416,95600,1100,N/A,1760,"July 19, 2024"
2026-10-10 09:06:56,Bucky Raw,Bucky RawPractice That,https://audiomack.com/buckyraw/song/practice-that,https://i.audiomack.com/buckyraw/0ee548b7ff.webp?width=416,104000,1040,N/A,1360,"March 18, 2024"
2026-10-10 09:06:59,Bucky Raw,Bucky RawDice,https://audiomack.com/buckyraw/song/dice,https://i.audiomack.com/buckyraw-1/b66f99c647.webp?width=416,105000,487,N/A,597,"November 20, 2021"
2026-10-10 09:07:02,Bucky Raw,CSELD for LD,https://audiomack.com/buckyraw/song/ld-for-ld,https://i.audiomack.com/buckyraw/60a0369ee3.webp?width=416,83600,808,N/A,1530,"June 27, 2024"
2026-10-10 09:07:05,Bucky Raw,Bucky RawBaynay,https://audiomack.com/buckyraw/song/baynay,https://i.audiomack.com/--censored--/censored-2.webp?width=416,56500,179,N/A,388,"June 18, 2020"
2026-10-10 09:07:10,Bucky Raw,Bucky RawKilometer,https://audiomack.com/buckyraw/song/kilometer,https://i.audiomack.com/buckyraw-1/8672750bf8.webp?width=416,54200,199,N/A,259,"May 22, 2021"
2026-10-10 09:07:14,Bucky Raw,Bucky RawLoading Freestyle,https://audiomack.com/buckyraw/song/loading-freestyle,https://i.audiomack.com/buckyraw-1/e88e9c00a0.webp?width=416,42200,190,N/A,301,"November 24, 2021"
2026-10-10 09:07:17,Bucky Raw,Bucky RawFine Girl,https://audiomack.com/buckyraw/song/fine-girl,https://i.audiomack.com/buckyraw-1/675276c0c1.webp?width=416,45100,247,N/A,294,"February 11, 2022"
2026-10-10 09:07:20,Bucky Raw,BUCKY RAWMedicine (Instrumental),https://audiomack.com/buckyraw/song/medicine-instrumental,https://i.audiomack.com/buckyraw-1/7561b00e22.webp?width=416,15300,64,N/A,60,"August 19, 2020"
2026-10-10 09:07:23,Bucky Raw,CSEZaza,https://audiomack.com/buckyraw/song/zaza,https://i.audiomack.com/buckyraw-1/c983327e8e.webp?width=416,31000,168,N/A,136,"November 20, 2021"
2026-10-10 09:07:40,KOBAZZIE,KobazzieMy Friend?,https://audiomack.com/kobazziee/song/my-friend,https://i.audiomack.com/kobazziee/14388071-7.webp?width=416,414000,3490,N/A,5070,"November 28, 2024"
2026-10-10 09:07:43,KOBAZZIE,KobazzieCall God,https://audiomack.com/kobazziee/song/kobazzie-call-god-prod-by-beatz-vampire,https://i.audiomack.com/kobazziee/90ac9cafb3.webp?width=416,1350000,8660,N/A,22300,"September 28, 2023"
2026-10-10 09:07:47,KOBAZZIE,KobazzieAm back,https://audiomack.com/kobazziee/song/am-back,https://i.audiomack.com/kobazziee/18535880-7.webp?width=416,248000,2850,N/A,2910,"August 4, 2025"
2026-10-10 09:07:50,KOBAZZIE,KOBAZZIEPam Pam,https://audiomack.com/kobazziee/song/pam-pam,https://i.audiomack.com/kobazziee/699a991cc3.webp?width=416,43200,591,N/A,254,"February 20, 2026"
2026-10-10 09:07:53,KOBAZZIE,KobazzieBounce (Remix),https://audiomack.com/kobazziee/song/bounce-remix,https://i.audiomack.com/kobazziee/2dc52b4cac.webp?width=416,132000,197,N/A,742,"March 3, 2019"
2026-10-10 09:07:56,KOBAZZIE,KobazzieEveryday,https://audiomack.com/kobazziee/song/everyday,https://i.audiomack.com/kobazziee/f23c9ed9cd.webp?width=416,165000,686,N/A,1000,"September 24, 2021"
2026-10-10 09:08:01,KOBAZZIE,Kobazzie featuring Bucky RawParty,https://audiomack.com/kobazziee/song/party,https://i.audiomack.com/kobazziee/711248bc31.webp?width=416,129000,584,N/A,815,"December 17, 2021"
2026-10-10 09:08:04,KOBAZZIE,KOBAZZIEWetin U Wan Do,https://audiomack.com/kobazziee/song/wetin-u-wan-do,https://i.audiomack.com/kobazziee/c950f069a2.webp?width=416,220000,1340,N/A,1870,"September 15, 2023"
2026-10-10 09:08:08,KOBAZZIE,KobazzieJohnny Calling,https://audiomack.com/kobazziee/song/johnny-callin,https://i.audiomack.com/kobazziee/e12975c2d5.webp?width=416,275000,2700,N/A,3610,"May 5, 2024"
2026-10-10 09:08:14,KOBAZZIE,KobazziePro Poor LIfe,https://audiomack.com/kobazziee/song/pro-poor-life,https://i.audiomack.com/kobazziee/8a7423a457.webp?width=416,10700,55,N/A,99,"May 13, 2019"
2026-10-10 09:08:17,KOBAZZIE,KobazzieCall God [Speed Up],https://audiomack.com/kobazziee/song/call-god-speed-up,https://i.audiomack.com/kobazziee/90ac9cafb3.webp?width=416,96200,588,N/A,1060,"September 28, 2023"
2026-10-10 09:08:20,KOBAZZIE,KOBAZZIEKill a Man,https://audiomack.com/kobazziee/song/kill-a-man,https://i.audiomack.com/kobazziee/f684b52597.webp?width=416,207000,1290,N/A,1440,"December 30, 2022"
2026-10-10 09:08:23,KOBAZZIE,KOBAZZIERespect urself,https://audiomack.com/kobazziee/song/respecturself,https://i.audiomack.com/kobazziee/202a7ac499.webp?width=416,124000,412,N/A,585,"June 30, 2021"
2026-10-10 09:08:27,KOBAZZIE,KobazzieGo Low,https://audiomack.com/kobazziee/song/go-low,https://i.audiomack.com/kobazziee/a09cb3f2fd.webp?width=416,107000,817,N/A,1150,"November 18, 2022"
2026-10-10 09:08:30,KOBAZZIE,KobazzieEnjoyment,https://audiomack.com/kobazziee/song/enjoyment,https://i.audiomack.com/kobazziee/4414f6f58e.webp?width=416,48000,185,N/A,285,"August 13, 2020"
2026-10-10 09:08:33,KOBAZZIE,KobazzieEntanglement,https://audiomack.com/kobazziee/song/entanglement,https://i.audiomack.com/kobazzie-1/96397c3d53.webp?width=416,55000,106,N/A,287,"August 7, 2020"
2026-10-10 09:08:54,J Slught,J SlughtAll Because of  You,https://audiomack.com/jslughtofficial/song/all-because-of-you,https://i.audiomack.com/jslughtofficial/c4105d77d2.webp?width=416,1410000,8189,N/A,12400,"August 7, 2026"
2026-10-10 09:08:58,J Slught,J SlughtOh My Love,https://audiomack.com/jslughtofficial/song/oh-my-love-1,https://i.audiomack.com/jslughtofficial/ea40c75390.webp?width=416,1300000,7830,N/A,17600,"September 9, 2022"
2026-10-10 09:09:01,J Slught,J SlughtSpecial Design,https://audiomack.com/jslughtofficial/song/special-design,https://i.audiomack.com/jslughtofficial/18265332-c.webp?width=416,699000,4730,N/A,7130,"July 18, 2025"
2026-10-10 09:09:04,J Slught,J SlughtOdo,https://audiomack.com/jslughtofficial/song/odo,https://i.audiomack.com/jslughtofficial/55bc28e85c.webp?width=416,587000,6600,N/A,11000,"June 28, 2024"
2026-10-10 09:09:07,J Slught,J SlughtIf,https://audiomack.com/jslughtofficial/song/if,https://i.audiomack.com/jslughtofficial/6f00b09453.webp?width=416,287000,2910,N/A,2970,"February 6, 2026"
2026-10-10 09:09:10,J Slught,J SlughtSarafina,https://audiomack.com/jslughtofficial/song/sarafina,https://i.audiomack.com/jslughtofficial/f8a1c0b9b2.webp?width=416,130000,550,N/A,922,"November 27, 2019"
2026-10-10 09:09:14,J Slught,J SlughtMy Way,https://audiomack.com/jslughtofficial/song/j-slught-my-way-final-ms,https://i.audiomack.com/jslughtofficial/391e2b51a2.webp?width=416,692000,4100,N/A,8360,"August 25, 2023"
2026-10-10 09:09:18,J Slught,J SlughtCandy,https://audiomack.com/jslughtofficial/song/candy-1,https://i.audiomack.com/jslughtofficial/449b181977.webp?width=416,393000,3790,N/A,5770,"March 21, 2025"
2026-10-10 09:09:21,J Slught,J SlughtCelebrate,https://audiomack.com/jslughtofficial/song/celebrate-1,https://i.audiomack.com/jslughtofficial/95d1c845a8.webp?width=416,373000,1170,N/A,1850,"November 18, 2022"
2026-10-10 09:09:24,J Slught,J SlughtKill Me,https://audiomack.com/jslughtofficial/song/kill-me,https://i.audiomack.com/jslughtofficial/197c6afe0d.webp?width=416,285000,1240,N/A,2080,"October 29, 2021"
2026-10-10 09:09:27,J Slught,J SlughtLifestyle,https://audiomack.com/jslughtofficial/song/j-slught-x-jake-lifestyle-ms,https://i.audiomack.com/jslughtofficial/391e2b51a2.webp?width=416,158000,1330,N/A,1880,"August 25, 2023"
2026-10-10 09:09:30,J Slught,J SlughtSharp Muff,https://audiomack.com/jslughtofficial/song/sharp-muff,https://i.audiomack.com/jslughtofficial/cd19e9f690.webp?width=416,276000,1100,N/A,2730,"December 22, 2020"
2026-10-10 09:09:34,J Slught,J SlughtIntro (My Story),https://audiomack.com/jslughtofficial/song/intromy-story,https://i.audiomack.com/jslughtofficial/b549ecbb69.webp?width=416,46400,299,N/A,216,"April 24, 2020"
2026-10-10 09:09:37,J Slught,J SlughtSuffer,https://audiomack.com/jslughtofficial/song/suffer,https://i.audiomack.com/jslughtofficial/5c9e8b637c.webp?width=416,14400,112,N/A,81,"February 12, 2021"
2026-10-10 09:09:40,J Slught,J SlughtSANTOS FREESTYLE,https://audiomack.com/jslughtofficial/song/santos-freestyle,https://i.audiomack.com/jslughtofficial/bbc9190e9a.webp?width=416,136000,1040,N/A,2490,"November 1, 2024"
2026-10-10 09:09:44,J Slught,J SlughtGrow Old,https://audiomack.com/jslughtofficial/song/glow-old,https://i.audiomack.com/jslughtofficial/b7176cbbb0.webp?width=416,11300,90,N/A,64,"April 30, 2021"
2026-10-10 09:09:47,J Slught,J SlughtForgive Me,https://audiomack.com/jslughtofficial/song/forgive-me,https://i.audiomack.com/jslughtofficial/772e65db95.webp?width=416,48800,248,N/A,375,"September 27, 2019"
2026-10-10 09:09:50,J Slught,J SlughtLorpu,https://audiomack.com/jslughtofficial/song/lorpu,https://i.audiomack.com/jslughtofficial/4be53e1702.webp?width=416,69400,332,N/A,590,"July 31, 2020"
2026-10-10 09:09:53,J Slught,J SlughtMaria,https://audiomack.com/jslughtofficial/song/maria,https://i.audiomack.com/jslughtofficial/b5a812f86e.webp?width=416,25800,153,N/A,115,"March 26, 2021"
2026-10-10 09:09:56,J Slught,J SlughtEmotions,https://audiomack.com/jslughtofficial/song/emotions,https://i.audiomack.com/jslughtofficial/b549ecbb69.webp?width=416,37600,236,N/A,224,"April 24, 2020"
2026-10-10 09:09:59,J Slught,J SlughtI Do,https://audiomack.com/jslughtofficial/song/i-do,https://i.audiomack.com/jslughtofficial/7c6db9768d.webp?width=416,44300,301,N/A,333,"February 14, 2020"
2026-10-10 09:10:03,J Slught,J SlughtOut Of My Head Freestyle,https://audiomack.com/jslughtofficial/song/out-of-my-head,https://i.audiomack.com/jslughtofficial/8d30df9aa4.webp?width=416,28500,225,N/A,227,"September 23, 2021"
2026-10-10 09:10:06,J Slught,J SlughtKpete,https://audiomack.com/jslughtofficial/song/kpete,https://i.audiomack.com/jslughtofficial/69d163414d.webp?width=416,40000,273,N/A,316,"April 10, 2020"
2026-10-10 09:10:09,J Slught,J SlughtNo Money,https://audiomack.com/jslughtofficial/song/no-money,https://i.audiomack.com/jslughtofficial/b549ecbb69.webp?width=416,72100,405,N/A,489,"April 24, 2020"
2026-10-10 09:10:18,J Slught,J SlughtMonrovia Girls,https://audiomack.com/jslughtofficial/song/monrovia-girls,https://i.audiomack.com/jslughtofficial/b549ecbb69.webp?width=416,29000,190,N/A,193,"April 24, 2020"
2026-10-10 09:10:21,J Slught,J SlughtLiving My Life,https://audiomack.com/jslughtofficial/song/living-my-life,https://i.audiomack.com/jslughtofficial/b549ecbb69.webp?width=416,22900,180,N/A,193,"April 24, 2020"
2026-10-10 09:10:24,J Slught,J SlughtSantos Freestyle,https://audiomack.com/jslughtofficial/song/santos-freestyle-1,https://i.audiomack.com/jslughtofficial/13838525-c.webp?width=416,12300,100,N/A,101,"November 1, 2024"
2026-10-10 09:10:28,J Slught,J SlughtCall on Me,https://audiomack.com/jslughtofficial/song/call-on-me,https://i.audiomack.com/jslughtofficial/b549ecbb69.webp?width=416,30600,208,N/A,224,"April 24, 2020"
2026-10-10 09:10:31,J Slught,J SlughtParty,https://audiomack.com/jslughtofficial/song/party-1,https://i.audiomack.com/jslughtofficial/b7176cbbb0.webp?width=416,2190,55,N/A,31,"April 30, 2021"
2026-10-10 09:10:34,J Slught,J SlughtBody,https://audiomack.com/jslughtofficial/song/body-1,https://i.audiomack.com/jslughtofficial/b7176cbbb0.webp?width=416,2200,54,N/A,26,"April 30, 2021"
2026-10-10 09:10:37,J Slught,J SlughtAngela,https://audiomack.com/jslughtofficial/song/angela,https://i.audiomack.com/jslughtofficial/b549ecbb69.webp?width=416,33700,227,N/A,217,"April 24, 2020"
2026-10-10 09:10:41,J Slught,J SlughtMio Ran (Don't Care),https://audiomack.com/jslughtofficial/song/mio-randont-care,https://i.audiomack.com/jslughtofficial/b549ecbb69.webp?width=416,22600,186,N/A,198,"April 24, 2020"
2026-10-10 09:10:44,J Slught,J SlughtPeople Cover,https://audiomack.com/jslughtofficial/song/people-cover-by-libianca-1,https://i.audiomack.com/jslughtofficial/d79ba7f2df.webp?width=416,94200,355,N/A,460,"March 7, 2023"
2026-10-10 09:10:48,J Slught,J SlughtKing of the Jungle,https://audiomack.com/jslughtofficial/song/king-of-the-jungle,https://i.audiomack.com/jslughtofficial/b7176cbbb0.webp?width=416,5150,79,N/A,32,"April 30, 2021"
2026-10-10 09:10:51,J Slught,J SlughtBody,https://audiomack.com/jslughtofficial/song/j-slught-body,https://i.audiomack.com/jslughtofficial/89df40b577.webp?width=416,26200,121,N/A,203,"April 30, 2021"
2026-10-10 09:10:54,J Slught,J SlughtMy Way (Sped Up),https://audiomack.com/jslughtofficial/song/my-way-sped-up,https://i.audiomack.com/jslughtofficial/9bb5a04f78.webp?width=416,23000,154,N/A,290,"October 3, 2023"
2026-10-10 09:10:57,J Slught,J SlughtParty,https://audiomack.com/jslughtofficial/song/party,https://i.audiomack.com/jslughtofficial/89df40b577.webp?width=416,31400,133,N/A,241,"April 30, 2021"
2026-10-10 09:11:14,J Rap,J rapJ-RAP-Two-Boyfriend--Prod-J-NAS-Beat-,https://audiomack.com/j-rap-/song/j-rap-two-boyfriend-prod-j-nas-beat,https://i.audiomack.com/j-rap-/5a73602780.webp?width=416,46000,554,N/A,384,"August 7, 2026"
2026-10-10 09:11:17,J Rap,J Rap1984,https://audiomack.com/j-rap-/song/1984,https://i.audiomack.com/j-rap-/e6acd4939a.webp?width=416,403000,1984,N/A,2480,"January 31, 2026"
2026-10-10 09:11:21,J Rap,J RapDon't crush,https://audiomack.com/j-rap-/song/dont-crush,https://i.audiomack.com/j-rap-/0e8373e2aa.webp?width=416,370000,2490,N/A,4320,"May 13, 2025"
2026-10-10 09:11:24,J Rap,J RapFamily meeting,https://audiomack.com/j-rap-/song/family-meeting,https://i.audiomack.com/jrappneckc/a41fff2236.webp?width=416,185000,1490,N/A,1640,"October 10, 2024"
2026-10-10 09:11:27,J Rap,J rapNancy,https://audiomack.com/j-rap-/song/nancy,https://i.audiomack.com/jrappneckc/2121112a11.webp?width=416,412000,2830,N/A,5670,"February 11, 2025"
2026-10-10 09:11:30,J Rap,J RapBah Urself 2 yahh,https://audiomack.com/j-rap-/song/bah-urself-2-yahh,https://i.audiomack.com/j-rap-/ddb0966337.webp?width=416,335000,2270,N/A,3580,"July 15, 2025"
2026-10-10 09:11:33,J Rap,J RapAnti-drug,https://audiomack.com/j-rap-/song/anti-drug,https://i.audiomack.com/jrappneckc/9e1229f689.webp?width=416,86100,649,N/A,757,"November 5, 2024"
2026-10-10 09:11:36,J Rap,J RapAFTER LIFE,https://audiomack.com/j-rap-/song/after-life,https://i.audiomack.com/jrappneckc/ce1a62ef8e.webp?width=416,204000,1570,N/A,2790,"February 22, 2025"
2026-10-10 09:11:40,J Rap,J.RapSay no to powertheft,https://audiomack.com/j-rap-/song/say-no-to-powertheft,https://i.audiomack.com/jrappneckc/04248faa88.webp?width=416,79300,662,N/A,680,"July 5, 2024"
2026-10-10 09:11:43,J Rap,J RapJ Rap_Me Myself & I,https://audiomack.com/j-rap-/song/j-rap-me-myself-i,https://i.audiomack.com/j-rap-/cf04e4640a.webp?width=416,45900,380,N/A,409,"June 17, 2025"
2026-10-10 09:11:46,J Rap,J RapChallenges,https://audiomack.com/j-rap-/song/challenges,https://i.audiomack.com/j-rap-/02d6d6b437.webp?width=416,39500,361,N/A,324,"August 12, 2025"
2026-10-10 09:11:49,J Rap,J RapArrested,https://audiomack.com/j-rap-/song/arrested,https://i.audiomack.com/j-rap-/9d3a8cba64.webp?width=416,59800,537,N/A,529,"June 4, 2025"
2026-10-10 09:11:52,J Rap,J RapWoman can Grow,https://audiomack.com/j-rap-/song/woman-can-grow,https://i.audiomack.com/default-song-image.webp?width=416,84600,594,N/A,860,"April 16, 2025"
2026-10-10 09:11:56,J Rap,J Rap_One Life,https://audiomack.com/j-rap-/song/one-life,https://i.audiomack.com/jrappneckc/a27ed71b62.webp?width=416,26500,273,N/A,271,"September 14, 2025"
2026-10-10 09:11:59,J Rap,J RapJ Rap_-32_-Prod by Sacher Oh,https://audiomack.com/j-rap-/song/j-rap-32-prod-by-sacher-oh,https://i.audiomack.com/jrappneckc/c6db46b338.webp?width=416,36900,301,N/A,370,"December 14, 2024"
2026-10-10 09:12:02,J Rap,J rapJ-Rap_Story-Pre-1,https://audiomack.com/j-rap-/song/j-rap-story-pre-1,https://i.audiomack.com/default-album-image.webp?width=416,874,1,N/A,36,"August 18, 2026"
2026-10-10 09:12:22,Nuchie Meek,Nuchie MeekBo Shakin',https://audiomack.com/nuchie-meek-/song/bo-shakin,https://i.audiomack.com/nuchie-meek-/3ba5d55895.webp?width=416,641000,5410,N/A,4560,"May 24, 2026"
2026-10-10 09:12:25,Nuchie Meek,Nuchie MeekBabyy,https://audiomack.com/nuchie-meek-/song/babyy,https://i.audiomack.com/nuchie-meek-/a9aff79084.webp?width=416,1180000,6970,N/A,10100,"June 25, 2025"
2026-10-10 09:12:29,Nuchie Meek,Nuchie MeekAy Hurting,https://audiomack.com/nuchie-meek-/song/ay-hurting,https://i.audiomack.com/nuchie-meek-/240e13be10.webp?width=416,473000,2670,N/A,3550,"April 11, 2021"
2026-10-10 09:12:32,Nuchie Meek,Nuchie MeekGo Sue Me,https://audiomack.com/nuchie-meek-/song/go-sue-me,https://i.audiomack.com/nuchie-meek-/e022384452.webp?width=416,1060000,7490,N/A,9490,"January 1, 2023"
2026-10-10 09:12:35,Nuchie Meek,Nuchie MeekThe Session,https://audiomack.com/nuchie-meek-/song/the-session,https://i.audiomack.com/nuchie-meek-/781ee283e8.webp?width=416,326000,2350,N/A,1990,"November 27, 2021"
2026-10-10 09:12:38,Nuchie Meek,Nuchie MeekIntro (4 Example),https://audiomack.com/nuchie-meek-/song/intro-for-example,https://i.audiomack.com/nuchie-meek-/a9aff79084.webp?width=416,423000,3380,N/A,5090,"June 25, 2025"
2026-10-10 09:12:42,Nuchie Meek,Nuchie MeekPray For Me,https://audiomack.com/nuchie-meek-/song/pray-for-me,https://i.audiomack.com/nuchie-meek-/a9aff79084.webp?width=416,301000,2700,N/A,3080,"June 25, 2025"
2026-10-10 09:12:45,Nuchie Meek,Nuchie Meek2 by 2,https://audiomack.com/nuchie-meek-/song/2-by-2-2,https://i.audiomack.com/nuchie-meek-/781ee283e8.webp?width=416,345000,2180,N/A,2640,"November 27, 2021"
2026-10-10 09:12:48,Nuchie Meek,Nuchie MeekJam 8,https://audiomack.com/nuchie-meek-/song/jam-8,https://i.audiomack.com/nuchie-meek-/781ee283e8.webp?width=416,503000,3100,N/A,5390,"November 27, 2021"
2026-10-10 09:12:51,Nuchie Meek,Nuchie MeekClap 4 Urseh,https://audiomack.com/nuchie-meek-/song/clap-4-urseh,https://i.audiomack.com/nuchie-meek-/4179bfadeb.webp?width=416,148000,1130,N/A,898,"December 5, 2025"
2026-10-10 09:12:54,Nuchie Meek,Nuchie MeekBuh La Lie ?,https://audiomack.com/nuchie-meek-/song/buh-la-lie,https://i.audiomack.com/nuchie-meek-/f1bf540e74.webp?width=416,1080000,5930,N/A,11300,"March 15, 2023"
2026-10-10 09:12:58,Nuchie Meek,Nuchie MeekDecembree,https://audiomack.com/nuchie-meek-/song/decembree,https://i.audiomack.com/nuchie-meek-/781ee283e8.webp?width=416,201000,1770,N/A,1730,"November 27, 2021"
2026-10-10 09:13:01,Nuchie Meek,Nuchie MeekSD Gang,https://audiomack.com/nuchie-meek-/song/sd-gang-1,https://i.audiomack.com/nuchie-meek-/781ee283e8.webp?width=416,207000,1670,N/A,1570,"November 27, 2021"
2026-10-10 09:13:04,Nuchie Meek,Nuchie MeekThru My Window,https://audiomack.com/nuchie-meek-/song/thru-my-window,https://i.audiomack.com/nuchie-meek-/b3dfc00336.webp?width=416,397000,3870,N/A,6460,"July 20, 2024"
2026-10-10 09:13:07,Nuchie Meek,Nuchie MeekSlide,https://audiomack.com/nuchie-meek-/song/slide,https://i.audiomack.com/nuchie-meek-/781ee283e8.webp?width=416,188000,1560,N/A,1380,"November 27, 2021"
2026-10-10 09:13:10,Nuchie Meek,Nuchie MeekChocolate,https://audiomack.com/nuchie-meek-/song/chocolate,https://i.audiomack.com/nuchie-meek-2/93ec082e13.webp?width=416,142000,515,N/A,1070,"March 21, 2020"
2026-10-10 09:13:14,Nuchie Meek,Nuchie MeekHSK &T,https://audiomack.com/nuchie-meek-/song/hsk-t,https://i.audiomack.com/nuchie-meek-/781ee283e8.webp?width=416,149000,1430,N/A,1340,"November 27, 2021"
2026-10-10 09:13:17,Nuchie Meek,Nuchie MeekStep On Ley Dog  Dem [SOLDD],https://audiomack.com/nuchie-meek-/song/step-on-ley-dog-dem-soldd,https://i.audiomack.com/nuchie-meek-/6d32ca8bc9.webp?width=416,265000,2890,N/A,4350,"January 6, 2025"
2026-10-10 09:13:20,Nuchie Meek,Nuchie MeekGo (Indian love),https://audiomack.com/nuchie-meek-/song/go-indian-love,https://i.audiomack.com/nuchie-meek-2/10dab2b7ec.webp?width=416,185000,939,N/A,1730,"May 25, 2020"
2026-10-10 09:13:24,Nuchie Meek,Nuchie MeekThe Intro,https://audiomack.com/nuchie-meek-/song/the-intro,https://i.audiomack.com/nuchie-meek-/7cb2dd14eb.webp?width=416,48000,507,N/A,263,"March 1, 2026"
2026-10-10 09:13:27,Nuchie Meek,Nuchie MeekSailematu,https://audiomack.com/nuchie-meek-/song/sailematu,https://i.audiomack.com/nuchie-meek-/32de45fe9f.webp?width=416,577000,2740,N/A,4010,"May 30, 2023"
2026-10-10 09:13:30,Nuchie Meek,Nuchie MeekRide Slow,https://audiomack.com/nuchie-meek-/song/ride-slow,https://i.audiomack.com/nuchie-meek-2/10dab2b7ec.webp?width=416,105000,633,N/A,767,"May 18, 2020"
2026-10-10 09:13:33,Nuchie Meek,Nuchie MeekWhoaa (Whatchumacallit),https://audiomack.com/nuchie-meek-/song/whoaa-whatchumacallit,https://i.audiomack.com/nuchie-meek-/32de45fe9f.webp?width=416,217000,1650,N/A,2830,"October 28, 2023"
2026-10-10 09:13:36,Nuchie Meek,PAGE NOT FOUND,https://audiomack.com/nuchie-meek-/song/win,N/A,N/A,N/A,N/A,N/A,N/A
2026-10-10 09:13:40,Nuchie Meek,Nuchie MeekThey Not Like Me,https://audiomack.com/nuchie-meek-/song/they-not-like-us,https://i.audiomack.com/nuchie-meek-/b8dfe58f3e.webp?width=416,207000,2180,N/A,3300,"June 21, 2024"
2026-10-10 09:13:44,Nuchie Meek,Nuchie MeekThrow butt,https://audiomack.com/nuchie-meek-/song/throw-butt,https://i.audiomack.com/nuchie-meek-/9accb8f611.webp?width=416,97900,369,N/A,381,"May 26, 2021"
2026-10-10 09:13:47,Nuchie Meek,Nuchie MeekFriends,https://audiomack.com/nuchie-meek-/song/friends,https://i.audiomack.com/nuchie-meek-/53fc0eb083.webp?width=416,66800,281,N/A,363,"June 25, 2021"
2026-10-10 09:13:50,Nuchie Meek,Nuchie MeekTrapco Service,https://audiomack.com/nuchie-meek-/song/trapco-service,https://i.audiomack.com/nuchie-meek-2/10dab2b7ec.webp?width=416,63000,475,N/A,655,"May 25, 2020"
2026-10-10 09:13:53,Nuchie Meek,Nuchie MeekAli Bomaye,https://audiomack.com/nuchie-meek-/song/ali-bomaye,https://i.audiomack.com/nuchie-meek-2/10dab2b7ec.webp?width=416,66600,480,N/A,616,"May 25, 2020"
2026-10-10 09:13:56,Nuchie Meek,Nuchie Meek998 Prt II,https://audiomack.com/nuchie-meek-/song/998-prt-ii,https://i.audiomack.com/nuchie-meek-/a80590d37f.webp?width=416,173000,1080,N/A,1100,"January 26, 2023"
2026-10-10 09:14:00,Nuchie Meek,DJ LawGro9man,https://audiomack.com/nuchie-meek-/song/gro9man,https://i.audiomack.com/nuchie-meek-2/d83611c0b2.webp?width=416,26400,127,N/A,178,"March 7, 2020"
2026-10-10 09:14:03,Nuchie Meek,Nuchie MeekJebeh,https://audiomack.com/nuchie-meek-/song/jebeh,https://i.audiomack.com/nuchie-meek-2/10dab2b7ec.webp?width=416,64200,474,N/A,681,"May 25, 2020"
2026-10-10 09:14:06,Nuchie Meek,Nuchie MeekI Want Be Like You,https://audiomack.com/nuchie-meek-/song/nuchie-meek-i-want-be-like-you,https://i.audiomack.com/nuchie-meek-2/0c77d8da29.webp?width=416,21100,95,N/A,110,"January 21, 2020"
2026-10-10 09:14:11,Nuchie Meek,Nuchie MeekMake 8 2 WAP (freestyle),https://audiomack.com/nuchie-meek-/song/make-8-2-wap,https://i.audiomack.com/nuchie-meek-/c709e227c1.webp?width=416,122000,489,N/A,480,"April 6, 2021"
2026-10-10 09:14:15,Nuchie Meek,Nuchie MeekBroken valentine,https://audiomack.com/nuchie-meek-/song/broken-valentine,https://i.audiomack.com/nuchie-meek-2/deb6e8c5fd.webp?width=416,43600,189,N/A,170,"February 14, 2021"
2026-10-10 09:14:18,Nuchie Meek,Nuchie MeekTake Dreg,https://audiomack.com/nuchie-meek-/song/take-dreg,https://i.audiomack.com/nuchie-meek-2/ce02426bd1.webp?width=416,26000,108,N/A,123,"January 9, 2021"
2026-10-10 09:14:35,KELLz,KELLzUnappreciated 2.0,https://audiomack.com/KELLz/song/unappreciated-20-feat-aruyah,https://i.audiomack.com/KELLz_Lib/56a7fcecfd.webp?width=416,223000,2040,N/A,4100,"July 14, 2025"
2026-10-10 09:14:38,KELLz,KELLz-x-Deng-x-JZyNoPattern Dahtor,https://audiomack.com/KELLz/song/pattern-dahtor,https://i.audiomack.com/kellzbeatz/650dcc43a5.webp?width=416,16600,117,N/A,237,"April 22, 2020"
2026-10-10 09:14:41,KELLz,KELLzUnappreciated,https://audiomack.com/KELLz/song/unappreciated,https://i.audiomack.com/kellz-368/0e67c62a3d.webp?width=416,373000,3290,N/A,6720,"February 1, 2024"
2026-10-10 09:14:44,KELLz,KELLzDemon Time,https://audiomack.com/KELLz/song/demon-time,https://i.audiomack.com/KELLz_Lib/56a7fcecfd.webp?width=416,25800,291,N/A,276,"July 14, 2025"
2026-10-10 09:14:47,KELLz,KELLzThrough The Forest,https://audiomack.com/KELLz/song/through-the-forest-feat-mr-church,https://i.audiomack.com/KELLz_Lib/56a7fcecfd.webp?width=416,36800,370,N/A,326,"July 14, 2025"
2026-10-10 09:14:51,KELLz,KELLzSacrifices,https://audiomack.com/KELLz/song/sacrifices,https://i.audiomack.com/KELLz_Lib/c3b1588d36.webp?width=416,30800,345,N/A,577,"May 31, 2024"
2026-10-10 09:14:55,KELLz,KELLzunappreciated open verse challenge instrumental,https://audiomack.com/KELLz/song/unappreciated-open-verse-challenge-instrumental,https://i.audiomack.com/kellz-lib/9dd68a5c0d.webp?width=416,2210,26,N/A,9,"March 17, 2024"
2026-10-10 09:15:16,Fazari,FazariKAROLINA ( LIB JUE),https://audiomack.com/Fazari/song/karolina-lib-jue,https://i.audiomack.com/Fazari/31ac0e13ff.webp?width=416,198000,1590,N/A,1220,"September 10, 2026"
2026-10-10 09:15:20,Fazari,FazariONE DAY,https://audiomack.com/Fazari/song/one-day,https://i.audiomack.com/Fazari/cf61fb3837.webp?width=416,302000,2600,N/A,2680,"May 1, 2026"
2026-10-10 09:15:23,Fazari,FazariWICKED EX,https://audiomack.com/Fazari/song/wicked-ex,https://i.audiomack.com/Fazari/445d7f38c0.webp?width=416,274000,2200,N/A,2390,"February 11, 2026"
2026-10-10 09:15:26,Fazari,FazariYOU & WHO?,https://audiomack.com/Fazari/song/you-who,https://i.audiomack.com/Fazari/bddb57c25f.webp?width=416,284000,2320,N/A,2730,"November 1, 2025"
2026-10-10 09:15:29,Fazari,FazariMorah,https://audiomack.com/Fazari/song/morah-1,https://i.audiomack.com/Fazari/14705601-c.webp?width=416,324000,3020,N/A,3820,"December 13, 2024"
2026-10-10 09:15:32,Fazari,FazariWetting Hurting You,https://audiomack.com/Fazari/song/wetting-hurting-you-official-audio,https://i.audiomack.com/Fazari/bddb57c25f.webp?width=416,445000,3970,N/A,5300,"November 1, 2025"
2026-10-10 09:15:35,Fazari,FazariKoloqua Flow,https://audiomack.com/Fazari/song/koloqua-flow,https://i.audiomack.com/Fazari/026fdf22a2.webp?width=416,414000,3260,N/A,3590,"May 22, 2025"
2026-10-10 09:15:39,Fazari,FazariDecember Story,https://audiomack.com/Fazari/song/december-story-official-audio,https://i.audiomack.com/Fazari/bddb57c25f.webp?width=416,179000,1700,N/A,1570,"November 1, 2025"
2026-10-10 09:15:42,Fazari,FazariSmell No Taste,https://audiomack.com/Fazari/song/smell-no-taste,https://i.audiomack.com/Fazari/4d48f34d80.webp?width=416,436000,3240,N/A,5290,"August 7, 2025"
2026-10-10 09:15:47,Fazari,FazariDehley Way,https://audiomack.com/Fazari/song/dehley-way,https://i.audiomack.com/Fazari/58e0c1fa0d.webp?width=416,356000,2630,N/A,4340,"March 29, 2024"
2026-10-10 09:15:50,Fazari,FazariStick It There,https://audiomack.com/Fazari/song/stick-8-there,https://i.audiomack.com/Fazari/5144eb52fd.webp?width=416,489000,2700,N/A,4170,"January 13, 2023"
2026-10-10 09:15:53,Fazari,FazariONE DAY REMIX,https://audiomack.com/Fazari/song/one-day-remix,https://i.audiomack.com/Fazari/9fa0b040a7.webp?width=416,9430,176,N/A,50,"July 24, 2026"
2026-10-10 09:15:56,Fazari,Fazari🇱🇷Wah Yur Problem,https://audiomack.com/Fazari/song/wah-yur-problem,https://i.audiomack.com/Fazari/b0b72fe80c.webp?width=416,353000,2970,N/A,4310,"August 5, 2023"
2026-10-10 09:15:59,Fazari,FazariBritishkolo 🇱🇷🇬🇧 ( Freestyle),https://audiomack.com/Fazari/song/britishkolo-freestyle,https://i.audiomack.com/Fazari/519db1f960.webp?width=416,216000,1810,N/A,3000,"February 22, 2024"
2026-10-10 09:16:03,Fazari,FazariI Bann,https://audiomack.com/Fazari/song/i-bann,https://i.audiomack.com/Fazari/01c993aa5b.webp?width=416,208000,1470,N/A,2570,"January 6, 2024"
2026-10-10 09:16:06,Fazari,FazariOne Time Touch,https://audiomack.com/Fazari/song/one-time-touch-prodacool,https://i.audiomack.com/Fazari/54faa2a188.webp?width=416,62100,465,N/A,508,"April 21, 2023"
2026-10-10 09:16:09,Fazari,FazariTelema,https://audiomack.com/Fazari/song/fazarie-telema-22222,https://i.audiomack.com/Fazari/54faa2a188.webp?width=416,147000,956,N/A,1230,"April 21, 2023"
2026-10-10 09:16:12,Fazari,FazariCruise,https://audiomack.com/Fazari/song/faz-master,https://i.audiomack.com/Fazari/54faa2a188.webp?width=416,251000,1260,N/A,2680,"April 21, 2023"
2026-10-10 09:16:16,Fazari,FazariMCSM (Freestyle),https://audiomack.com/Fazari/song/mcsm-freestyle,https://i.audiomack.com/Fazari/ca9f25565b.webp?width=416,192000,1500,N/A,3770,"March 12, 2025"
2026-10-10 09:16:20,Fazari,FazariCocomenta,https://audiomack.com/Fazari/song/cocomenta-prod-acool,https://i.audiomack.com/Fazari/54faa2a188.webp?width=416,136000,789,N/A,1230,"April 21, 2023"
2026-10-10 09:16:24,Fazari,FazariBow Legs See Bow Legs,https://audiomack.com/Fazari/song/bow-legs-see-bow-legs,https://i.audiomack.com/Fazari/9eb35415d7.webp?width=416,102000,485,N/A,680,"July 15, 2022"
2026-10-10 09:16:27,Fazari,FazariDrink & Blow,https://audiomack.com/Fazari/song/drink-and-blow-prodacool,https://i.audiomack.com/Fazari/54faa2a188.webp?width=416,48800,437,N/A,627,"April 21, 2023"
2026-10-10 09:16:30,Fazari,FazariFrench Fries,https://audiomack.com/Fazari/song/french-fries-mst,https://i.audiomack.com/Fazari/54faa2a188.webp?width=416,51600,420,N/A,513,"April 21, 2023"
2026-10-10 09:16:33,Fazari,FazariUpside Down,https://audiomack.com/Fazari/song/upside-down-mst,https://i.audiomack.com/Fazari/54faa2a188.webp?width=416,73000,487,N/A,696,"April 21, 2023"
2026-10-10 09:16:36,Fazari,FazariAYY SHAY,https://audiomack.com/Fazari/song/ayy-shay,https://i.audiomack.com/Fazari/92add792e3.webp?width=416,95100,1120,N/A,2710,"October 11, 2024"
2026-10-10 09:16:40,Fazari,Fazari_OfficialShout_Out_To_My_Ex_Prod._A.COOL,https://audiomack.com/Fazari/song/shout-out-to-my-ex-prod-acool,https://i.audiomack.com/fazari-official/cfa0bb7147.webp?width=416,117000,464,N/A,992,"June 23, 2020"
2026-10-10 09:16:43,Fazari,FazariNo_Be_JuJu_Be_That_,https://audiomack.com/Fazari/song/no-be-juju-be-that,https://i.audiomack.com/Fazari/f975d3cff6.webp?width=416,22300,104,N/A,142,"February 19, 2022"
2026-10-10 09:16:46,Fazari,FazariBIG JUE SZN (REMIX),https://audiomack.com/Fazari/song/big-jue-szn-remix,https://i.audiomack.com/Fazari/7e11de5b91.webp?width=416,48900,400,N/A,533,"December 11, 2023"
2026-10-10 09:16:49,Fazari,FazariMAD LOVE,https://audiomack.com/Fazari/song/mad-love,https://i.audiomack.com/Fazari/c90bb8cd68.webp?width=416,12600,46,N/A,68,"January 29, 2021"
2026-10-10 09:16:53,Fazari,FazariBIg Jue Season Open verse instrumental,https://audiomack.com/Fazari/song/big-jue-season-open-verse-instrumental,https://i.audiomack.com/Fazari/22f30ec906.webp?width=416,11700,55,N/A,77,"November 8, 2023"
2026-10-10 09:16:56,Fazari,FazariFREE MIND,https://audiomack.com/Fazari/song/free-mind,https://i.audiomack.com/Fazari/2a11172898.webp?width=416,7140,30,N/A,28,"June 5, 2021"
2026-10-10 09:16:59,Fazari,Fazari_ft_Nikey 20Fire_Prod.by Recordking & T.MA,https://audiomack.com/Fazari/song/fire-prodby-recordking-tma,https://i.audiomack.com/fazari-official/c7d8a94ba0.webp?width=416,8670,34,N/A,44,"January 10, 2020"
2026-10-10 09:17:02,Fazari,FazariMOXIE,https://audiomack.com/Fazari/song/moxie,https://i.audiomack.com/fazari-official/d914de53df.webp?width=416,3850,21,N/A,23,"August 14, 2020"
2026-10-10 09:17:05,Fazari,FazariMicroscopic_Eye_Prod._A.COOL,https://audiomack.com/Fazari/song/microscopic-eye-prod-acool,https://i.audiomack.com/fazari-official/a26c7d1844.webp?width=416,4010,23,N/A,20,"February 15, 2020"
2026-10-10 09:17:09,Fazari,FazariFazFlex_-_Reverse_Prod._A.COOL,https://audiomack.com/Fazari/song/fazflex-reverse-prod-acool,https://i.audiomack.com/fazari-official/727ce455eb.webp?width=416,5910,38,N/A,58,"December 2, 2019"
2026-10-10 09:17:12,Fazari,FazariLah_Ay_There_Prod._A.COOL,https://audiomack.com/Fazari/song/lah-ay-there-prod-acool,https://i.audiomack.com/fazari-official/67af00fd08.webp?width=416,11100,51,N/A,69,"October 1, 2019"
2026-10-10 09:17:15,Fazari,FazariFinesse Cover (Fazari),https://audiomack.com/Fazari/song/finesse-cover-fazari,https://i.audiomack.com/Fazari/c9f3d95c9e.webp?width=416,5580,25,N/A,26,"March 23, 2022"
2026-10-10 09:17:18,Fazari,FazariPrayer_Up_For_NKT_(Prod._A.COOL),https://audiomack.com/Fazari/song/prayer-up-for-nkt-prod-acool,https://i.audiomack.com/Fazari/3f72d8ecac.webp?width=416,5430,28,N/A,25,"January 23, 2022"
2026-10-10 09:17:21,Fazari,FazariThe_First_Pepo_(Prod._A.COOL),https://audiomack.com/Fazari/song/the-first-pepo-prod-acool,https://i.audiomack.com/fazari-official/19b45ebfd2.webp?width=416,5270,25,N/A,23,"September 4, 2020"
2026-10-10 09:17:24,Fazari,FazariSnapchat,https://audiomack.com/Fazari/song/snapchat,https://i.audiomack.com/Fazari/e66c160352.webp?width=416,8720,34,N/A,35,"November 25, 2020"
