timestamp,artist_name,track_title,track_url,album_art,plays,likes,reposts,playlist_adds,release_date
2026-08-12 04:12:13,SIO,SIONobody Ugly,https://audiomack.com/vibeking-sio/song/nobody-ugly,https://i.audiomack.com/vibeking-sio/3af34ac4ae.webp?width=416,4280,271,N/A,40,"August 11, 2026"
2026-08-12 04:12:17,SIO,SIOAll Hail,https://audiomack.com/vibeking-sio/song/all-hail,https://i.audiomack.com/vibeking-sio/0f75ec02ba.webp?width=416,421000,5010,N/A,3730,"May 16, 2026"
2026-08-12 04:12:20,SIO,SIOWe know them,https://audiomack.com/vibeking-sio/song/we-know-them,https://i.audiomack.com/vibeking-sio/a436a7ae85.webp?width=416,1040000,8820,N/A,8080,"December 10, 2025"
2026-08-12 04:12:24,SIO,SIOMoney-way-na-lost,https://audiomack.com/vibeking-sio/song/money-way-na-lost,https://i.audiomack.com/vibeking-sio/cf8b9ebf08.webp?width=416,1540000,7320,N/A,14500,"February 20, 2024"
2026-08-12 04:12:28,SIO,SIOTime,https://audiomack.com/vibeking-sio/song/sio-time-prod-by-afo4doe-master,https://i.audiomack.com/vibeking-sio/87c653780f.webp?width=416,1400000,11200,N/A,11500,"July 1, 2025"
2026-08-12 04:12:31,SIO,SIOTrouble,https://audiomack.com/vibeking-sio/song/trouble,https://i.audiomack.com/vibeking-sio/cf8b9ebf08.webp?width=416,369000,2570,N/A,4200,"February 20, 2024"
2026-08-12 04:12:35,SIO,SIOOyoyo,https://audiomack.com/vibeking-sio/song/oyoyo,https://i.audiomack.com/vibeking-sio/c1c0ce846e.webp?width=416,479000,2410,N/A,3850,"July 15, 2023"
2026-08-12 04:12:38,SIO,SIOsio __ Barnersville _pro.perfect,https://audiomack.com/vibeking-sio/song/sio-barnersville-properfect,https://i.audiomack.com/bangboi-sio/dc1d125214.webp?width=416,242000,1180,N/A,1830,"November 21, 2020"
2026-08-12 04:12:56,Nahj,Nahj9mm,https://audiomack.com/nahj/song/9mm,https://i.audiomack.com/nahj/5446d08abb.webp?width=416,938000,3530,N/A,5470,"July 29, 2026"
2026-08-12 04:13:00,Nahj,NahjMy Lady,https://audiomack.com/nahj/song/my-lady,https://i.audiomack.com/nahj/3967fd4dee.webp?width=416,3420000,18900,N/A,35200,"September 17, 2025"
2026-08-12 04:13:03,Nahj,NahjBig Man Sound,https://audiomack.com/nahj/song/big-man-sound,https://i.audiomack.com/nahj/16ea708e4b.webp?width=416,847000,3770,N/A,10800,"February 25, 2026"
2026-08-12 04:13:07,Nahj,NahjStupid Me,https://audiomack.com/nahj/song/stupid-me,https://i.audiomack.com/nahj_/54eb8c918e.webp?width=416,744000,4650,N/A,7500,"October 18, 2024"
2026-08-12 04:13:10,Nahj,NahjShe Na Know,https://audiomack.com/nahj/song/she-na-know,https://i.audiomack.com/nahj/598c209b88.webp?width=416,1000000,6110,N/A,12900,"June 27, 2025"
2026-08-12 04:13:14,Nahj,NahjStupid Me(Acoustic),https://audiomack.com/nahj/song/stupid-meacoustic,https://i.audiomack.com/nahj_/54eb8c918e.webp?width=416,186000,1690,N/A,3910,"February 14, 2025"
2026-08-12 04:13:17,Nahj,NahjFearless Freestyle,https://audiomack.com/nahj/song/fearless-freestyle,https://i.audiomack.com/nahj231/64d6bc4861.webp?width=416,28600,169,N/A,147,"January 26, 2024"
2026-08-12 04:13:21,Nahj,NahjTha Boi,https://audiomack.com/nahj/song/nahj-tha-boi,https://i.audiomack.com/nahj46/f4e7fec0db.webp?width=416,40300,286,N/A,178,"March 31, 2023"
2026-08-12 04:13:24,Nahj,NahjScrew You,https://audiomack.com/nahj/song/screw-you,https://i.audiomack.com/nahj_daboi/493d08ba17.webp?width=416,27300,183,N/A,98,"April 26, 2024"
2026-08-12 04:13:41,Spize,SpizeThey Dunno,https://audiomack.com/spizeofficial/song/they-dont-know-official-audiowav,https://i.audiomack.com/spizeofficial/02b23f3da7.webp?width=416,736000,4330,N/A,7800,"July 10, 2026"
2026-08-12 04:13:45,Spize,SpizeHallelujah,https://audiomack.com/spizeofficial/song/spize-halleluu-ms-01-wav,https://i.audiomack.com/spizeofficial/02b23f3da7.webp?width=416,244000,2320,N/A,1820,"July 10, 2026"
2026-08-12 04:13:48,Spize,SpizeWoman,https://audiomack.com/spizeofficial/song/woman,https://i.audiomack.com/spizeofficial/c4bb4cc0f1.webp?width=416,138000,1920,N/A,553,"July 10, 2026"
2026-08-12 04:13:52,Spize,SpizeRoad,https://audiomack.com/spizeofficial/song/road,https://i.audiomack.com/spizeofficial/ca83e6b3d5.webp?width=416,453000,4150,N/A,3780,"February 27, 2026"
2026-08-12 04:13:55,Spize,ZoravynAfrican Sound,https://audiomack.com/spizeofficial/song/african-sound,https://i.audiomack.com/spizeofficial/11136f71b6.webp?width=416,550000,4000,N/A,4030,"March 27, 2026"
2026-08-12 04:13:59,Spize,SpizeMiss You,https://audiomack.com/spizeofficial/song/miss-you,https://i.audiomack.com/spizeofficial/18326979-1.webp?width=416,820000,8109,N/A,10500,"August 1, 2025"
2026-08-12 04:14:02,Spize,SpizeMelo,https://audiomack.com/spizeofficial/song/melo-22,https://i.audiomack.com/spizeofficial/591fa960db.webp?width=416,770000,6930,N/A,9780,"June 7, 2024"
2026-08-12 04:14:06,Spize,SpizeWith You,https://audiomack.com/spizeofficial/song/with-you-1,https://i.audiomack.com/spize-7/c9889f6883.webp?width=416,465000,4530,N/A,6320,"August 24, 2024"
2026-08-12 04:14:09,Spize,SpizeMy Side,https://audiomack.com/spizeofficial/song/my-side,https://i.audiomack.com/spize-7/14916091-1.webp?width=416,947000,7380,N/A,8160,"January 1, 2025"
2026-08-12 04:14:26,Will Flash,Will FlashMoney Flow,https://audiomack.com/will-flash/song/money-flow,https://i.audiomack.com/will-flash/bd70225375.webp?width=416,371000,3700,N/A,3380,"May 22, 2026"
2026-08-12 04:14:30,Will Flash,Will FlashTell Me,https://audiomack.com/will-flash/song/tell-me,https://i.audiomack.com/will-flash/17988005-c.webp?width=416,1100000,7690,N/A,8470,"June 30, 2025"
2026-08-12 04:14:33,Will Flash,Will FlashYoyo,https://audiomack.com/will-flash/song/yoyo,https://i.audiomack.com/will-flash/8691275fb8.webp?width=416,423000,3680,N/A,3860,"February 27, 2026"
2026-08-12 04:14:37,Will Flash,Will FlashSingle,https://audiomack.com/will-flash/song/single,https://i.audiomack.com/will-flash/1e814790be.webp?width=416,1030000,7900,N/A,9770,"May 9, 2025"
2026-08-12 04:14:40,Will Flash,Will FlashMy Ex,https://audiomack.com/will-flash/song/my-ex,https://i.audiomack.com/will-flash/128d7c449e.webp?width=416,1660000,12100,N/A,20300,"February 28, 2025"
2026-08-12 04:14:44,Will Flash,Will FlashFriday,https://audiomack.com/will-flash/song/friday,https://i.audiomack.com/will-flash/20051834-c.webp?width=416,703000,4880,N/A,8510,"November 21, 2025"
2026-08-12 04:14:47,Will Flash,Who's DatOn My Hay,https://audiomack.com/will-flash/song/on-my-hay,https://i.audiomack.com/will-flash/2feb60d550.webp?width=416,427000,3520,N/A,3540,"January 30, 2026"
2026-08-12 04:14:51,Will Flash,Will FlashCute Gangsta,https://audiomack.com/will-flash/song/cute-gangsta,https://i.audiomack.com/will-flash/bd70225375.webp?width=416,47200,772,N/A,230,"May 22, 2026"
2026-08-12 04:14:54,Will Flash,Will FlashStuck in the Mood,https://audiomack.com/will-flash/song/stuck-in-the-mood,https://i.audiomack.com/will-flash/bd70225375.webp?width=416,29100,K,N/A,183,"May 22, 2026"
2026-08-12 04:14:58,Will Flash,Will FlashPoor Boy,https://audiomack.com/will-flash/song/poor-boy,https://i.audiomack.com/will-flash/bd70225375.webp?width=416,25700,611,N/A,190,"May 22, 2026"
2026-08-12 04:15:02,Will Flash,Will FlashLike That,https://audiomack.com/will-flash/song/like-that,https://i.audiomack.com/will-flash/bd70225375.webp?width=416,28600,588,N/A,183,"May 22, 2026"
2026-08-12 04:15:05,Will Flash,Will FlashFind Your Own,https://audiomack.com/will-flash/song/find-your-own,https://i.audiomack.com/will-flash/bd70225375.webp?width=416,24200,542,N/A,170,"May 22, 2026"
2026-08-12 04:15:09,Will Flash,Will FlashBoil on Dem,https://audiomack.com/will-flash/song/boil-on-dem,https://i.audiomack.com/will-flash/13325134-c.webp?width=416,168000,1100,N/A,2710,"November 15, 2024"
2026-08-12 04:15:12,Will Flash,Will FlashKilimanjaro,https://audiomack.com/will-flash/song/kilimanjaro-1,https://i.audiomack.com/will-flash/11215502-c.webp?width=416,106000,1040,N/A,1610,"June 14, 2024"
2026-08-12 04:15:15,Will Flash,Will FlashHeart and Soul,https://audiomack.com/will-flash/song/heart-and-soul,https://i.audiomack.com/will-flash/10867586-c.webp?width=416,250000,2900,N/A,6630,"May 31, 2024"
2026-08-12 04:15:19,Will Flash,Will FlashDa Your Problem,https://audiomack.com/will-flash/song/da-your-problem,https://i.audiomack.com/will-flash/81b760d7a3.webp?width=416,133000,912,N/A,1760,"December 6, 2024"
2026-08-12 04:15:22,Will Flash,Will FlashWILL FLASH - Congratulations H.E Joseph Boakai Sr,https://audiomack.com/will-flash/song/will-flash-congratulations-he-joseph-boakai-sr,https://i.audiomack.com/will-flash/552b6b127d.webp?width=416,18100,164,N/A,128,"January 12, 2024"
2026-08-12 04:15:26,Will Flash,Will FlashHeart and Soul Refix,https://audiomack.com/will-flash/song/heart-and-soul-refix,https://i.audiomack.com/will-flash/11884024-c.webp?width=416,27500,380,N/A,774,"August 5, 2024"
2026-08-12 04:15:45,STUNN,STUNNFace Card,https://audiomack.com/stunn/song/face-card,https://i.audiomack.com/stunn/a6db6bfa3e.webp?width=416,184000,2040,N/A,902,"July 3, 2026"
2026-08-12 04:15:49,STUNN,StunnaHer Engine Oil,https://audiomack.com/stunn/song/her-engine-oil,https://i.audiomack.com/stunnamusic/2193c4c33f.webp?width=416,231000,914,N/A,1460,"May 22, 2020"
2026-08-12 04:15:52,STUNN,Stunn & Will FlashLove,https://audiomack.com/stunn/song/love,https://i.audiomack.com/will-flash/4339e0d270.webp?width=416,817000,4990,N/A,13900,"December 4, 2025"
2026-08-12 04:15:56,STUNN,StunnDavid,https://audiomack.com/stunn/song/david-stunn,https://i.audiomack.com/stunn/4785de673e.webp?width=416,464000,3850,N/A,6990,"October 25, 2024"
2026-08-12 04:15:59,STUNN,StunnChop Life,https://audiomack.com/stunn/song/chop-life,https://i.audiomack.com/stunn/7ddc2fed59.webp?width=416,324000,2270,N/A,3860,"April 26, 2024"
2026-08-12 04:16:02,STUNN,StunnaAddicted,https://audiomack.com/stunn/song/addicted,https://i.audiomack.com/stunnamusic/dd0be8e4f2.webp?width=416,112000,832,N/A,965,"January 19, 2020"
2026-08-12 04:16:06,STUNN,STUNNDIAMONDS (PRESSURE),https://audiomack.com/stunn/song/688b2e4bea82e,https://i.audiomack.com/stunn/f9e26519d1.webp?width=416,350000,3000,N/A,5030,"July 31, 2025"
2026-08-12 04:16:09,STUNN,StunnaOh Lady,https://audiomack.com/stunn/song/oh-lady,https://i.audiomack.com/stunnamusic/de9eede0ab.webp?width=416,74700,641,N/A,737,"November 25, 2019"
2026-08-12 04:16:12,STUNN,StunnaIntro,https://audiomack.com/stunn/song/intro,https://i.audiomack.com/stunnamusic/dd0be8e4f2.webp?width=416,72400,556,N/A,538,"January 19, 2020"
2026-08-12 04:16:16,STUNN,StunnaSeh Pay Love,https://audiomack.com/stunn/song/seh-pay-love,https://i.audiomack.com/stunnamusic/dd0be8e4f2.webp?width=416,48400,436,N/A,676,"January 19, 2020"
2026-08-12 04:16:19,STUNN,StunnaWhy,https://audiomack.com/stunn/song/why,https://i.audiomack.com/stunnamusic/dd0be8e4f2.webp?width=416,29700,364,N/A,495,"January 19, 2020"
2026-08-12 04:16:23,STUNN,StunnaWhen a Woman Loves,https://audiomack.com/stunn/song/when-a-woman-loves-lil-jay-mp3,https://i.audiomack.com/stunnamusic/dd0be8e4f2.webp?width=416,52500,488,N/A,517,"January 19, 2020"
2026-08-12 04:16:26,STUNN,StunnaWhat IF,https://audiomack.com/stunn/song/what-if-bucky-raw,https://i.audiomack.com/stunnamusic/dd0be8e4f2.webp?width=416,42500,419,N/A,573,"January 19, 2020"
2026-08-12 04:16:30,STUNN,StunnaLove 2Night,https://audiomack.com/stunn/song/love-2night,https://i.audiomack.com/stunnamusic/dd0be8e4f2.webp?width=416,60400,541,N/A,669,"January 19, 2020"
2026-08-12 04:16:33,STUNN,StunnaSlowdown,https://audiomack.com/stunn/song/slowdown,https://i.audiomack.com/stunnamusic/dd0be8e4f2.webp?width=416,42700,424,N/A,550,"January 19, 2020"
2026-08-12 04:16:36,STUNN,STUNNBABY O -STUNN,https://audiomack.com/stunn/song/68b2ab5117022,https://i.audiomack.com/stunn/0a2aaec24d.webp?width=416,20800,167,N/A,125,"August 30, 2025"
2026-08-12 04:16:40,STUNN,StunnFallen,https://audiomack.com/stunn/song/fallen,https://i.audiomack.com/stunnmusic/fcc23f3f65.webp?width=416,233000,1820,N/A,2790,"November 3, 2023"
2026-08-12 04:16:43,STUNN,StunnaIt's Over,https://audiomack.com/stunn/song/its-over,https://i.audiomack.com/stunnamusic/dd0be8e4f2.webp?width=416,36200,414,N/A,525,"January 19, 2020"
2026-08-12 04:16:46,STUNN,StunnaMela (Melanin),https://audiomack.com/stunn/song/mela-melanin,https://i.audiomack.com/stunnamusic/dd0be8e4f2.webp?width=416,30500,369,N/A,492,"January 19, 2020"
2026-08-12 04:16:50,STUNN,StunnMedicine,https://audiomack.com/stunn/song/medicine,https://i.audiomack.com/stunnamusic/23d8e128b4.webp?width=416,439000,1430,N/A,2400,"June 16, 2023"
2026-08-12 04:16:53,STUNN,StunnaOriginal Baby,https://audiomack.com/stunn/song/original-baby,https://i.audiomack.com/stunnamusic/dd0be8e4f2.webp?width=416,35900,422,N/A,571,"January 19, 2020"
2026-08-12 04:16:57,STUNN,StunnFly With You,https://audiomack.com/stunn/song/fly-away-stunn-master-v2,https://i.audiomack.com/stunn/ab5d4d2daf.webp?width=416,105000,1240,N/A,1840,"June 27, 2024"
2026-08-12 04:17:00,STUNN,StunnaSammy Song,https://audiomack.com/stunn/song/sammy-song,https://i.audiomack.com/stunnamusic/dd0be8e4f2.webp?width=416,31300,364,N/A,499,"January 19, 2020"
2026-08-12 04:17:03,STUNN,StunnaFire,https://audiomack.com/stunn/song/fire-x-ei,https://i.audiomack.com/stunnamusic/dd0be8e4f2.webp?width=416,26100,330,N/A,475,"January 19, 2020"
2026-08-12 04:17:07,STUNN,StunnaSex Friend,https://audiomack.com/stunn/song/sex-friend-feat-barsee,https://i.audiomack.com/stunnamusic/dd0be8e4f2.webp?width=416,32200,374,N/A,444,"January 19, 2020"
2026-08-12 04:17:10,STUNN,StunnaTi Amo,https://audiomack.com/stunn/song/ti-amo,https://i.audiomack.com/stunnamusic/dd0be8e4f2.webp?width=416,28200,343,N/A,449,"January 19, 2020"
2026-08-12 04:17:14,STUNN,StunnaGreen Light,https://audiomack.com/stunn/song/green-light,https://i.audiomack.com/stunn/121d1a1330.webp?width=416,234000,1350,N/A,1320,"July 22, 2022"
2026-08-12 04:17:17,STUNN,Stunna10/10,https://audiomack.com/stunn/song/1010,https://i.audiomack.com/stunnamusic/51dad54e1c.webp?width=416,18900,10,N/A,198,"September 9, 2020"
2026-08-12 04:17:20,STUNN,StunnMedicine,https://audiomack.com/stunn/song/medicine-1,https://i.audiomack.com/stunn/13573780-5.webp?width=416,5210,29,N/A,51,"June 25, 2023"
2026-08-12 04:17:24,STUNN,StunnDiamonds (Pressure),https://audiomack.com/stunn/song/diamonds-pressure,https://i.audiomack.com/stunn/b7d26f159d.webp?width=416,7510,94,N/A,58,"August 1, 2025"
2026-08-12 04:17:27,STUNN,StunnFallen,https://audiomack.com/stunn/song/fallen-1,https://i.audiomack.com/stunn/13636702-5.webp?width=416,3460,26,N/A,16,"November 3, 2023"
2026-08-12 04:17:44,Larry G,Larry GHustle,https://audiomack.com/elvissaywon226/song/hustle,https://i.audiomack.com/elvissaywon226/df7086b6af.webp?width=416,350000,3790,N/A,2700,"June 26, 2026"
2026-08-12 04:17:48,Larry G,Larry GYolo,https://audiomack.com/elvissaywon226/song/yolo,https://i.audiomack.com/elvissaywon226/d3569c80c7.webp?width=416,912000,7770,N/A,6200,"January 28, 2026"
2026-08-12 04:17:51,Larry G,Larry GWicked people,https://audiomack.com/elvissaywon226/song/wicked-people,https://i.audiomack.com/elvissaywon226/759a66ecd7.webp?width=416,912000,6590,N/A,6830,"October 24, 2025"
2026-08-12 04:17:55,Larry G,Larry GMy-Time,https://audiomack.com/elvissaywon226/song/my-time,https://i.audiomack.com/elvissaywon226/2d45892402.webp?width=416,1480000,10800,N/A,10700,"July 18, 2025"
2026-08-12 04:17:59,Larry G,Larry GLonely Soja,https://audiomack.com/elvissaywon226/song/lonely-soja,https://i.audiomack.com/elvissaywon226/8884e8fae8.webp?width=416,249000,1660,N/A,1550,"November 23, 2024"
2026-08-12 04:18:16,Fluxii,FluxiiLiberia,https://audiomack.com/fluxiimusic/song/liberia,https://i.audiomack.com/fluxiimusic/b7dfba52e5.webp?width=416,143000,1820,N/A,925,"July 24, 2026"
2026-08-12 04:18:20,Fluxii,FluxiiBalance,https://audiomack.com/fluxiimusic/song/balance,https://i.audiomack.com/fluxiimusic/9808eb1e2a.webp?width=416,258000,2390,N/A,2130,"June 26, 2026"
2026-08-12 04:18:23,Fluxii,FluxiiTalk So,https://audiomack.com/fluxiimusic/song/talk-so,https://i.audiomack.com/fluxiimusic/10476412-1.webp?width=416,1000000,9070,N/A,11000,"May 3, 2024"
2026-08-12 04:18:27,Fluxii,FluxiiHustle,https://audiomack.com/fluxiimusic/song/hustle,https://i.audiomack.com/fluxiimusic/a357d39cad.webp?width=416,504000,4690,N/A,4850,"June 13, 2025"
2026-08-12 04:18:30,Fluxii,FluxiiC.O.G (Child of Grace),https://audiomack.com/fluxiimusic/song/cog-child-of-grace,https://i.audiomack.com/fluxii-2/36cbfa6283.webp?width=416,51500,26,N/A,247,"January 9, 2026"
2026-08-12 04:18:33,Fluxii,FluxiiNext,https://audiomack.com/fluxiimusic/song/next,https://i.audiomack.com/fluxiimusic/abcbb1aae2.webp?width=416,394000,3810,N/A,4240,"September 12, 2025"
2026-08-12 04:18:37,Fluxii,FluxiiTime,https://audiomack.com/fluxiimusic/song/time,https://i.audiomack.com/fluxiimusic/16ba7739b3.webp?width=416,411000,3020,N/A,5620,"December 20, 2024"
2026-08-12 04:18:40,Fluxii,FluxiiHappy Player (feat. DenG),https://audiomack.com/fluxiimusic/song/happyplayer,https://i.audiomack.com/fluxiimusic/11797994-1.webp?width=416,335000,2960,N/A,5180,"July 31, 2024"
2026-08-12 04:18:44,Fluxii,FluxiiLoyalty,https://audiomack.com/fluxiimusic/song/loyalty,https://i.audiomack.com/fluxiimusic/9412542-19.webp?width=416,128000,1060,N/A,1090,"February 9, 2024"
2026-08-12 04:18:47,Fluxii,FluxiiPose (Gold Version),https://audiomack.com/fluxiimusic/song/pose,https://i.audiomack.com/fluxiimusic/a8e1378ce0.webp?width=416,84600,742,N/A,716,"August 26, 2023"
2026-08-12 04:18:51,Fluxii,FluxiiTalk So (Remix),https://audiomack.com/fluxiimusic/song/talkso-remix,https://i.audiomack.com/fluxiimusic/49a2b54688.webp?width=416,235000,1990,N/A,3450,"September 20, 2024"
2026-08-12 04:18:54,Fluxii,FluxiiBreakfast (feat. TanTan B),https://audiomack.com/fluxiimusic/song/breakfast,https://i.audiomack.com/fluxiimusic/14052402-1.webp?width=416,150000,B,N/A,2940,"November 15, 2024"
2026-08-12 04:18:57,Fluxii,FluxiiHustle (Sped Up) (Sped Up),https://audiomack.com/fluxiimusic/song/hustle-sped-up,https://i.audiomack.com/fluxiimusic/17888894-1.webp?width=416,41900,308,N/A,279,"June 14, 2025"
2026-08-12 04:19:17,Teddyride,TEDDYRIDEFALL IN LOVE,https://audiomack.com/teddyride/song/fall-in-love,https://i.audiomack.com/teddyride/4ff2fc8313.webp?width=416,861000,5300,N/A,7730,"April 24, 2026"
2026-08-12 04:19:21,Teddyride,TeddyrideWleesayma,https://audiomack.com/teddyride/song/wleesayma,https://i.audiomack.com/teddyride/ff164e9dd7.webp?width=416,1750000,12500,N/A,16600,"December 13, 2024"
2026-08-12 04:19:24,Teddyride,TeddyrideTAMATAYLAY,https://audiomack.com/teddyride/song/tamataylay,https://i.audiomack.com/teddyride/d509875a22.webp?width=416,28300,459,N/A,115,"July 3, 2026"
2026-08-12 04:19:27,Teddyride,TEDDYRIDEUSE YOUR HEAD,https://audiomack.com/teddyride/song/teddyride-use-your-head,https://i.audiomack.com/teddyride/2aceeec711.webp?width=416,601000,4780,N/A,8260,"September 18, 2023"
2026-08-12 04:19:31,Teddyride,TeddyrideBesa,https://audiomack.com/teddyride/song/besa,https://i.audiomack.com/teddyride/ea4eb115f7.webp?width=416,602000,3840,N/A,5780,"January 25, 2024"
2026-08-12 04:19:34,Teddyride,TeddyrideDeh Jay,https://audiomack.com/teddyride/song/deh-jay,https://i.audiomack.com/teddyride/ae02e4ad32.webp?width=416,180000,1540,N/A,2040,"February 12, 2026"
2026-08-12 04:19:38,Teddyride,TeddyrideLiberian Girl,https://audiomack.com/teddyride/song/liberian-girl,https://i.audiomack.com/teddyride/aca3fb7fe9.webp?width=416,221000,1850,N/A,2240,"November 13, 2025"
2026-08-12 04:19:41,Teddyride,TeddyrideTAKE IT EASY,https://audiomack.com/teddyride/song/take-it-easy,https://i.audiomack.com/teddyride/9e61d30020.webp?width=416,437000,2940,N/A,3770,"May 1, 2025"
2026-08-12 04:19:44,Teddyride,TeddyrideTeddyride   King Solomon,https://audiomack.com/teddyride/song/teddyride-king-solomon,https://i.audiomack.com/darius-teddyride-kumorteh/4c3dfe276f.webp?width=416,151000,523,N/A,881,"August 26, 2021"
2026-08-12 04:19:48,Teddyride,TEDDYRIDEYOU NA KNOW,https://audiomack.com/teddyride/song/teddyride-featfazari-you-na-know,https://i.audiomack.com/teddyride/2aceeec711.webp?width=416,386000,0,N/A,5500,"September 18, 2023"
2026-08-12 04:19:51,Teddyride,TeddyrideTeddyride X Eric Geso Find A Friend,https://audiomack.com/teddyride/song/teddyride-x-eric-geso-find-a-friend,https://i.audiomack.com/darius-teddyride-kumorteh/4c3dfe276f.webp?width=416,211000,798,N/A,1250,"August 26, 2021"
2026-08-12 04:19:55,Teddyride,TeddyrideBeautiful Girl,https://audiomack.com/teddyride/song/beautiful-girl,https://i.audiomack.com/teddyride/f2fc8f822d.webp?width=416,447000,2980,N/A,3020,"August 15, 2025"
2026-08-12 04:19:58,Teddyride,TeddyrideZIGZALAYWA,https://audiomack.com/teddyride/song/zigzalaywa,https://i.audiomack.com/darius-teddyride-kumorteh/98ed3ce4a0.webp?width=416,276000,1490,N/A,2590,"November 16, 2022"
2026-08-12 04:20:02,Teddyride,TeddyrideVlah,https://audiomack.com/teddyride/song/vlah,https://i.audiomack.com/teddyride/7b4a15e03c.webp?width=416,453000,3300,N/A,6680,"July 27, 2024"
2026-08-12 04:20:05,Teddyride,TeddyrideTeddyride Order,https://audiomack.com/teddyride/song/teddyride-order,https://i.audiomack.com/darius-teddyride-kumorteh/4c3dfe276f.webp?width=416,77900,324,N/A,562,"August 26, 2021"
2026-08-12 04:20:09,Teddyride,TeddyrideOn The  low,https://audiomack.com/teddyride/song/on-the-ow,https://i.audiomack.com/darius-teddyride-kumorteh/90cdb51fa3.webp?width=416,73800,411,N/A,520,"November 19, 2020"
2026-08-12 04:20:13,Teddyride,TeddyrideTeddyride   Money Business,https://audiomack.com/teddyride/song/teddyride-money-business,https://i.audiomack.com/darius-teddyride-kumorteh/4c3dfe276f.webp?width=416,138000,437,N/A,898,"August 26, 2021"
2026-08-12 04:20:16,Teddyride,TEDDYRIDETeddyride   Enter ( Prod By Kellz Beatz ),https://audiomack.com/teddyride/song/teddyride-enter-prod-by-kellz-beatz,https://i.audiomack.com/teddyride/2aceeec711.webp?width=416,129000,901,N/A,1370,"September 18, 2023"
2026-08-12 04:20:20,Teddyride,TeddyrideTeddyride X Lucky Bucky   U Able It,https://audiomack.com/teddyride/song/teddyride-x-lucky-bucky-u-able-it,https://i.audiomack.com/darius-teddyride-kumorteh/4c3dfe276f.webp?width=416,90500,405,N/A,738,"August 26, 2021"
2026-08-12 04:20:23,Teddyride,TeddyrideTeddyride Feat. Jzyno   Sweet Sweet Bad Thing,https://audiomack.com/teddyride/song/teddyride-feat-jzyno-sweet-sweet-bad-thing,https://i.audiomack.com/darius-teddyride-kumorteh/4c3dfe276f.webp?width=416,85100,397,N/A,766,"August 26, 2021"
2026-08-12 04:20:27,Teddyride,TeddyrideTeddyride - Pray for me,https://audiomack.com/teddyride/song/teddyride-pray-for-me,https://i.audiomack.com/darius-teddyride-kumorteh/7b6df88ed7.webp?width=416,33200,133,N/A,334,"April 7, 2020"
2026-08-12 04:20:30,Teddyride,TeddyrideGUNSHOT,https://audiomack.com/teddyride/song/gunshot,https://i.audiomack.com/teddyride/108a600104.webp?width=416,183000,1890,N/A,3030,"March 7, 2025"
2026-08-12 04:20:34,Teddyride,TeddyrideDon't Go,https://audiomack.com/teddyride/song/dont-go-official-audio,https://i.audiomack.com/teddyride/5e478465d6.webp?width=416,163000,2540,N/A,2290,"April 30, 2024"
2026-08-12 04:20:37,Teddyride,TeddyrideTeddyride   Bye Bye,https://audiomack.com/teddyride/song/teddyride-bye-bye,https://i.audiomack.com/darius-teddyride-kumorteh/4c3dfe276f.webp?width=416,62000,281,N/A,456,"August 26, 2021"
2026-08-12 04:20:41,Teddyride,TeddyrideTeddyride X D'Ameko   Dance,https://audiomack.com/teddyride/song/teddyride-x-dameko-dance,https://i.audiomack.com/darius-teddyride-kumorteh/4c3dfe276f.webp?width=416,49500,271,N/A,424,"August 26, 2021"
2026-08-12 04:20:44,Teddyride,TeddyrideThis Year,https://audiomack.com/teddyride/song/this-year,https://i.audiomack.com/darius-teddyride-kumorteh/b27a91f279.webp?width=416,50300,429,N/A,212,"May 1, 2022"
2026-08-12 04:20:47,Teddyride,TeddyrideGo Down,https://audiomack.com/teddyride/song/teddyride-go-down,https://i.audiomack.com/darius-teddyride-kumorteh/d1626de1d8.webp?width=416,138000,790,N/A,681,"February 10, 2023"
2026-08-12 04:20:51,Teddyride,TeddyrideBull satan,https://audiomack.com/teddyride/song/bull-satan,https://i.audiomack.com/darius-teddyride-kumorteh/07c02eca32.webp?width=416,12500,66,N/A,141,"September 18, 2020"
2026-08-12 04:20:54,Teddyride,TeddyrideOrange money,https://audiomack.com/teddyride/song/orange-money,https://i.audiomack.com/darius-teddyride-kumorteh/1349213926.webp?width=416,21500,87,N/A,110,"August 14, 2022"
2026-08-12 04:20:58,Teddyride,Da-Vero-Single-Lady-Prod.Kellzbeatz,https://audiomack.com/teddyride/song/single-lady-prodkellzbeatz,https://i.audiomack.com/darius-teddyride-kumorteh/e0eb2b7aad.webp?width=416,9330,52,N/A,84,"October 2, 2020"
2026-08-12 04:21:01,Teddyride,Teddyrideuse your head live,https://audiomack.com/teddyride/song/use-your-head-live,https://i.audiomack.com/teddyride/4a5a1adeba.webp?width=416,9300,76,N/A,72,"November 1, 2023"
2026-08-12 04:21:04,Teddyride,TeddyrideTeddyRide Feat. Tamba Hali - Hosanna,https://audiomack.com/teddyride/song/18202095,https://i.audiomack.com/darius-teddyride-kumorteh/9c807f3b06.webp?width=416,20500,171,N/A,45,"April 27, 2022"
2026-08-12 04:21:08,Teddyride,TeddyrideBull Satan Melody version,https://audiomack.com/teddyride/song/bull-satan-melody-version,https://i.audiomack.com/darius-teddyride-kumorteh/e0eb2b7aad.webp?width=416,4019,23,N/A,23,"October 2, 2020"
2026-08-12 04:21:25,Jaredo,PAGE NOT FOUND,https://audiomack.com/jaredo/song/cinderella,N/A,N/A,N/A,N/A,N/A,N/A
2026-08-12 04:21:28,Jaredo,jaredoTo Be a Man,https://audiomack.com/Jaredo/song/to-be-a-man,https://i.audiomack.com/Jaredo/18779290-c.webp?width=416,534000,4200,N/A,2410,"August 15, 1"
2026-08-12 04:21:32,Jaredo,"jaredo, Lil MoreCan't Complain",https://audiomack.com/Jaredo/song/cant-complain,https://i.audiomack.com/Jaredo/16707513-c.webp?width=416,887000,7250,N/A,7630,"April 18, 2025"
2026-08-12 04:21:35,Jaredo,jaredoBlessings,https://audiomack.com/Jaredo/song/blessings,https://i.audiomack.com/Jaredo/17848161-c.webp?width=416,515000,0,N/A,4320,"June 20, 2025"
2026-08-12 04:21:39,Jaredo,jaredoBus Stop,https://audiomack.com/Jaredo/song/bus-stop,https://i.audiomack.com/Jaredo/18779290-c.webp?width=416,532000,5780,N/A,3920,"August 15, 1"
2026-08-12 04:21:42,Jaredo,jaredoWhy,https://audiomack.com/Jaredo/song/why,https://i.audiomack.com/Jaredo/18779290-c.webp?width=416,275000,3130,N/A,1260,"August 15, 1"
2026-08-12 04:21:46,Jaredo,jaredoFavor Me,https://audiomack.com/Jaredo/song/favor-me,https://i.audiomack.com/Jaredo/18779290-c.webp?width=416,219000,3060,N/A,1040,"August 15, 1"
2026-08-12 04:21:49,Jaredo,jaredoI Dey Okay,https://audiomack.com/Jaredo/song/i-dey-okay,https://i.audiomack.com/Jaredo/18779290-c.webp?width=416,290000,2830,N/A,3060,"August 15, 1"
2026-08-12 04:21:53,Jaredo,jaredoDont Go,https://audiomack.com/Jaredo/song/dont-go,https://i.audiomack.com/Jaredo/11877675-c.webp?width=416,73400,440,N/A,609,"August 8, 2024"
2026-08-12 04:21:56,Jaredo,jaredoTo Know,https://audiomack.com/Jaredo/song/to-know,https://i.audiomack.com/Jaredo/12454953-c.webp?width=416,135000,1290,N/A,2730,"August 30, 2024"
2026-08-12 04:21:59,Jaredo,jaredoBebe,https://audiomack.com/Jaredo/song/bebe,https://i.audiomack.com/Jaredo/11877691-c.webp?width=416,115000,952,N/A,2120,"August 5, 2024"
2026-08-12 04:22:04,Jaredo,jaredoCinderella,https://audiomack.com/Jaredo/song/cinderella,https://i.audiomack.com/Jaredo/69b35012c4.webp?width=416,84500,713,N/A,1340,"December 15, 2023"
2026-08-12 04:22:26,King Dennis,King DennisBorn To Suffer,https://audiomack.com/troublecoming/song/born-to-suffer,https://i.audiomack.com/troublecoming/23fee72ece.webp?width=416,509000,5140,N/A,3170,"July 3, 2026"
2026-08-12 04:22:29,King Dennis,King DennisJunny Brabe,https://audiomack.com/troublecoming/song/junny-brabe,https://i.audiomack.com/troublecoming/c885c61822.webp?width=416,758000,6350,N/A,5580,"March 30, 2026"
2026-08-12 04:22:33,King Dennis,King DennisPatience,https://audiomack.com/troublecoming/song/patience,https://i.audiomack.com/troublecoming/7a1b773ec2.webp?width=416,599000,5120,N/A,4800,"February 12, 2026"
2026-08-12 04:22:36,King Dennis,King DennisMoney Na Water,https://audiomack.com/troublecoming/song/money-na-water,https://i.audiomack.com/troublecoming/f3068b7478.webp?width=416,884000,6790,N/A,7100,"December 13, 2025"
2026-08-12 04:22:39,King Dennis,King Dennis123 Drill,https://audiomack.com/troublecoming/song/king-dennis-123-drill-prod-shadow-beatz,https://i.audiomack.com/kingdennis/cbeb7b139f.webp?width=416,617000,10400,N/A,6800,"October 11, 2024"
2026-08-12 04:22:43,King Dennis,King DennisHustler Anthem,https://audiomack.com/troublecoming/song/hustler-anthem-prod-t-que-beatz-2,https://i.audiomack.com/kingdennis/8a68bfd266.webp?width=416,1380000,9690,N/A,11900,"March 30, 2025"
2026-08-12 04:22:47,King Dennis,King DennisZowahlazo,https://audiomack.com/troublecoming/song/zowahlazo,https://i.audiomack.com/troublecoming/a806cc9478.webp?width=416,737000,7050,N/A,7760,"October 10, 2025"
2026-08-12 04:22:50,King Dennis,King DennisHelp Me Now,https://audiomack.com/troublecoming/song/help-me-now,https://i.audiomack.com/kingdennis/960d3a3607.webp?width=416,817000,6420,N/A,7180,"July 4, 2025"
2026-08-12 04:22:54,King Dennis,King DennisPray,https://audiomack.com/troublecoming/song/king-dennis-pray-prod-shadow-beatzz,https://i.audiomack.com/kingdennis/3bbdd44aa4.webp?width=416,341000,4350,N/A,4520,"July 4, 2024"
2026-08-12 04:22:57,King Dennis,King DennisMama Wayy,https://audiomack.com/troublecoming/song/king-dennis-ft-nuchie-meek-mama-wayy-prod-shadow-beatz,https://i.audiomack.com/kingdennis/3bbdd44aa4.webp?width=416,723000,5670,N/A,11900,"July 4, 2024"
2026-08-12 04:23:01,King Dennis,King DennisProblem,https://audiomack.com/troublecoming/song/king-dennis-problem-ft-barsee-prod-j-nas-beatz-mp-3,https://i.audiomack.com/kingdennis/3bbdd44aa4.webp?width=416,361000,0,N/A,6030,"July 4, 2024"
2026-08-12 04:23:04,King Dennis,King DennisUnbalance,https://audiomack.com/troublecoming/song/king-dennis-unbalance-ft-a-wood-prod-by-flexzzbeatz,https://i.audiomack.com/kingdennis/3bbdd44aa4.webp?width=416,238000,3300,N/A,3600,"July 4, 2024"
2026-08-12 04:23:07,King Dennis,King DennisZawah,https://audiomack.com/troublecoming/song/zawah,https://i.audiomack.com/troublecoming/c7af40b6f8.webp?width=416,333000,3690,N/A,5220,"March 30, 2024"
2026-08-12 04:23:11,King Dennis,King DennisLa u feeding me,https://audiomack.com/troublecoming/song/king-dennis-la-u-feeling-me-prod-by-flexzzbeatz,https://i.audiomack.com/kingdennis/3bbdd44aa4.webp?width=416,194000,3020,N/A,3510,"July 4, 2024"
2026-08-12 04:23:14,King Dennis,King DennisNimba Anthem,https://audiomack.com/troublecoming/song/nimba-anthem,https://i.audiomack.com/troublecoming/3995e132c0.webp?width=416,115000,1210,N/A,769,"January 10, 2026"
2026-08-12 04:23:18,King Dennis,King DennisMoney,https://audiomack.com/troublecoming/song/king-dennis-money-ft-ldrez-prod-flexzzbeatz-2,https://i.audiomack.com/kingdennis/3bbdd44aa4.webp?width=416,171000,2690,N/A,3300,"July 4, 2024"
2026-08-12 04:23:21,King Dennis,King DennisTrouble Coming,https://audiomack.com/troublecoming/song/trouble-coming,https://i.audiomack.com/bilikonent/632bb423ea.webp?width=416,391000,3030,N/A,3030,"May 12, 2023"
2026-08-12 04:23:25,King Dennis,King DennisQuabey,https://audiomack.com/troublecoming/song/king-dennis-quabey-prod-shadow-beatz,https://i.audiomack.com/kingdennis/3bbdd44aa4.webp?width=416,202000,3140,N/A,3710,"July 4, 2024"
2026-08-12 04:23:28,King Dennis,King DennisI Jeh Laugh,https://audiomack.com/troublecoming/song/i-jeh-laugh,https://i.audiomack.com/bilikonent/632bb423ea.webp?width=416,353000,2029,N/A,2550,"May 12, 2023"
2026-08-12 04:23:32,King Dennis,King DennisCome Leh Bet Ly,https://audiomack.com/troublecoming/song/king-dennis-ft-jb-d-general-come-leh-bet-ly-prod-shadow-beatz,https://i.audiomack.com/kingdennis/3bbdd44aa4.webp?width=416,193000,2850,N/A,3980,"July 4, 2024"
2026-08-12 04:23:35,King Dennis,King DennisLa lay fact,https://audiomack.com/troublecoming/song/lalayfact,https://i.audiomack.com/troublecoming/a29b2431fc.webp?width=416,214000,3020,N/A,3440,"January 26, 2024"
2026-08-12 04:23:39,King Dennis,King DennisMy Way Yaah!,https://audiomack.com/troublecoming/song/my-way-yaah-prod-shadow-beatz,https://i.audiomack.com/kingdennis/2c601b8a9d.webp?width=416,514000,5280,N/A,7720,"January 1, 2025"
2026-08-12 04:23:42,King Dennis,King DennisKinkinneekin,https://audiomack.com/troublecoming/song/kinkinneekin-prod-shadow-beatz,https://i.audiomack.com/kingdennis/3fccba04b4.webp?width=416,444000,4320,N/A,6610,"March 7, 2025"
2026-08-12 04:23:46,King Dennis,King DennisJunny Brabe,https://audiomack.com/troublecoming/song/junny-brabe-1,https://i.audiomack.com/troublecoming/8d989edf09.webp?width=416,22000,224,N/A,218,"April 3, 2026"
2026-08-12 04:23:49,King Dennis,King DennisHipCo Alphabet (A to Z ),https://audiomack.com/troublecoming/song/hipco-alphabet-a-to-z,https://i.audiomack.com/bilikonent/880effc95d.webp?width=416,325000,2390,N/A,2460,"March 8, 2023"
2026-08-12 04:23:52,King Dennis,King DennisCheep Gossip,https://audiomack.com/troublecoming/song/king-denis-cheep-gossip-prod-by-flexzzbeatz,https://i.audiomack.com/bilikonent/632bb423ea.webp?width=416,192000,1330,N/A,1580,"May 12, 2023"
2026-08-12 04:23:56,King Dennis,King DennisBook Jimmy,https://audiomack.com/troublecoming/song/book-jimmy,https://i.audiomack.com/bilikonent/00d10c574b.webp?width=416,239000,1600,N/A,1810,"June 28, 2022"
2026-08-12 04:23:59,King Dennis,King DennisS.O so,https://audiomack.com/troublecoming/song/so-so,https://i.audiomack.com/bilikonent/632bb423ea.webp?width=416,186000,1350,N/A,1260,"May 12, 2023"
2026-08-12 04:24:03,King Dennis,King DennisOutside,https://audiomack.com/troublecoming/song/outside,https://i.audiomack.com/bilikonent/632bb423ea.webp?width=416,122000,1110,N/A,1030,"May 12, 2023"
2026-08-12 04:24:06,King Dennis,King DennisPalorpor,https://audiomack.com/troublecoming/song/palorpor-1,https://i.audiomack.com/bilikonent/51eef8a848.webp?width=416,156000,1260,N/A,1230,"December 22, 2022"
2026-08-12 04:24:09,King Dennis,King DennisTimes Table,https://audiomack.com/troublecoming/song/times-table,https://i.audiomack.com/bilikonent/632bb423ea.webp?width=416,158000,1280,N/A,1450,"May 12, 2023"
2026-08-12 04:24:13,King Dennis,King DennisMoney,https://audiomack.com/troublecoming/song/money,https://i.audiomack.com/king-dennis-12/18484622-c.webp?width=416,6850,88,N/A,66,"July 24, 3600"
2026-08-12 04:24:17,King Dennis,King DennisThank You,https://audiomack.com/troublecoming/song/thank-you,https://i.audiomack.com/bilikonent/632bb423ea.webp?width=416,119000,1180,N/A,1100,"May 12, 2023"
2026-08-12 04:24:20,King Dennis,King DennisGreedy Gutt,https://audiomack.com/troublecoming/song/greedy-gutt,https://i.audiomack.com/bilikonent/632bb423ea.webp?width=416,114000,1080,N/A,1030,"May 12, 2023"
2026-08-12 04:24:24,King Dennis,King DennisWassce Anthem,https://audiomack.com/troublecoming/song/wassce-anthem-prod-shadow-beatz,https://i.audiomack.com/kingdennis/b2d919554b.webp?width=416,181000,2160,N/A,2920,"May 17, 2024"
2026-08-12 04:24:27,King Dennis,King DennisCome Leh Bet Lay,https://audiomack.com/troublecoming/song/come-leh-bet-lay,https://i.audiomack.com/king-dennis-12/18484622-c.webp?width=416,14900,113,N/A,144,"July 24, 3600"
2026-08-12 04:24:31,King Dennis,King Dennis(BMT) beg my toes,https://audiomack.com/troublecoming/song/bmt-beg-my-toes,https://i.audiomack.com/bilikonent/cbcb67123c.webp?width=416,97300,757,N/A,892,"September 4, 2023"
2026-08-12 04:24:34,King Dennis,King DennisEhn La U,https://audiomack.com/troublecoming/song/king-dennis-ehn-la-u-prod-shadow-beatz,https://i.audiomack.com/troublecoming/96f88b9f75.webp?width=416,121000,1040,N/A,1530,"April 23, 2024"
2026-08-12 04:24:37,King Dennis,King DennisProblems,https://audiomack.com/troublecoming/song/problems,https://i.audiomack.com/king-dennis-12/18484622-c.webp?width=416,9670,100,N/A,103,"July 24, 3600"
2026-08-12 04:24:41,King Dennis,King DennisI thinking on it,https://audiomack.com/troublecoming/song/i-thinking-on-it,https://i.audiomack.com/bilikonent/d4c0afef48.webp?width=416,115000,866,N/A,927,"November 26, 2023"
2026-08-12 04:24:44,King Dennis,King DennisPray,https://audiomack.com/troublecoming/song/pray,https://i.audiomack.com/king-dennis-12/18484622-c.webp?width=416,9090,104,N/A,66,"July 24, 3600"
2026-08-12 04:24:48,King Dennis,King DennisHustler Anthem,https://audiomack.com/troublecoming/song/hustler-anthem,https://i.audiomack.com/king-dennis-12/18335512-c.webp?width=416,6120,44,N/A,71,"July 11, 2025"
2026-08-12 04:24:52,King Dennis,King DennisBook Jimmy,https://audiomack.com/troublecoming/song/bookjimmy,https://i.audiomack.com/denniskelvinj200/bcb6cce747.webp?width=416,26600,147,N/A,127,"September 11, 2022"
2026-08-12 04:24:55,King Dennis,King DennisHelp Me Now,https://audiomack.com/troublecoming/song/help-me-now-1,https://i.audiomack.com/king-dennis-12/18335928-c.webp?width=416,6990,83,N/A,73,"July 11, 2025"
2026-08-12 04:24:58,King Dennis,King DennisLa You Feeding Me?,https://audiomack.com/troublecoming/song/la-you-feeding-me,https://i.audiomack.com/king-dennis-12/18484622-c.webp?width=416,4410,68,N/A,70,"July 24, 3600"
2026-08-12 04:25:02,King Dennis,King DennisUnbalanced,https://audiomack.com/troublecoming/song/unbalanced,https://i.audiomack.com/king-dennis-12/18484622-c.webp?width=416,5750,81,N/A,65,"July 24, 3600"
2026-08-12 04:25:05,King Dennis,King DennisMama Wayy,https://audiomack.com/troublecoming/song/mama-wayy,https://i.audiomack.com/king-dennis-12/18484622-c.webp?width=416,6800,90,N/A,116,"July 24, 3600"
2026-08-12 04:25:08,King Dennis,King Dennis123 Drill,https://audiomack.com/troublecoming/song/123-drill,https://i.audiomack.com/king-dennis-12/18350380-c.webp?width=416,18300,149,N/A,179,"August 2, 2025"
2026-08-12 04:25:12,King Dennis,King DennisAyyy Free ooo,https://audiomack.com/troublecoming/song/ayyy-free-ooo-prod-shadow-beatz,https://i.audiomack.com/kingdennis/05e6e984ce.webp?width=416,51300,551,N/A,741,"June 21, 2024"
2026-08-12 04:25:15,King Dennis,King DennisQuabey,https://audiomack.com/troublecoming/song/quabey,https://i.audiomack.com/king-dennis-12/18484622-c.webp?width=416,3730,69,N/A,48,"July 24, 3600"
2026-08-12 04:25:19,King Dennis,King DennisMy Way Yaah!,https://audiomack.com/troublecoming/song/my-way-yaah,https://i.audiomack.com/king-dennis-12/18484617-c.webp?width=416,2009,16,N/A,18,"November 9, 2024"
2026-08-12 04:25:23,King Dennis,King DennisZawah,https://audiomack.com/troublecoming/song/zawah-1,https://i.audiomack.com/king-dennis-12/18484627-c.webp?width=416,2320,19,N/A,18,"March 30, 2024"
2026-08-12 04:25:26,King Dennis,King DennisThis Year I Outside,https://audiomack.com/troublecoming/song/16616291,https://i.audiomack.com/denniskelvinj200/12012b5260.webp?width=416,106000,527,N/A,825,"January 9, 2022"
2026-08-12 04:25:30,King Dennis,King DennisPalorpor,https://audiomack.com/troublecoming/song/palorpor,https://i.audiomack.com/denniskelvinj200/71ba5f85f0.webp?width=416,12600,60,N/A,82,"January 26, 2023"
2026-08-12 04:25:33,King Dennis,King DennisBanjo Banjo,https://audiomack.com/troublecoming/song/king-dennis-banjo-banjo-prod-d-nuch,https://i.audiomack.com/denniskelvinj200/1964397be6.webp?width=416,58400,303,N/A,482,"December 18, 2020"
2026-08-12 04:25:53,JZyNo,JZyNoButta My Bread,https://audiomack.com/jzyno/song/butta-my-bread,https://i.audiomack.com/jzyno/b2c9af525a.webp?width=416,59100000,136000,N/A,339000,"April 7, 2023"
2026-08-12 04:25:56,JZyNo,"JZyNo, Wendy ShaySofaya",https://audiomack.com/jzyno/song/sofaya,https://i.audiomack.com/jzyno/15e9648a06.webp?width=416,3620000,24300,N/A,31200,"April 8, 2026"
2026-08-12 04:26:00,JZyNo,JZyNOMood (feat. Khaid),https://audiomack.com/jzyno/song/mood-feat-khaid-6843136,https://i.audiomack.com/jzyno/9e082023bc.webp?width=416,4260000,30900,N/A,56700,"July 26, 2024"
2026-08-12 04:26:04,JZyNo,JZyNOProfeh,https://audiomack.com/jzyno/song/profeh,https://i.audiomack.com/jzyno/6ef578bbb6.webp?width=416,1690000,19300,N/A,17400,"December 20, 2024"
2026-08-12 04:26:08,JZyNo,JZyNoEyes On You,https://audiomack.com/jzyno/song/eyes-on-you,https://i.audiomack.com/jzyno/5197d39b20.webp?width=416,6350000,37100,N/A,84100,"October 6, 2023"
2026-08-12 04:26:12,JZyNo,JZyNOJoy,https://audiomack.com/jzyno/song/joy,https://i.audiomack.com/jzyno/619960ede2.webp?width=416,1880000,18700,N/A,30700,"September 13, 2024"
2026-08-12 04:26:15,JZyNo,"JZyNo, Nasty C, Sid Sriram feat. LasmidButta My Bread (Remix)",https://audiomack.com/jzyno/song/butta-my-bread-remix,https://i.audiomack.com/jzyno/107110f869.webp?width=416,3250000,24900,N/A,19100,"May 10, 2024"
2026-08-12 04:26:19,JZyNo,JZyNOFinally,https://audiomack.com/jzyno/song/finally,https://i.audiomack.com/jzyno/bbac9154c0.webp?width=416,1650000,15200,N/A,20300,"June 21, 2024"
2026-08-12 04:26:22,JZyNo,JZyNOTetato,https://audiomack.com/jzyno/song/tetato-9025027,https://i.audiomack.com/jzyno/c270a3b01f.webp?width=416,728000,9490,N/A,9340,"November 7, 2025"
2026-08-12 04:26:26,JZyNo,JZyNO & The GameGo Down,https://audiomack.com/jzyno/song/go-down,https://i.audiomack.com/jzyno/2a2c4b2a7b.webp?width=416,1850000,14400,N/A,22300,"April 25, 2025"
2026-08-12 04:26:29,JZyNo,"JZyNO, Christoph The ChangeBabe",https://audiomack.com/jzyno/song/babe,https://i.audiomack.com/jzyno/619960ede2.webp?width=416,568000,8620,N/A,8130,"September 13, 2024"
2026-08-12 04:26:33,JZyNo,JZyNoYakunay,https://audiomack.com/jzyno/song/yakunay,https://i.audiomack.com/jzyno/56188d5aee.webp?width=416,2440000,15400,N/A,24200,"December 22, 2023"
2026-08-12 04:26:37,JZyNo,"JZyNO, Jaywillz360",https://audiomack.com/jzyno/song/360,https://i.audiomack.com/jzyno/619960ede2.webp?width=416,381000,360,N/A,5010,"September 13, 2024"
2026-08-12 04:26:40,JZyNo,JZyNo feat. LasmidButta My Bread,https://audiomack.com/jzyno/song/butta-my-bread-2,https://i.audiomack.com/jzyno/1beb399152.webp?width=416,17600,129,N/A,271,"January 5, 2024"
2026-08-12 04:26:44,JZyNo,JZyNoAll You Want,https://audiomack.com/jzyno/song/jzyno-all-you-want,https://i.audiomack.com/jzyno/83b4433d46.webp?width=416,740000,3510,N/A,5860,"August 7, 2021"
2026-08-12 04:26:47,JZyNo,JZyNOTrust Issues,https://audiomack.com/jzyno/song/trust-issues,https://i.audiomack.com/jzyno/619960ede2.webp?width=416,249000,444,N/A,3980,"September 13, 2024"
2026-08-12 04:26:51,JZyNo,JZyNoFall Down Inside (FDI),https://audiomack.com/jzyno/song/fall-down-inside-fdi,https://i.audiomack.com/jzyno/7b94af5032.webp?width=416,1340000,4260,N/A,3150,"April 8, 2022"
2026-08-12 04:26:54,JZyNo,JZyNoONANA,https://audiomack.com/jzyno/song/onana,https://i.audiomack.com/jzyno/09c19c1bbf.webp?width=416,1220000,5340,N/A,6590,"November 25, 2022"
2026-08-12 04:26:58,JZyNo,JZyNoKpan Kpan Me,https://audiomack.com/jzyno/song/kpan-kpan-me,https://i.audiomack.com/j-lee-muzic/1ccc0f12b6.webp?width=416,153000,621,N/A,1210,"December 13, 2019"
2026-08-12 04:27:01,JZyNo,JZyNoAllowed,https://audiomack.com/jzyno/song/allowed,https://i.audiomack.com/jzyno/83b4433d46.webp?width=416,211000,1480,N/A,1870,"August 7, 2021"
2026-08-12 04:27:04,JZyNo,JZyNo feat. LasmidButta My Bread (Yves V Remix),https://audiomack.com/jzyno/song/butta-my-bread-yves-v-remix-1,https://i.audiomack.com/jzyno/1beb399152.webp?width=416,6380,64,N/A,45,"January 5, 2024"
2026-08-12 04:27:08,JZyNo,JZyNoI Like It,https://audiomack.com/jzyno/song/14425900,https://i.audiomack.com/jzyno/8ac76da325.webp?width=416,207000,1360,N/A,1280,"July 21, 2021"
2026-08-12 04:27:11,JZyNo,JZyNoOLoLo,https://audiomack.com/jzyno/song/ololo,https://i.audiomack.com/jzyno/83b4433d46.webp?width=416,292000,1670,N/A,2770,"August 7, 2021"
2026-08-12 04:27:15,JZyNo,JZyNoLet’s Flex,https://audiomack.com/jzyno/song/lets-flex,https://i.audiomack.com/jzyno/83b4433d46.webp?width=416,138000,1120,N/A,1500,"August 7, 2021"
2026-08-12 04:27:18,JZyNo,JZyNoDuDuKeh,https://audiomack.com/jzyno/song/dudukeh,https://i.audiomack.com/jzyno/83b4433d46.webp?width=416,131000,1130,N/A,1490,"August 7, 2021"
2026-08-12 04:27:22,JZyNo,JZyNoSave Me,https://audiomack.com/jzyno/song/save-me,https://i.audiomack.com/jzyno/83b4433d46.webp?width=416,202000,1410,N/A,1960,"August 7, 2021"
2026-08-12 04:27:25,JZyNo,JZyNoSlow Mo,https://audiomack.com/jzyno/song/slow-mo,https://i.audiomack.com/j-lee-muzic/981c28ceb8.webp?width=416,132000,728,N/A,1440,"August 11, 2019"
2026-08-12 04:27:29,JZyNo,JZyNoWocho,https://audiomack.com/jzyno/song/wocho,https://i.audiomack.com/jzyno/b08ee2789d.webp?width=416,196000,826,,633,"December 15, 2021"
2026-08-12 04:27:32,JZyNo,JZyNoMamie Watta,https://audiomack.com/jzyno/song/mamie-watta,https://i.audiomack.com/jzyno/dcf44bc353.webp?width=416,200000,793,N/A,983,"April 13, 2021"
2026-08-12 04:27:36,JZyNo,JZyNoAmi,https://audiomack.com/jzyno/song/ami,https://i.audiomack.com/jzyno/cb3ea28212.webp?width=416,241000,1670,N/A,1210,"August 5, 2022"
2026-08-12 04:27:39,JZyNo,JZyNo feat. LasmidButta My Bread (Sped Up),https://audiomack.com/jzyno/song/butta-my-bread-sped-up,https://i.audiomack.com/jzyno/aec758120a.webp?width=416,29500,438,N/A,368,"April 7, 2023"
2026-08-12 04:27:43,JZyNo,JZyNoMarry You,https://audiomack.com/jzyno/song/marry-you,https://i.audiomack.com/jzyno/dcc0ba309d.webp?width=416,40600,185,N/A,253,"November 12, 2020"
2026-08-12 04:27:46,JZyNo,JZyNoI'm Tired,https://audiomack.com/jzyno/song/im-tired,https://i.audiomack.com/jzyno/8f26229a79.webp?width=416,52100,309,N/A,455,"June 29, 2020"
2026-08-12 04:27:50,JZyNo,JZyNoDon't Kill My Vibe,https://audiomack.com/jzyno/song/dont-kill-my-vibes,https://i.audiomack.com/jzyno/2a0a8a9b67.webp?width=416,61700,445,N/A,381,"October 22, 2021"
2026-08-12 04:27:53,JZyNo,JZyNoRula,https://audiomack.com/jzyno/song/rula,https://i.audiomack.com/jzyno/99dda6a2e1.webp?width=416,90900,405,N/A,334,"February 5, 2021"
2026-08-12 04:27:56,JZyNo,JZyNoFreshBoy Freestyle,https://audiomack.com/jzyno/song/freshboy-freestyle,https://i.audiomack.com/j-lee-muzic/43cb777fee.webp?width=416,15400,118,N/A,132,"August 11, 2019"
2026-08-12 04:28:00,JZyNo,JZyNoASK (FREESTYLE),https://audiomack.com/jzyno/song/jzyno-ask-freestyle,https://i.audiomack.com/jzyno/e89bf312b9.webp?width=416,83400,403,N/A,643,"July 8, 2022"
2026-08-12 04:28:03,JZyNo,JZyNoDIFFERENT,https://audiomack.com/jzyno/song/different,https://i.audiomack.com/jzyno/493bff5bf8.webp?width=416,39500,654,N/A,360,"September 17, 2021"
2026-08-12 04:28:23,C.I.C,C.I.C & PeruzziNobody,https://audiomack.com/cralorboi_cic/song/nobody,https://i.audiomack.com/cralorboi_cic/882a28cb2b.webp?width=416,484000,2790,N/A,1510,"August 7, 2026"
2026-08-12 04:28:27,C.I.C,C.I.CCongratulations,https://audiomack.com/cralorboi_cic/song/congratulations,https://i.audiomack.com/cralorboi_cic/9813336-co.webp?width=416,1820000,15800,N/A,21800,"February 23, 2024"
2026-08-12 04:28:30,C.I.C,C.I.COne Day,https://audiomack.com/cralorboi_cic/song/one-day,https://i.audiomack.com/cralorboi_cic/11865034-c.webp?width=416,2250000,15400,N/A,32299,"July 30, 2024"
2026-08-12 04:28:34,C.I.C,C.I.CHappy,https://audiomack.com/cralorboi_cic/song/happy,https://i.audiomack.com/cralorboi_cic/183cd5eefa.webp?width=416,1390000,12000,N/A,15500,"May 9, 2025"
2026-08-12 04:28:37,C.I.C,C.I.CPlearjay,https://audiomack.com/cralorboi_cic/song/plearjay,https://i.audiomack.com/cralorboi_cic/18141318-c.webp?width=416,1260000,8840,N/A,13400,"July 23, 2025"
2026-08-12 04:28:41,C.I.C,C.I.CDon't Give up on Me,https://audiomack.com/cralorboi_cic/song/dont-give-up-on-me-1,https://i.audiomack.com/cralorboi_cic/18141318-c.webp?width=416,245000,3430,N/A,2230,"July 23, 2025"
2026-08-12 04:28:44,C.I.C,SOGHigh,https://audiomack.com/cralorboi_cic/song/high,https://i.audiomack.com/cralorboi-cic/c16aa4c513.webp?width=416,344000,1590,N/A,3450,"April 4, 2020"
2026-08-12 04:28:47,C.I.C,C.I.CMorning,https://audiomack.com/cralorboi_cic/song/morning,https://i.audiomack.com/cralorboi_cic/3c9527d22a.webp?width=416,389000,1870,N/A,5330,"May 1, 2023"
2026-08-12 04:28:51,C.I.C,C.I.CIntro,https://audiomack.com/cralorboi_cic/song/intro,https://i.audiomack.com/cralorboi_cic/18141318-c.webp?width=416,258000,3520,N/A,1820,"July 23, 2025"
2026-08-12 04:28:54,C.I.C,CICBaby,https://audiomack.com/cralorboi_cic/song/cic-babyxldrez,https://i.audiomack.com/cralorboi-cic/40ee76a91b.webp?width=416,307000,1260,N/A,3760,"June 3, 2020"
2026-08-12 04:28:58,C.I.C,C.I.CHeaven,https://audiomack.com/cralorboi_cic/song/heaven,https://i.audiomack.com/cralorboi_cic/18141318-c.webp?width=416,402000,3510,N/A,2630,"July 23, 2025"
2026-08-12 04:29:01,C.I.C,C.I.CHala Me,https://audiomack.com/cralorboi_cic/song/hala-me,https://i.audiomack.com/cralorboi_cic/18141318-c.webp?width=416,247000,0,N/A,2070,"July 23, 2025"
2026-08-12 04:29:05,C.I.C,C.I.CDahtor,https://audiomack.com/cralorboi_cic/song/dahtor,https://i.audiomack.com/cralorboi_cic/8900d7f8e9.webp?width=416,1140000,10400,N/A,21600,"August 4, 2023"
2026-08-12 04:29:08,C.I.C,C.I.CReverse,https://audiomack.com/cralorboi_cic/song/cic-reverse-ft-jaredo,https://i.audiomack.com/cralorboi_cic/3c9527d22a.webp?width=416,184000,1060,N/A,1710,"May 1, 2023"
2026-08-12 04:29:11,C.I.C,C.I.CFine,https://audiomack.com/cralorboi_cic/song/fine,https://i.audiomack.com/cralorboi_cic/18141318-c.webp?width=416,143000,2750,N/A,1640,"July 23, 2025"
2026-08-12 04:29:15,C.I.C,C.I.CMUMU ft Iyanya X Jaredo,https://audiomack.com/cralorboi_cic/song/mumu-ft-iyanya-x-jaredo,https://i.audiomack.com/cralorboi_cic/3c9527d22a.webp?width=416,156000,905,N/A,1520,"May 1, 2023"
2026-08-12 04:29:18,C.I.C,C.I.CForever,https://audiomack.com/cralorboi_cic/song/forever,https://i.audiomack.com/cralorboi_cic/18141318-c.webp?width=416,111000,2340,N/A,1500,"July 23, 2025"
2026-08-12 04:29:22,C.I.C,C.I.CYou,https://audiomack.com/cralorboi_cic/song/you,https://i.audiomack.com/cralorboi_cic/18141318-c.webp?width=416,191000,2360,N/A,1690,"July 23, 2025"
2026-08-12 04:29:25,C.I.C,C.I.CAyy Mehn,https://audiomack.com/cralorboi_cic/song/ayy-mehn,https://i.audiomack.com/cralorboi_cic/18141318-c.webp?width=416,196000,2370,N/A,1560,"July 23, 2025"
2026-08-12 04:29:29,C.I.C,C.I.CBig Papa,https://audiomack.com/cralorboi_cic/song/big-papa,https://i.audiomack.com/cralorboi_cic/3c9527d22a.webp?width=416,127000,800,N/A,1560,"May 1, 2023"
2026-08-12 04:29:32,C.I.C,C.I.CAll to Myself,https://audiomack.com/cralorboi_cic/song/all-to-myself,https://i.audiomack.com/cralorboi_cic/18141318-c.webp?width=416,112000,2290,N/A,1490,"July 23, 2025"
2026-08-12 04:29:35,C.I.C,C.I.CPon It,https://audiomack.com/cralorboi_cic/song/pon-it,https://i.audiomack.com/cralorboi_cic/362aeb4ba9.webp?width=416,161000,625,N/A,1000,"July 23, 2021"
2026-08-12 04:29:39,C.I.C,C.I.CThick,https://audiomack.com/cralorboi_cic/song/thick,https://i.audiomack.com/cralorboi_cic/18141318-c.webp?width=416,123000,2850,N/A,2240,"July 23, 2025"
2026-08-12 04:29:42,C.I.C,C.I.CFvck with It,https://audiomack.com/cralorboi_cic/song/fvck-with-it,https://i.audiomack.com/cralorboi_cic/18141318-c.webp?width=416,94500,2150,N/A,1420,"July 23, 2025"
2026-08-12 04:29:46,C.I.C,C.I.CDON'T GIVE UP ON ME,https://audiomack.com/cralorboi_cic/song/cic-dont-give-up-on-me-mp3,https://i.audiomack.com/cralorboi_cic/c848750f17.webp?width=416,651000,3570,N/A,4840,"February 3, 2023"
2026-08-12 04:29:49,C.I.C,C.I.CCIC FT ARAMIDE  LOVE,https://audiomack.com/cralorboi_cic/song/cic-ft-aramide-love,https://i.audiomack.com/cralorboi_cic/3c9527d22a.webp?width=416,68300,501,N/A,713,"May 1, 2023"
2026-08-12 04:29:52,C.I.C,C.I.CJoromi,https://audiomack.com/cralorboi_cic/song/joromi,https://i.audiomack.com/cralorboi_cic/11865034-c.webp?width=416,360000,3230,N/A,5620,"July 30, 2024"
2026-08-12 04:29:56,C.I.C,C.I.CFIRE,https://audiomack.com/cralorboi_cic/song/x2downloadapp-fire-128-kbps,https://i.audiomack.com/cralorboi_cic/3c9527d22a.webp?width=416,65500,529,N/A,776,"May 1, 2023"
2026-08-12 04:29:59,C.I.C,C.I.CEver Since Jue,https://audiomack.com/cralorboi_cic/song/ever-since-jue-128-kbps,https://i.audiomack.com/cralorboi_cic/3c9527d22a.webp?width=416,63900,499,N/A,731,"May 1, 2023"
2026-08-12 04:30:03,C.I.C,C.I.CCommander,https://audiomack.com/cralorboi_cic/song/commander,https://i.audiomack.com/cralorboi_cic/3c9527d22a.webp?width=416,52700,447,N/A,623,"May 1, 2023"
2026-08-12 04:30:06,C.I.C,C.I.CDon Alhaji (128 Kbps),https://audiomack.com/cralorboi_cic/song/don-alhaji-128-kbps,https://i.audiomack.com/cralorboi_cic/3c9527d22a.webp?width=416,58100,519,N/A,703,"May 1, 2023"
2026-08-12 04:30:09,C.I.C,C.I.CCIC   God Dammit Ft. Medikal,https://audiomack.com/cralorboi_cic/song/cic-god-dammit-ft-medikal,https://i.audiomack.com/cralorboi_cic/3c9527d22a.webp?width=416,59800,503,N/A,726,"May 1, 2023"
2026-08-12 04:30:13,C.I.C,C.I.CLiberia,https://audiomack.com/cralorboi_cic/song/liberia,https://i.audiomack.com/cralorboi_cic/11841390-c.webp?width=416,43700,460,N/A,407,"August 18, 2024"
2026-08-12 04:30:16,C.I.C,C.I.CToo Much Money,https://audiomack.com/cralorboi_cic/song/too-much-money,https://i.audiomack.com/cralorboi-cic/11dcb90ccb.webp?width=416,151000,774,N/A,1110,"July 23, 2022"
2026-08-12 04:30:20,C.I.C,CICPruh (freestyle),https://audiomack.com/cralorboi_cic/song/pruh-freestyle,https://i.audiomack.com/cralorboi-cic/2fc2512f6d.webp?width=416,48900,230,N/A,388,"March 20, 2020"
2026-08-12 04:30:23,C.I.C,CICSexolation,https://audiomack.com/cralorboi_cic/song/sexolation,https://i.audiomack.com/cralorboi-cic/8c24dd8b8f.webp?width=416,111000,525,N/A,641,"April 17, 2020"
2026-08-12 04:30:27,C.I.C,C.I.CDon't Give up on Me,https://audiomack.com/cralorboi_cic/song/dont-give-up-on-me,https://i.audiomack.com/cralorboi_cic/6103814-co.webp?width=416,10700,40,N/A,82,"February 3, 2023"
2026-08-12 04:30:53,MC CARO,MC CAROCooking,https://audiomack.com/mccaro/song/cooking,https://i.audiomack.com/mccaro/877bf9620b.webp?width=416,121000,1070,N/A,987,"August 7, 2026"
2026-08-12 04:30:56,MC CARO,MC CAROToo much to pack,https://audiomack.com/mccaro/song/too-much-to-pack,https://i.audiomack.com/mccaro/88fa1306ad.webp?width=416,106000,899,N/A,774,"July 30, 2026"
2026-08-12 04:31:00,MC CARO,MC CAROCall me na na,https://audiomack.com/mccaro/song/call-me-na-na,https://i.audiomack.com/mccaro/2e94f88f3a.webp?width=416,271000,2670,N/A,2050,"July 10, 2026"
2026-08-12 04:31:03,MC CARO,MC CAROShot For Me,https://audiomack.com/mccaro/song/shot-for-me,https://i.audiomack.com/mccaro/42cee3c356.webp?width=416,981000,8640,N/A,11000,"November 28, 2025"
2026-08-12 04:31:07,MC CARO,MC CAROGoal,https://audiomack.com/mccaro/song/goal,https://i.audiomack.com/mccaro/4a3416f361.webp?width=416,1320000,11800,N/A,15200,"November 14, 2024"
2026-08-12 04:31:10,MC CARO,MC CAROWave,https://audiomack.com/mccaro/song/wave,https://i.audiomack.com/mccaro/88fa1306ad.webp?width=416,4010,144,N/A,48,"July 30, 2026"
2026-08-12 04:31:14,MC CARO,MC CARORun away,https://audiomack.com/mccaro/song/run-away,https://i.audiomack.com/mccaro/88fa1306ad.webp?width=416,3670,143,N/A,46,"July 30, 2026"
2026-08-12 04:31:17,MC CARO,MC CARONo excuses,https://audiomack.com/mccaro/song/no-excuses,https://i.audiomack.com/mccaro/86a4751baf.webp?width=416,314000,0,N/A,4550,"September 26, 2025"
2026-08-12 04:31:20,MC CARO,MC CAROFiancé,https://audiomack.com/mccaro/song/finance-ft-harmonize-master-mp3,https://i.audiomack.com/mccaro/42cee3c356.webp?width=416,365000,2390,N/A,5770,"November 28, 2025"
2026-08-12 04:31:24,MC CARO,MC CAROYayaha,https://audiomack.com/mccaro/song/yayaha,https://i.audiomack.com/mccaro/88fa1306ad.webp?width=416,2640,127,N/A,38,"July 30, 2026"
2026-08-12 04:31:27,MC CARO,MC CAROBaby,https://audiomack.com/mccaro/song/baby,https://i.audiomack.com/mccaro/891d7a4069.webp?width=416,1080000,6680,N/A,11600,"November 29, 2022"
2026-08-12 04:31:31,MC CARO,MC CAROFreh,https://audiomack.com/mccaro/song/mc-caro-fresh,https://i.audiomack.com/mccaro/42cee3c356.webp?width=416,106000,1560,N/A,981,"November 28, 2025"
2026-08-12 04:31:34,MC CARO,MC CAROU HEAR  Me,https://audiomack.com/mccaro/song/u-hear-me,https://i.audiomack.com/mccaro/7317e212af.webp?width=416,229000,2890,N/A,3820,"September 26, 2025"
2026-08-12 04:31:38,MC CARO,MC CAROGlobal soldier,https://audiomack.com/mccaro/song/global-solider,https://i.audiomack.com/mccaro/42cee3c356.webp?width=416,60200,1350,N/A,1150,"November 28, 2025"
2026-08-12 04:31:41,MC CARO,MC CAROLiberia la  Ur Mate,https://audiomack.com/mccaro/song/liberia-la-ur-mate,https://i.audiomack.com/mccaro/c74caca938.webp?width=416,729000,4910,N/A,12100,"June 12, 2024"
2026-08-12 04:31:45,MC CARO,MC CAROWho u knw,https://audiomack.com/mccaro/song/who-u-knw,https://i.audiomack.com/mccaro/2afa0d0f53.webp?width=416,336000,2600,N/A,5010,"June 6, 2025"
2026-08-12 04:31:48,MC CARO,MC CAROLandlord,https://audiomack.com/mccaro/song/landlord,https://i.audiomack.com/mccaro/0bc98fc320.webp?width=416,474000,3550,N/A,7970,"February 28, 2025"
2026-08-12 04:31:51,MC CARO,MC CAROErryday,https://audiomack.com/mccaro/song/erryday-1,https://i.audiomack.com/mccaro/003541f7fd.webp?width=416,120000,1520,N/A,2290,"April 18, 2025"
2026-08-12 04:31:55,MC CARO,Mc caro ft ChristophDudu,https://audiomack.com/mccaro/song/dudu,https://i.audiomack.com/mc-caro/e0f999c535.webp?width=416,66400,265,N/A,447,"March 30, 2020"
2026-08-12 04:31:58,MC CARO,MC CAROWazup,https://audiomack.com/mccaro/song/mc-caro-wazup,https://i.audiomack.com/mccaro/42cee3c356.webp?width=416,38500,914,N/A,678,"November 28, 2025"
2026-08-12 04:32:02,MC CARO,MC CAROMelody,https://audiomack.com/mccaro/song/melody,https://i.audiomack.com/mccaro/a2bdeef430.webp?width=416,53800,474,N/A,591,"July 23, 2021"
2026-08-12 04:32:05,MC CARO,MC CAROSide chick cry,https://audiomack.com/mccaro/song/side-chick-cry,https://i.audiomack.com/mccaro/a2bdeef430.webp?width=416,141000,686,N/A,1040,"July 23, 2021"
2026-08-12 04:32:09,MC CARO,MC CAROYAYOYOYA,https://audiomack.com/mccaro/song/yayoyoya,https://i.audiomack.com/mccaro/49df6ddd91.webp?width=416,650000,3230,N/A,3850,"May 4, 2023"
2026-08-12 04:32:12,MC CARO,MC CAROForkor,https://audiomack.com/mccaro/song/forkor,https://i.audiomack.com/mccaro/a2bdeef430.webp?width=416,121000,677,N/A,952,"July 23, 2021"
2026-08-12 04:32:16,MC CARO,MC CAROStill Broke (Intro),https://audiomack.com/mccaro/song/still-broke-intro,https://i.audiomack.com/mccaro/c74caca938.webp?width=416,150000,1750,N/A,1860,"June 12, 2024"
2026-08-12 04:32:19,MC CARO,MC CAROPull up,https://audiomack.com/mccaro/song/pullup,https://i.audiomack.com/KINGCARO/408499c3f2.webp?width=416,107000,634,N/A,908,"August 10, 2020"
2026-08-12 04:32:23,MC CARO,MC CAROELEVEN,https://audiomack.com/mccaro/song/eleven,https://i.audiomack.com/mccaro/2e22c6bf4e.webp?width=416,539000,2900,N/A,3880,"June 1, 2023"
2026-08-12 04:32:26,MC CARO,MC CARONo Feeling for me,https://audiomack.com/mccaro/song/no-feeling-for-me-mp3,https://i.audiomack.com/mccaro/a2bdeef430.webp?width=416,95600,594,N/A,859,"July 23, 2021"
2026-08-12 04:32:29,MC CARO,MC CAROWin,https://audiomack.com/mccaro/song/win,https://i.audiomack.com/mccaro/3b4b458e2e.webp?width=416,414000,3280,N/A,6150,"October 27, 2023"
2026-08-12 04:32:33,MC CARO,MC CAROSmoke,https://audiomack.com/mccaro/song/smoke,https://i.audiomack.com/mccaro/a2bdeef430.webp?width=416,114000,684,N/A,925,"July 23, 2021"
2026-08-12 04:32:36,MC CARO,MC CAROBang,https://audiomack.com/mccaro/song/bang,https://i.audiomack.com/mccaro/c74caca938.webp?width=416,260000,2570,N/A,5040,"June 12, 2024"
2026-08-12 04:32:40,MC CARO,MC CAROHelebor Me,https://audiomack.com/mccaro/song/helebor-me,https://i.audiomack.com/mccaro/b69041078d.webp?width=416,187000,1550,N/A,3320,"February 24, 2025"
2026-08-12 04:32:43,MC CARO,MC CAROFine,https://audiomack.com/mccaro/song/fine,https://i.audiomack.com/mccaro/a2bdeef430.webp?width=416,50200,448,N/A,552,"July 23, 2021"
2026-08-12 04:32:46,MC CARO,MC CARODid It,https://audiomack.com/mccaro/song/did-it,https://i.audiomack.com/mccaro/0ba1bd1726.webp?width=416,119000,1240,N/A,2250,"February 24, 2025"
2026-08-12 04:32:50,MC CARO,MC CAROSholee lit,https://audiomack.com/mccaro/song/sholee-lit,https://i.audiomack.com/mccaro/f5ca54afda.webp?width=416,189000,1970,N/A,3070,"February 14, 2025"
2026-08-12 04:32:53,MC CARO,MC CARODo Me,https://audiomack.com/mccaro/song/do-me-prod-smykid,https://i.audiomack.com/mccaro/a2bdeef430.webp?width=416,31600,346,N/A,396,"July 23, 2021"
2026-08-12 04:32:57,MC CARO,MC CAROAy way be fine,https://audiomack.com/mccaro/song/ay-way-be-fine,https://i.audiomack.com/mccaro/7bd671396e.webp?width=416,156000,1490,N/A,2009,"April 18, 2025"
2026-08-12 04:33:00,MC CARO,MC CAROBeat It,https://audiomack.com/mccaro/song/beat-it-prod-smykidmp3,https://i.audiomack.com/mccaro/c74caca938.webp?width=416,59300,996,N/A,1170,"June 12, 2024"
2026-08-12 04:33:03,MC CARO,MC CAROUmm hum,https://audiomack.com/mccaro/song/umm-hum-1,https://i.audiomack.com/mccaro/43e3156f6a.webp?width=416,292000,1140,N/A,1830,"June 1, 2023"
2026-08-12 04:33:07,MC CARO,MC CAROPop,https://audiomack.com/mccaro/song/mc-caro-pop,https://i.audiomack.com/mccaro/c74caca938.webp?width=416,277000,2150,N/A,3600,"June 12, 2024"
2026-08-12 04:33:10,MC CARO,MC CAROMY WAY,https://audiomack.com/mccaro/song/my-way,https://i.audiomack.com/mccaro/0d82bd1671.webp?width=416,180000,1320,N/A,794,"December 12, 2022"
2026-08-12 04:33:14,MC CARO,MC CAROOne Dance,https://audiomack.com/mccaro/song/one-dance-ft-nuchie-meek-mp3,https://i.audiomack.com/mccaro/a2bdeef430.webp?width=416,125000,759,N/A,1040,"July 23, 2021"
2026-08-12 04:33:17,MC CARO,MC CAROIntro,https://audiomack.com/mccaro/song/intro,https://i.audiomack.com/mccaro/a2bdeef430.webp?width=416,115000,712,N/A,670,"July 23, 2021"
2026-08-12 04:33:21,MC CARO,MC CAROMy Gee (freestyle ),https://audiomack.com/mccaro/song/my-gee-freestyle,https://i.audiomack.com/mccaro/7d775ca05a.webp?width=416,253000,1890,N/A,3370,"January 17, 2024"
2026-08-12 04:33:24,MC CARO,MC CAROAmakolo,https://audiomack.com/mccaro/song/amakolo,https://i.audiomack.com/mccaro/4541dfab91.webp?width=416,73300,1180,N/A,1670,"June 12, 2024"
2026-08-12 04:33:27,MC CARO,MC CAROBroke n Famous,https://audiomack.com/mccaro/song/broke-n-famous,https://i.audiomack.com/mccaro/6d379aa301.webp?width=416,44800,681,N/A,969,"February 14, 2025"
2026-08-12 04:33:31,MC CARO,MC CAROUncle Solomon,https://audiomack.com/mccaro/song/uncle-solomon,https://i.audiomack.com/mc-caro/c185c70291.webp?width=416,8650,52,N/A,93,"March 30, 2020"
2026-08-12 04:33:34,MC CARO,MC CAROFashion Killah,https://audiomack.com/mccaro/song/fashion-killah,https://i.audiomack.com/mccaro/c74caca938.webp?width=416,56300,935,N/A,1200,"June 12, 2024"
2026-08-12 04:33:38,MC CARO,MC CAROCommon sense,https://audiomack.com/mccaro/song/common-sense,https://i.audiomack.com/mccaro/a2bdeef430.webp?width=416,91000,586,N/A,572,"July 23, 2021"
2026-08-12 04:33:41,MC CARO,MC CAROOn Test,https://audiomack.com/mccaro/song/on-test,https://i.audiomack.com/mccaro/0bc98fc320.webp?width=416,26700,424,N/A,601,"February 28, 2025"
2026-08-12 04:33:45,MC CARO,MC CAROSpot on fire,https://audiomack.com/mccaro/song/spot-on-fire,https://i.audiomack.com/mccaro/5af0bccb98.webp?width=416,225000,1470,N/A,1360,"August 4, 2022"
2026-08-12 04:33:48,MC CARO,MC CAROWah Do U Want,https://audiomack.com/mccaro/song/mc-caro-ft-wicked-hyndrx-wah-do-u-want,https://i.audiomack.com/mccaro/c74caca938.webp?width=416,48700,842,N/A,1150,"June 12, 2024"
2026-08-12 04:33:52,MC CARO,MC CAROCinderella,https://audiomack.com/mccaro/song/cinderella,https://i.audiomack.com/mccaro/33a7974889.webp?width=416,75100,511,N/A,615,"April 9, 2021"
2026-08-12 04:33:55,MC CARO,MC CAROChapter,https://audiomack.com/mccaro/song/chapter,https://i.audiomack.com/mccaro/11b4eb3630.webp?width=416,37300,638,N/A,926,"February 14, 2025"
2026-08-12 04:33:59,MC CARO,MC CAROPrice,https://audiomack.com/mccaro/song/price,https://i.audiomack.com/mccaro/656ac06495.webp?width=416,204000,1610,N/A,1690,"August 5, 2022"
2026-08-12 04:34:02,MC CARO,MC CAROGimme love (freestyle ),https://audiomack.com/mccaro/song/gimme-love,https://i.audiomack.com/mccaro/b72a129fa3.webp?width=416,160000,1270,N/A,1840,"February 12, 2024"
2026-08-12 04:34:06,MC CARO,MC CaroBaby,https://audiomack.com/mccaro/song/baby-1,https://i.audiomack.com/mc-caro-4/13538318-5.webp?width=416,3620,21,N/A,51,"January 20, 2023"
2026-08-12 04:34:10,MC CARO,MC CAROVroom,https://audiomack.com/mccaro/song/vroom,https://i.audiomack.com/mccaro/311a13010a.webp?width=416,69600,494,N/A,532,"July 23, 2021"
2026-08-12 04:34:13,MC CARO,MC CAROKukwan,https://audiomack.com/mccaro/song/kukwan,https://i.audiomack.com/mccaro/c74caca938.webp?width=416,29200,704,N/A,1010,"June 12, 2024"
2026-08-12 04:34:17,MC CARO,MC CAROClassic,https://audiomack.com/mccaro/song/classic-prod-smykid,https://i.audiomack.com/mccaro/c74caca938.webp?width=416,32600,736,N/A,1060,"June 12, 2024"
2026-08-12 04:34:20,MC CARO,MC CAROLooka u  (freestyle),https://audiomack.com/mccaro/song/looka-u,https://i.audiomack.com/mccaro/7c1c44911d.webp?width=416,162000,1760,N/A,2880,"February 2, 2024"
2026-08-12 04:34:23,MC CARO,MC CAROMan Dem,https://audiomack.com/mccaro/song/man-dem,https://i.audiomack.com/mccaro/3b4b458e2e.webp?width=416,55700,713,N/A,766,"October 27, 2023"
2026-08-12 04:34:27,MC CARO,MC CAROAye,https://audiomack.com/mccaro/song/aye,https://i.audiomack.com/mccaro/a2bdeef430.webp?width=416,58900,434,N/A,398,"July 23, 2021"
2026-08-12 04:34:30,MC CARO,MC CAROMessed Up,https://audiomack.com/mccaro/song/messed-up-mc-caro-eq-off-94-master,https://i.audiomack.com/mccaro/c74caca938.webp?width=416,37200,757,N/A,1060,"June 12, 2024"
2026-08-12 04:34:34,MC CARO,MC CAROTouch It,https://audiomack.com/mccaro/song/touch-it,https://i.audiomack.com/mccaro/3b4b458e2e.webp?width=416,116000,1190,N/A,1480,"October 27, 2023"
2026-08-12 04:34:37,MC CARO,MC CAROJotay (Joe Tate),https://audiomack.com/mccaro/song/joetay-joe-tate,https://i.audiomack.com/mccaro/7b4aa0a0b8.webp?width=416,60000,627,N/A,959,"February 14, 2025"
2026-08-12 04:34:41,MC CARO,MC CAROHonest (freestyle),https://audiomack.com/mccaro/song/honest-freestyle-1,https://i.audiomack.com/mccaro/3958e78c42.webp?width=416,97100,944,N/A,1100,"February 2, 2024"
2026-08-12 04:34:44,MC CARO,MC CAROIn My Cup,https://audiomack.com/mccaro/song/in-my-cup-prod-smykidmp3,https://i.audiomack.com/mccaro/c74caca938.webp?width=416,86100,976,N/A,1690,"June 12, 2024"
2026-08-12 04:34:48,MC CARO,MC CAROCandy,https://audiomack.com/mccaro/song/candy-mp3,https://i.audiomack.com/mccaro/a2bdeef430.webp?width=416,46900,430,N/A,465,"July 23, 2021"
2026-08-12 04:34:51,MC CARO,MC CAROBanger,https://audiomack.com/mccaro/song/banger,https://i.audiomack.com/mccaro/a2bdeef430.webp?width=416,48800,424,N/A,448,"July 23, 2021"
2026-08-12 04:34:55,MC CARO,MC CAROMama,https://audiomack.com/mccaro/song/mama,https://i.audiomack.com/mccaro/a2bdeef430.webp?width=416,60900,473,N/A,519,"July 23, 2021"
2026-08-12 04:34:58,MC CARO,MC CaroLast Time,https://audiomack.com/mccaro/song/last-time-1,https://i.audiomack.com/mc-caro-4/13538318-5.webp?width=416,1100,11,N/A,11,"January 20, 2023"
2026-08-12 04:35:01,MC CARO,MC CAROFresh,https://audiomack.com/mccaro/song/fresh,https://i.audiomack.com/mccaro/a2bdeef430.webp?width=416,29600,342,N/A,374,"July 23, 2021"
2026-08-12 04:35:05,MC CARO,MC CAROMoney,https://audiomack.com/mccaro/song/money-mp3,https://i.audiomack.com/mccaro/a2bdeef430.webp?width=416,40000,382,N/A,435,"July 23, 2021"
2026-08-12 04:35:08,MC CARO,MC CaroOne More Round,https://audiomack.com/mccaro/song/one-more-round,https://i.audiomack.com/mc-caro/316a06e5d0.webp?width=416,19100,79,N/A,138,"May 25, 2019"
2026-08-12 04:35:12,MC CARO,MC CaroMy Way,https://audiomack.com/mccaro/song/my-way-1,https://i.audiomack.com/mc-caro-4/13538318-5.webp?width=416,1930,20,N/A,12,"January 20, 2023"
2026-08-12 04:35:15,MC CARO,MC CaroPololo,https://audiomack.com/mccaro/song/pololo-1,https://i.audiomack.com/mc-caro-4/13538318-5.webp?width=416,1350,16,N/A,40,"January 20, 2023"
2026-08-12 04:35:18,MC CARO,MC CAROSound,https://audiomack.com/mccaro/song/sound,https://i.audiomack.com/mccaro/a2bdeef430.webp?width=416,38300,370,N/A,435,"July 23, 2021"
2026-08-12 04:35:22,MC CARO,MC CAROFwen (freestyle ),https://audiomack.com/mccaro/song/fwen,https://i.audiomack.com/mccaro/f7bec9dd90.webp?width=416,117000,995,N/A,2020,"February 12, 2024"
2026-08-12 04:35:25,MC CARO,MC CAROPolololo,https://audiomack.com/mccaro/song/pololo,https://i.audiomack.com/mccaro/0d82bd1671.webp?width=416,118000,960,N/A,787,"December 12, 2022"
2026-08-12 04:35:29,MC CARO,MC CAROWe inside,https://audiomack.com/mccaro/song/we-inside,https://i.audiomack.com/mccaro/0d82bd1671.webp?width=416,93000,832,N/A,829,"December 12, 2022"
2026-08-12 04:35:32,MC CARO,MC CaroPrice,https://audiomack.com/mccaro/song/price-1,https://i.audiomack.com/mc-caro-4/13538318-5.webp?width=416,899,16,N/A,34,"January 20, 2023"
2026-08-12 04:35:35,MC CARO,MC CAROFvck it (freestyle ),https://audiomack.com/mccaro/song/fvck-it-freestyle,https://i.audiomack.com/mccaro/ee4bf66465.webp?width=416,83300,924,N/A,1400,"January 27, 2024"
2026-08-12 04:35:39,MC CARO,MC CaroWe Inside,https://audiomack.com/mccaro/song/we-inside-1,https://i.audiomack.com/mc-caro-4/13538318-5.webp?width=416,1260,14,N/A,18,"January 20, 2023"
2026-08-12 04:35:42,MC CARO,MC CAROLast time,https://audiomack.com/mccaro/song/last-time,https://i.audiomack.com/mccaro/0d82bd1671.webp?width=416,93700,959,N/A,991,"December 12, 2022"
2026-08-12 04:35:46,MC CARO,MC CARORisky Cover,https://audiomack.com/mccaro/song/mc-caro-risky-cover,https://i.audiomack.com/mc-caro/5e07dd7122.webp?width=416,11600,50,N/A,132,"April 6, 2020"
2026-08-12 04:35:49,MC CARO,Mc CaroDon’t ask me,https://audiomack.com/mccaro/song/mc-caro-dont-ask-me-prod-smykidmp3,https://i.audiomack.com/mc-caro/19bbb5fa42.webp?width=416,14700,70,N/A,153,"March 30, 2020"
2026-08-12 04:35:52,MC CARO,MC CaroMegatron Cover,https://audiomack.com/mccaro/song/megatron-cover,https://i.audiomack.com/mc-caro/602b6244dd.webp?width=416,8790,37,N/A,78,"July 17, 2019"
2026-08-12 04:35:56,MC CARO,MC CaroSpot On Fire,https://audiomack.com/mccaro/song/spot-on-fire-1,https://i.audiomack.com/mc-caro-4/13538318-5.webp?width=416,1250,20,N/A,45,"January 20, 2023"
2026-08-12 04:35:59,MC CARO,MC CaroSavage Freestyle,https://audiomack.com/mccaro/song/savage-freestyle,https://i.audiomack.com/mc-caro/dff212d952.webp?width=416,4890,23,N/A,39,"June 20, 2020"
2026-08-12 04:36:02,MC CARO,MC CAROIN THE HOUSE,https://audiomack.com/mccaro/song/inthehouse,https://i.audiomack.com/mc-caro/94dc6b9ebc.webp?width=416,8480,36,N/A,60,"April 20, 2020"
2026-08-12 04:36:05,MC CARO,Mc CaroListen,https://audiomack.com/mccaro/song/listen,https://i.audiomack.com/mc-caro/14f8547891.webp?width=416,12800,52,N/A,94,"May 25, 2019"
2026-08-12 04:36:09,MC CARO,Mc CaroI Like It,https://audiomack.com/mccaro/song/i-like-it,https://i.audiomack.com/KINGCARO/815446a961.webp?width=416,5710,26,N/A,61,"November 8, 2020"
2026-08-12 04:36:12,MC CARO,Mc caroLey light go off mc caro,https://audiomack.com/mccaro/song/ley-light-go-off-mc-caro,https://i.audiomack.com/mc-caro/1cc980d0e0.webp?width=416,6680,36,N/A,65,"March 30, 2020"
2026-08-12 04:36:34,JBoy De Prophet,JBoy De ProphetSomething Inside,https://audiomack.com/jboydeprophet-1/song/someone-inside,https://i.audiomack.com/jboydeprophet-1/d7d1cb004a.webp?width=416,240000,2230,N/A,2110,"July 3, 2026"
2026-08-12 04:36:37,JBoy De Prophet,J.Boy De ProphetZOOM,https://audiomack.com/jboydeprophet-1/song/jboy-de-prophet-zoom-prpd-by-anothervibez,https://i.audiomack.com/jboydeprophet-1/5e671438b8.webp?width=416,211000,M,N/A,1590,"March 6, 2026"
2026-08-12 04:36:41,JBoy De Prophet,J.Boy De ProphetGnahowory,https://audiomack.com/jboydeprophet-1/song/14-jboy-de-prophet-gnahowory-prod-by-jwizard,https://i.audiomack.com/jboydeprophet-1/5e671438b8.webp?width=416,284000,3030,N/A,4120,"March 6, 2026"
2026-08-12 04:36:44,JBoy De Prophet,JBoy De ProphetTrumpet Sound,https://audiomack.com/jboydeprophet-1/song/trumpet-sound-1,https://i.audiomack.com/jboydeprophet-1/9096d237d9.webp?width=416,78900,1780,N/A,757,"May 23, 2026"
2026-08-12 04:36:48,JBoy De Prophet,J.Boy De ProphetPainful,https://audiomack.com/jboydeprophet-1/song/jboy-de-prophet-its-painful-ft-jb-de-general-prod-by-anothervibez,https://i.audiomack.com/jboydeprophet-1/5e671438b8.webp?width=416,116000,1950,N/A,1320,"March 6, 2026"
2026-08-12 04:36:51,JBoy De Prophet,JBoy De ProphetMumu Love,https://audiomack.com/jboydeprophet-1/song/mumu-love,https://i.audiomack.com/jboydeprophet-1/c533b1036d.webp?width=416,284000,1880,N/A,2490,"November 21, 2025"
2026-08-12 04:36:55,JBoy De Prophet,J.Boy De ProphetA Na Fair,https://audiomack.com/jboydeprophet-1/song/a-na-fair,https://i.audiomack.com/jboydeprophet-1/fdb9159c5b.webp?width=416,551000,3830,N/A,5680,"April 1, 2025"
2026-08-12 04:36:58,JBoy De Prophet,J.Boy De ProphetPrivacy,https://audiomack.com/jboydeprophet-1/song/jboy-de-prophet-pravicy-ft-j-slught-prod-by-anothervibez,https://i.audiomack.com/jboydeprophet-1/5e671438b8.webp?width=416,66500,1620,N/A,767,"March 6, 2026"
2026-08-12 04:37:02,JBoy De Prophet,J.Boy De ProphetConscience,https://audiomack.com/jboydeprophet-1/song/jboy-d-prophet-conscience-prod-by-anothervibez,https://i.audiomack.com/jboydeprophet-1/5e671438b8.webp?width=416,85800,1780,N/A,757,"March 6, 2026"
2026-08-12 04:37:05,JBoy De Prophet,JBoy De ProphetMy Love,https://audiomack.com/jboydeprophet-1/song/my-love,https://i.audiomack.com/jboydeprophet-1/b630d13e34.webp?width=416,555000,4330,N/A,4730,"June 1, 2025"
2026-08-12 04:37:08,JBoy De Prophet,J.Boy De ProphetSomething Inside,https://audiomack.com/jboydeprophet-1/song/jboy-de-prophet-something-inside-prod-by-anothervibez,https://i.audiomack.com/jboydeprophet-1/5e671438b8.webp?width=416,52300,1380,N/A,606,"March 6, 2026"
2026-08-12 04:37:12,JBoy De Prophet,JBoy De ProphetBe Content,https://audiomack.com/jboydeprophet-1/song/be-content,https://i.audiomack.com/jboydeprophet-1/8340281b66.webp?width=416,774000,5900,N/A,8490,"January 18, 2025"
2026-08-12 04:37:15,JBoy De Prophet,JBoy De ProphetJohnny Coming,https://audiomack.com/jboydeprophet-1/song/johnny-coming,https://i.audiomack.com/jboydeprophet-1/b950cba32f.webp?width=416,116000,1030,N/A,771,"January 1, 2026"
2026-08-12 04:37:19,JBoy De Prophet,JBoy De ProphetSINGLE,https://audiomack.com/jboydeprophet-1/song/jboy-de-prophet-single-prod-by-anothervibez,https://i.audiomack.com/jboydeprophet-1/56144679d4.webp?width=416,360000,2029,N/A,3800,"September 19, 2024"
2026-08-12 04:37:22,JBoy De Prophet,JBoy De ProphetMessage,https://audiomack.com/jboydeprophet-1/song/message,https://i.audiomack.com/jboydeprophet-1/315cfa251b.webp?width=416,411000,3710,N/A,5840,"July 4, 2025"
2026-08-12 04:37:26,JBoy De Prophet,J.Boy De ProphetMy Wrongs,https://audiomack.com/jboydeprophet-1/song/7-jboy-de-propet-my-wrong-prod-by-anothervibez,https://i.audiomack.com/jboydeprophet-1/5e671438b8.webp?width=416,40500,1220,N/A,589,"March 6, 2026"
2026-08-12 04:37:29,JBoy De Prophet,JBoy De ProphetAnswer Me,https://audiomack.com/jboydeprophet-1/song/answer-me,https://i.audiomack.com/jboydeprophet-1/2624df6853.webp?width=416,194000,1830,N/A,1590,"August 15, 2025"
2026-08-12 04:37:32,JBoy De Prophet,J.Boy De ProphetHeart Treasure,https://audiomack.com/jboydeprophet-1/song/heart-treasure,https://i.audiomack.com/jboydeprophet-1/5e671438b8.webp?width=416,32200,1130,N/A,516,"March 6, 2026"
2026-08-12 04:37:36,JBoy De Prophet,J.Boy De ProphetAlahaji,https://audiomack.com/jboydeprophet-1/song/alahaji,https://i.audiomack.com/jboydeprophet-1/91787261dc.webp?width=416,274000,2590,N/A,3040,"October 3, 2025"
2026-08-12 04:37:39,JBoy De Prophet,J.Boy De ProphetAm-Sorry,https://audiomack.com/jboydeprophet-1/song/11-jboy-de-prophet-am-sorry-prod-by-jwizard,https://i.audiomack.com/jboydeprophet-1/5e671438b8.webp?width=416,27800,1040,N/A,480,"March 6, 2026"
2026-08-12 04:37:43,JBoy De Prophet,J.Boy De ProphetForever_(Prod_by_J.Wizard),https://audiomack.com/jboydeprophet-1/song/forever-prod-by-jwizard,https://i.audiomack.com/jboydeprophet-1/5e671438b8.webp?width=416,30400,1120,N/A,489,"March 6, 2026"
2026-08-12 04:37:46,JBoy De Prophet,J.Boy De ProphetEternal Love,https://audiomack.com/jboydeprophet-1/song/eternal-love,https://i.audiomack.com/jboydeprophet-1/5e671438b8.webp?width=416,27900,1080,N/A,499,"March 6, 2026"
2026-08-12 04:37:49,JBoy De Prophet,J.Boy De ProphetSmoke Weed,https://audiomack.com/jboydeprophet-1/song/12-jboy-de-prophet-smoke-weed-feat-trap-devotion-prod-by-jwizardmp3,https://i.audiomack.com/jboydeprophet-1/5e671438b8.webp?width=416,24800,1030,N/A,510,"March 6, 2026"
2026-08-12 04:37:53,JBoy De Prophet,"J.Boy De ProphetMy Country, My People",https://audiomack.com/jboydeprophet-1/song/jboy-de-peophet-my-country-my-people-prod-by-jwizard,https://i.audiomack.com/jboydeprophet-1/5e671438b8.webp?width=416,25500,1050,N/A,496,"March 6, 2026"
2026-08-12 04:37:56,JBoy De Prophet,J.Boy De ProphetChange_My_Story,https://audiomack.com/jboydeprophet-1/song/change-my-story,https://i.audiomack.com/jboydeprophet-1/610244d8dc.webp?width=416,232000,1160,N/A,2000,"December 13, 2024"
2026-08-12 04:38:00,JBoy De Prophet,J.Boy De ProphetKeep_It_To_Yourself,https://audiomack.com/jboydeprophet-1/song/keep-it-to-yourself,https://i.audiomack.com/jboydeprophet-1/5a05b5830d.webp?width=416,109000,562,N/A,1060,"January 12, 2024"
2026-08-12 04:38:03,JBoy De Prophet,J.Boy De ProphetMore Than Treasure,https://audiomack.com/jboydeprophet-1/song/more-than-treasure,https://i.audiomack.com/jboydeprophet-1/233be12839.webp?width=416,53900,292,N/A,446,"September 6, 2024"
2026-08-12 04:38:06,JBoy De Prophet,JBoy De ProphetPlay Me,https://audiomack.com/jboydeprophet-1/song/play-me,https://i.audiomack.com/jboydeprophet-1/7f41f48a45.webp?width=416,76100,385,N/A,580,"November 20, 2024"
2026-08-12 04:38:10,JBoy De Prophet,J.Boy De ProphetKanikokoi,https://audiomack.com/jboydeprophet-1/song/kanikokoi,https://i.audiomack.com/jboydeprophet-1/ccf5ccb9a1.webp?width=416,76000,524,N/A,581,"March 15, 2025"
2026-08-12 04:38:13,JBoy De Prophet,J.Boy De ProphetKo_Lo_Sa_ Cover_(Mix._by_J.Wizard),https://audiomack.com/jboydeprophet-1/song/ko-lo-sa-cover-mix-by-jwizard,https://i.audiomack.com/jboydeprophet-1/83a2762f66.webp?width=416,20100,94,N/A,269,"May 22, 2024"
2026-08-12 04:38:17,JBoy De Prophet,JBoy De ProphetTalk & Do-Kobana,https://audiomack.com/jboydeprophet-1/song/talk-do-kobana,https://i.audiomack.com/jboydeprophet-1/3b09cc1723.webp?width=416,19100,98,N/A,228,"September 18, 2024"
2026-08-12 04:38:20,JBoy De Prophet,J.Boy De ProphetLay_Cominy,https://audiomack.com/jboydeprophet-1/song/lay-cominy,https://i.audiomack.com/jboydeprophet-1/f8322c2af5.webp?width=416,15400,89,N/A,221,"June 17, 2024"
2026-08-12 04:38:24,JBoy De Prophet,J.Boy De ProphetWise One,https://audiomack.com/jboydeprophet-1/song/wise-one,https://i.audiomack.com/jboydeprophet-1/8c9a0faf54.webp?width=416,68600,310,N/A,467,"May 24, 2024"
2026-08-12 04:38:27,JBoy De Prophet,J.Boy De ProphetBABY MAMA,https://audiomack.com/jboydeprophet-1/song/baby-mama,https://i.audiomack.com/jboydeprophet-1/25fdc5d991.webp?width=416,21300,102,N/A,234,"January 21, 2024"
2026-08-12 04:38:30,JBoy De Prophet,J.Boy De ProphetAnita,https://audiomack.com/jboydeprophet-1/song/anita,https://i.audiomack.com/jboydeprophet-1/bfa07ee1cd.webp?width=416,12300,58,N/A,156,"May 16, 2024"
2026-08-12 04:38:34,JBoy De Prophet,J.Boy De ProphetI'm_A_Liberian,https://audiomack.com/jboydeprophet-1/song/im-a-liberian,https://i.audiomack.com/jboydeprophet-1/0f2001cedd.webp?width=416,21900,135,N/A,274,"July 19, 2024"
2026-08-12 04:38:37,JBoy De Prophet,J.Boy De ProphetMuna_My_Love,https://audiomack.com/jboydeprophet-1/song/muna-my-love,https://i.audiomack.com/jboydeprophet-1/6cd0a0aca0.webp?width=416,22700,116,N/A,247,"June 28, 2024"
2026-08-12 04:38:41,JBoy De Prophet,J.Boy De ProphetUnlearned_Lesson,https://audiomack.com/jboydeprophet-1/song/unlearned-lesson,https://i.audiomack.com/jboydeprophet-1/916451ff91.webp?width=416,11900,75,N/A,162,"April 28, 2024"
2026-08-12 04:38:44,JBoy De Prophet,J.Boy De ProphetFight_For_You,https://audiomack.com/jboydeprophet-1/song/fight-for-you,https://i.audiomack.com/jboydeprophet-1/333e42301a.webp?width=416,49900,1,N/A,345,"May 22, 2024"
2026-08-12 04:38:47,JBoy De Prophet,SheridoNo_Yawah,https://audiomack.com/jboydeprophet-1/song/no-yawah,https://i.audiomack.com/jboydeprophet-1/aaa31b16da.webp?width=416,8340,33,N/A,86,"April 1, 2024"
2026-08-12 04:38:51,JBoy De Prophet,JBoy De ProphetCOPY-&-PASTE,https://audiomack.com/jboydeprophet-1/song/copy-paste,https://i.audiomack.com/jboydeprophet-1/2428270d60.webp?width=416,22000,108,N/A,214,"September 26, 2024"
2026-08-12 04:38:54,JBoy De Prophet,J.Boy De ProphetShe_Say_She_V,https://audiomack.com/jboydeprophet-1/song/she-say-she-v,https://i.audiomack.com/jboydeprophet-1/0d3a86dd52.webp?width=416,12000,54,N/A,162,"May 15, 2024"
2026-08-12 04:39:19,Christoph The Change,Christoph The ChangeKorkorzeekor,https://audiomack.com/christoph-the-change/song/korkorzeekor,https://i.audiomack.com/christoph-the-change/5a5d8dc820.webp?width=416,660000,6650,N/A,5360,"April 10, 2026"
2026-08-12 04:39:22,Christoph The Change,Christoph The ChangeBlessings,https://audiomack.com/christoph-the-change/song/blessings,https://i.audiomack.com/christoph-the-change/08c0b3e74d.webp?width=416,1180000,10200,N/A,9860,"October 31, 2025"
2026-08-12 04:39:25,Christoph The Change,Christoph The ChangeN’dbani (Lord Help Me),https://audiomack.com/christoph-the-change/song/ndbani-lord-help-me,https://i.audiomack.com/christoph-the-change/462403df15.webp?width=416,1620000,13700,N/A,19800,"April 11, 2024"
2026-08-12 04:39:29,Christoph The Change,Christoph The ChangeFollow Me,https://audiomack.com/christoph-the-change/song/follow-me,https://i.audiomack.com/christoph-the-change/08c0b3e74d.webp?width=416,355000,4220,N/A,2800,"October 31, 2025"
2026-08-12 04:39:32,Christoph The Change,Christoph The ChangeIntro,https://audiomack.com/christoph-the-change/song/the-ep-in,https://i.audiomack.com/christoph-the-change/08c0b3e74d.webp?width=416,396000,4470,N/A,2900,"October 30, 2025"
2026-08-12 04:39:36,Christoph The Change,Christoph The ChangeJokes,https://audiomack.com/christoph-the-change/song/jokes,https://i.audiomack.com/christoph-the-change/08c0b3e74d.webp?width=416,217000,3520,N/A,1810,"October 31, 2025"
2026-08-12 04:39:39,Christoph The Change,Christoph The ChangeAll On God,https://audiomack.com/christoph-the-change/song/all-on-god,https://i.audiomack.com/christoph-the-change/08c0b3e74d.webp?width=416,242000,3810,N/A,1550,"October 31, 2025"
2026-08-12 04:39:42,Christoph The Change,Christoph The ChangeJuliana,https://audiomack.com/christoph-the-change/song/juliana,https://i.audiomack.com/christoph-the-change/08c0b3e74d.webp?width=416,234000,3670,N/A,1760,"October 31, 2025"
2026-08-12 04:39:46,Christoph The Change,Christoph The ChangeAyy,https://audiomack.com/christoph-the-change/song/ayy,https://i.audiomack.com/christoph-the-change/a0cd59de7b.webp?width=416,356000,2310,N/A,4840,"April 19, 2024"
2026-08-12 04:39:49,Christoph The Change,Christoph The ChangePrefer,https://audiomack.com/christoph-the-change/song/prefer,https://i.audiomack.com/christoph-the-change/08c0b3e74d.webp?width=416,174000,3330,N/A,1490,"October 31, 2025"
2026-08-12 04:39:53,Christoph The Change,Christoph The ChangeChampion,https://audiomack.com/christoph-the-change/song/champion,https://i.audiomack.com/christoph-the-change/08c0b3e74d.webp?width=416,151000,3140,N/A,1330,"October 31, 2025"
2026-08-12 04:39:57,Christoph The Change,ChristophLandlord Daughter,https://audiomack.com/christoph-the-change/song/landlord-daughter,https://i.audiomack.com/christoph-the-change/8ef7a4a608.webp?width=416,163000,1140,N/A,1370,"December 27, 2020"
2026-08-12 04:40:00,Christoph The Change,Christoph The ChangeHipco TrapCo,https://audiomack.com/christoph-the-change/song/hipco-trapco,https://i.audiomack.com/christoph-the-change/96400957d8.webp?width=416,144000,559,N/A,1180,"July 12, 2020"
2026-08-12 04:40:03,Christoph The Change,Christoph The ChangeAkaZuKu,https://audiomack.com/christoph-the-change/song/akazuku,https://i.audiomack.com/christoph-the-change/4857539e38.webp?width=416,423000,3660,N/A,3750,"May 30, 2025"
2026-08-12 04:40:07,Christoph The Change,Christoph The ChangeTrouble,https://audiomack.com/christoph-the-change/song/trouble-1,https://i.audiomack.com/christoph-the-change/08c0b3e74d.webp?width=416,126000,2930,N/A,1190,"October 31, 2025"
2026-08-12 04:40:10,Christoph The Change,Christoph The ChangeAfrican Child,https://audiomack.com/christoph-the-change/song/african-child,https://i.audiomack.com/christoph-the-change/b9e812a86e.webp?width=416,149000,682,N/A,1170,"July 11, 2020"
2026-08-12 04:40:14,Christoph The Change,Christoph The ChangeKumbasa,https://audiomack.com/christoph-the-change/song/kumbasa,https://i.audiomack.com/christoph-the-change/65cd78ef6b.webp?width=416,211000,1500,N/A,1560,"June 30, 2020"
2026-08-12 04:40:17,Christoph The Change,Christoph The ChangeLooka (Bonus Track),https://audiomack.com/christoph-the-change/song/looka,https://i.audiomack.com/christoph-the-change/08c0b3e74d.webp?width=416,109000,2910,N/A,1170,"October 31, 2025"
2026-08-12 04:40:21,Christoph The Change,Christoph The ChangeCome Closer,https://audiomack.com/christoph-the-change/song/come-closer,https://i.audiomack.com/christoph-the-change/65cd78ef6b.webp?width=416,143000,1090,N/A,1390,"June 30, 2020"
2026-08-12 04:40:24,Christoph The Change,Christoph x Revoluxon x Magas x Nuchie MeekThe Cypher,https://audiomack.com/christoph-the-change/song/the-cypher,https://i.audiomack.com/christoph-the-change/3791f2f8e1.webp?width=416,131000,599,N/A,1180,"July 12, 2020"
2026-08-12 04:40:27,Christoph The Change,Christoph The ChangeBig Boyz Things,https://audiomack.com/christoph-the-change/song/big-boyz-things,https://i.audiomack.com/christoph-the-change/b14594c002.webp?width=416,261000,2420,N/A,2640,"April 10, 2025"
2026-08-12 04:40:31,Christoph The Change,Christoph The ChangeGod There,https://audiomack.com/christoph-the-change/song/god-there,https://i.audiomack.com/christoph-the-change/049cffab8e.webp?width=416,332000,2950,N/A,5250,"July 22, 2024"
2026-08-12 04:40:34,Christoph The Change,Christoph The ChangeMy Only One,https://audiomack.com/christoph-the-change/song/my-only-one,https://i.audiomack.com/christoph-the-change/65cd78ef6b.webp?width=416,137000,1110,N/A,1480,"June 30, 2020"
2026-08-12 04:40:38,Christoph The Change,Christoph The ChangeCall Me Ur Pa,https://audiomack.com/christoph-the-change/song/call-me-ur-pa,https://i.audiomack.com/christoph-the-change/540bc8607e.webp?width=416,105000,426,N/A,800,"July 10, 2020"
2026-08-12 04:40:41,Christoph The Change,Christoph The ChangeSenior Player,https://audiomack.com/christoph-the-change/song/senior-player,https://i.audiomack.com/christoph-the-change/65cd78ef6b.webp?width=416,95500,913,N/A,1050,"June 30, 2020"
2026-08-12 04:40:44,Christoph The Change,Christoph The ChangeBest Friend,https://audiomack.com/christoph-the-change/song/best-friend,https://i.audiomack.com/christoph-the-change/65cd78ef6b.webp?width=416,104000,1010,N/A,994,"June 30, 2020"
2026-08-12 04:40:48,Christoph The Change,ChristophBMM(Black Man Mouth ),https://audiomack.com/christoph-the-change/song/christoph-bmmblack-man-mouth-prod-by-rapkid,https://i.audiomack.com/christoph-the-change/8ef7a4a608.webp?width=416,107000,1050,N/A,850,"December 27, 2020"
2026-08-12 04:40:51,Christoph The Change,Christoph The ChangeJay Sabu,https://audiomack.com/christoph-the-change/song/jay-sabu,https://i.audiomack.com/christoph-the-change/6978d08280.webp?width=416,98400,419,N/A,806,"July 12, 2020"
2026-08-12 04:40:54,Christoph The Change,Christoph The ChangeProblem,https://audiomack.com/christoph-the-change/song/problem,https://i.audiomack.com/christoph-the-change/65cd78ef6b.webp?width=416,106000,980,N/A,1150,"June 30, 2020"
2026-08-12 04:40:58,Christoph The Change,Christoph The ChangeBad Girl,https://audiomack.com/christoph-the-change/song/bad-girl,https://i.audiomack.com/christoph-the-change/07dff55903.webp?width=416,138000,494,N/A,959,"July 11, 2020"
2026-08-12 04:41:01,Christoph The Change,Christoph The ChangeWoomi Oh,https://audiomack.com/christoph-the-change/song/woomi-oh,https://i.audiomack.com/christoph-the-change/5fd5ad7776.webp?width=416,84300,339,N/A,707,"July 11, 2020"
2026-08-12 04:41:05,Christoph The Change,Christoph The ChangeChakalah My Head,https://audiomack.com/christoph-the-change/song/chakalah-my-head,https://i.audiomack.com/christoph-the-change/850e8afeea.webp?width=416,98200,920,N/A,840,"June 30, 2020"
2026-08-12 04:41:08,Christoph The Change,Christoph The ChangeSmall Axe,https://audiomack.com/christoph-the-change/song/small-axe,https://i.audiomack.com/christoph-the-change/d36e95bfdb.webp?width=416,53200,212,N/A,548,"July 12, 2020"
2026-08-12 04:41:11,Christoph The Change,ChristophJolly,https://audiomack.com/christoph-the-change/song/jolly,https://i.audiomack.com/christoph-the-change/8ef7a4a608.webp?width=416,64000,743,N/A,705,"December 27, 2020"
2026-08-12 04:41:15,Christoph The Change,Christoph The ChangeCongo Jue,https://audiomack.com/christoph-the-change/song/congo-jue,https://i.audiomack.com/christoph-the-change/173dedad9a.webp?width=416,100000,923,N/A,925,"June 30, 2020"
2026-08-12 04:41:18,Christoph The Change,Christoph The ChangeWhat Ur want,https://audiomack.com/christoph-the-change/song/what-ur-want,https://i.audiomack.com/christoph-the-change/20f3c41352.webp?width=416,63100,233,N/A,443,"July 11, 2020"
2026-08-12 04:41:22,Christoph The Change,Christoph the ChangeShatta (feat. CIC),https://audiomack.com/christoph-the-change/song/shatta-feat-cic,https://i.audiomack.com/christoph-the-change/1697a5f000.webp?width=416,122000,106,N/A,512,"November 2, 2021"
2026-08-12 04:41:25,Christoph The Change,Christoph The ChangeAfrican Woman,https://audiomack.com/christoph-the-change/song/audio-2020-06-23-15-35-02-copy-8,https://i.audiomack.com/christoph-the-change/65cd78ef6b.webp?width=416,60300,731,N/A,711,"June 30, 2020"
2026-08-12 04:41:29,Christoph The Change,ChristophDa You,https://audiomack.com/christoph-the-change/song/da-you,https://i.audiomack.com/christoph-the-change/8ef7a4a608.webp?width=416,57900,685,N/A,487,"December 27, 2020"
2026-08-12 04:41:32,Christoph The Change,Christoph The ChangeGronaMan,https://audiomack.com/christoph-the-change/song/gronaman,https://i.audiomack.com/christoph-the-change/2f52c09a18.webp?width=416,80300,405,N/A,546,"June 6, 2021"
2026-08-12 04:41:35,Christoph The Change,Christoph The ChangeTrouble,https://audiomack.com/christoph-the-change/song/trouble,https://i.audiomack.com/christoph-the-change/65cd78ef6b.webp?width=416,66600,778,N/A,735,"June 30, 2020"
2026-08-12 04:41:39,Christoph The Change,Christoph The ChangeEggs are cooked from the edges,https://audiomack.com/christoph-the-change/song/eggs-are-cooked-from-the-edges,https://i.audiomack.com/christoph-the-change/d2b71dfc89.webp?width=416,53500,212,N/A,535,"July 12, 2020"
2026-08-12 04:41:42,Christoph The Change,Christoph The ChangeBeat Pork,https://audiomack.com/christoph-the-change/song/beat-pork,https://i.audiomack.com/christoph-the-change/b3b39733f0.webp?width=416,43200,190,N/A,388,"July 10, 2020"
2026-08-12 04:41:46,Christoph The Change,Christoph The ChangeJay Sabu Remix,https://audiomack.com/christoph-the-change/song/jay-sabu-remix,https://i.audiomack.com/christoph-the-change/a9e5392fe1.webp?width=416,71900,270,N/A,545,"July 11, 2020"
2026-08-12 04:41:49,Christoph The Change,Christoph The ChangeLey Boy,https://audiomack.com/christoph-the-change/song/ley-boy,https://i.audiomack.com/christoph-the-change/65cd78ef6b.webp?width=416,62700,736,N/A,709,"June 30, 2020"
2026-08-12 04:41:52,Christoph The Change,ChristophEnvy And Jelousy,https://audiomack.com/christoph-the-change/song/envy-and-jelousy,https://i.audiomack.com/christoph-the-change/8ef7a4a608.webp?width=416,43500,591,N/A,386,"December 27, 2020"
2026-08-12 04:41:56,Christoph The Change,Christoph The ChangeLove Forever,https://audiomack.com/christoph-the-change/song/love-forever,https://i.audiomack.com/christoph-the-change/65cd78ef6b.webp?width=416,48800,669,N/A,652,"June 30, 2020"
2026-08-12 04:41:59,Christoph The Change,Christoph The ChangeMemories,https://audiomack.com/christoph-the-change/song/memories,https://i.audiomack.com/christoph-the-change/29ce73d62d.webp?width=416,63900,341,N/A,395,"July 18, 2020"
2026-08-12 04:42:03,Christoph The Change,ChristophOpen My Way,https://audiomack.com/christoph-the-change/song/open-my-way,https://i.audiomack.com/christoph-the-change/8ef7a4a608.webp?width=416,50100,659,N/A,406,"December 27, 2020"
2026-08-12 04:42:06,Christoph The Change,ChristophGlory,https://audiomack.com/christoph-the-change/song/glory,https://i.audiomack.com/christoph-the-change/8ef7a4a608.webp?width=416,43500,594,N/A,419,"December 27, 2020"
2026-08-12 04:42:10,Christoph The Change,Christoph the ChangeGbekugbeh,https://audiomack.com/christoph-the-change/song/gbekugbeh,https://i.audiomack.com/christoph-the-change/0cd411a0ec.webp?width=416,79600,276,N/A,478,"December 9, 2020"
2026-08-12 04:42:13,Christoph The Change,Christoph The ChangeHipco For Life,https://audiomack.com/christoph-the-change/song/hipco-for-life,https://i.audiomack.com/christoph-the-change/4a0b4a99c5.webp?width=416,32400,2,N/A,222,"July 12, 2020"
2026-08-12 04:42:16,Christoph The Change,Christoph The ChangeSavage Freestyle,https://audiomack.com/christoph-the-change/song/savage-freestyle,https://i.audiomack.com/christoph-the-change/ee7b9634ef.webp?width=416,43400,0,N/A,347,"June 16, 2020"
2026-08-12 04:42:20,Christoph The Change,Christoph The ChangeGlapor Zuo,https://audiomack.com/christoph-the-change/song/glapor-zuo,https://i.audiomack.com/christoph-the-change/372baab4e7.webp?width=416,48400,207,N/A,387,"July 11, 2020"
2026-08-12 04:42:23,Christoph The Change,Christoph The ChangeYour Own,https://audiomack.com/christoph-the-change/song/your-own,https://i.audiomack.com/christoph-the-change/429e3c54e2.webp?width=416,26300,132,N/A,162,"July 11, 2020"
2026-08-12 04:42:26,Christoph The Change,Christoph the ChangeWho Be Who (feat. Teddy Ride),https://audiomack.com/christoph-the-change/song/who-be-who-feat-teddy-ride,https://i.audiomack.com/christoph-the-change/aaa1b7acc0.webp?width=416,81800,57,N/A,314,"November 2, 2021"
2026-08-12 04:42:30,Christoph The Change,Christoph The ChangeDon’t put it there,https://audiomack.com/christoph-the-change/song/don-t-put-it-there,https://i.audiomack.com/christoph-the-change/e748732bb5.webp?width=416,26800,116,N/A,203,"July 11, 2020"
2026-08-12 04:42:33,Christoph The Change,Christoph The ChangeAM A RUNNER (DON'T COME FOR ME,https://audiomack.com/christoph-the-change/song/am-a-runner-dont-come-for-me,https://i.audiomack.com/christoph-the-change/2e813230a6.webp?width=416,24700,124,N/A,187,"July 12, 2020"
2026-08-12 04:42:37,Christoph The Change,Christoph The ChangeBurst It,https://audiomack.com/christoph-the-change/song/burst-it,https://i.audiomack.com/christoph-the-change/4a0b4a99c5.webp?width=416,19000,94,N/A,137,"June 16, 2020"
2026-08-12 04:42:40,Christoph The Change,Christoph The ChangeFake,https://audiomack.com/christoph-the-change/song/fake,https://i.audiomack.com/christoph-the-change/b46024a7f9.webp?width=416,23900,93,N/A,138,"July 12, 2020"
2026-08-12 04:42:43,Christoph The Change,CHRISTOPH THE CHANGEGEORGE WEAH,https://audiomack.com/christoph-the-change/song/george-weah,https://i.audiomack.com/christoph-the-change/39ba2f4b7f.webp?width=416,99100,659,N/A,1040,"September 26, 2023"
2026-08-12 04:42:47,Christoph The Change,Christoph The ChangeUncle Vanblo,https://audiomack.com/christoph-the-change/song/uncle-vanblo,https://i.audiomack.com/christoph-the-change/36684c3ab2.webp?width=416,25400,120,N/A,192,"July 11, 2020"
2026-08-12 04:42:50,Christoph The Change,Christoph The ChangeShe Love My Hit,https://audiomack.com/christoph-the-change/song/she-love-my-hit,https://i.audiomack.com/christoph-the-change/8c23ffe3a6.webp?width=416,26600,130,N/A,163,"July 12, 2020"
2026-08-12 04:43:08,Brickson,BricksonMY LOVE,https://audiomack.com/brickson_/song/my-love,https://i.audiomack.com/brickson_/d8b03c7db6.webp?width=416,835000,0,N/A,5930,"January 23, 2026"
2026-08-12 04:43:12,Brickson,BricksonPAIN,https://audiomack.com/brickson_/song/pain,https://i.audiomack.com/brickson_/093aff7e31.webp?width=416,1060000,7220,N/A,7520,"September 30, 2025"
2026-08-12 04:43:15,Brickson,BricksonBE YOURSELF,https://audiomack.com/brickson_/song/be-yourself,https://i.audiomack.com/brickson_/02a3e45247.webp?width=416,306000,2310,N/A,2610,"April 29, 2026"
2026-08-12 04:43:19,Brickson,BricksonSET IT FOR ME,https://audiomack.com/brickson_/song/set-it-for-me,https://i.audiomack.com/brickson_/904d753090.webp?width=416,1230000,8480,N/A,11300,"March 20, 2025"
2026-08-12 04:43:22,Brickson,BricksonONLY ME,https://audiomack.com/brickson_/song/only-me,https://i.audiomack.com/brickson_/8821dfc6f4.webp?width=416,807000,4460,N/A,7640,"January 30, 2025"
2026-08-12 04:43:26,Brickson,BRICKSONOver It,https://audiomack.com/brickson_/song/over-it,https://i.audiomack.com/brickson_/17951144-c.webp?width=416,664000,4940,N/A,5770,"June 25, 2025"
2026-08-12 04:43:30,Brickson,BricksonLast,https://audiomack.com/brickson_/song/last,https://i.audiomack.com/brickson_/0df0218c45.webp?width=416,98600,595,N/A,574,"September 30, 2024"
2026-08-12 04:43:33,Brickson,DJ ZBESTIE,https://audiomack.com/brickson_/song/bestie,https://i.audiomack.com/brickson_/a3503460b4.webp?width=416,258000,1180,N/A,2400,"May 24, 2024"
2026-08-12 04:43:37,Brickson,BricksonLet them talk,https://audiomack.com/brickson_/song/brickson-let-them-talk,https://i.audiomack.com/brickson-slobert/f183fa21ee.webp?width=416,51100,256,N/A,389,"December 24, 2021"
2026-08-12 04:43:40,Brickson,BricksonWhy,https://audiomack.com/brickson_/song/17543775,https://i.audiomack.com/brickson-slobert/1cad31ee26.webp?width=416,24200,115,N/A,180,"March 17, 2022"
2026-08-12 04:43:43,Brickson,BricksonMy-Treasure,https://audiomack.com/brickson_/song/my,https://i.audiomack.com/brickson-slobert/91abac2142.webp?width=416,20100,86,N/A,235,"June 16, 2021"
2026-08-12 04:43:47,Brickson,BricksonThunder,https://audiomack.com/brickson_/song/thunder,https://i.audiomack.com/brickson_/556fcf9dd6.webp?width=416,32500,224,N/A,289,"July 4, 2024"
2026-08-12 04:43:51,Brickson,BricksonLamco,https://audiomack.com/brickson_/song/lamco,https://i.audiomack.com/brickson_/129bc19820.webp?width=416,43200,361,N/A,514,"April 6, 2023"
2026-08-12 04:43:54,Brickson,BricksonRiver Gee Chée Säy  Fannör Kon,https://audiomack.com/brickson_/song/river-gee-chee-say-fannor-kon,https://i.audiomack.com/brickson_/aa2f511c3b.webp?width=416,70300,392,N/A,523,"May 3, 2024"
2026-08-12 04:43:57,Brickson,BricksonFeel something,https://audiomack.com/brickson_/song/feel-something,https://i.audiomack.com/brickson_/460b021341.webp?width=416,22600,147,N/A,203,"July 14, 2022"
2026-08-12 04:44:21,Barsee Mocopala Kiloda,J NAS BEATZTWASA DRILL,https://audiomack.com/barsee-mocopala-kiloda/song/twasa-drill,https://i.audiomack.com/barsee-mocopala-kiloda/74f798d47e.webp?width=416,488000,3830,N/A,4019,"April 18, 2026"
2026-08-12 04:44:25,Barsee Mocopala Kiloda,Barsee Mocopala KilodaROJO ROJA,https://audiomack.com/barsee-mocopala-kiloda/song/rojo-roja,https://i.audiomack.com/barsee-mocopala-kiloda/106f8ce955.webp?width=416,761000,4480,N/A,5640,"December 5, 2025"
2026-08-12 04:44:28,Barsee Mocopala Kiloda,Barsee Mocopala KilodaGrandma BBY,https://audiomack.com/barsee-mocopala-kiloda/song/grandma-bby,https://i.audiomack.com/barsee-mocopala-kiloda/4d0057323b.webp?width=416,482000,3190,N/A,3940,"December 5, 2025"
2026-08-12 04:44:32,Barsee Mocopala Kiloda,Barsee Mocopala KilodaBATWALA PANTWANNA,https://audiomack.com/barsee-mocopala-kiloda/song/batwala-pantwanna,https://i.audiomack.com/barsee-mocopala-kiloda/cd16238f99.webp?width=416,208000,2130,N/A,1080,"January 10, 2026"
2026-08-12 04:44:35,Barsee Mocopala Kiloda,Barsee Mocopala KilodaSecond life,https://audiomack.com/barsee-mocopala-kiloda/song/second-life,https://i.audiomack.com/krykayness/470ccd1b2e.webp?width=416,225000,1130,N/A,2430,"July 31, 2020"
2026-08-12 04:44:39,Barsee Mocopala Kiloda,Barsee Mocopala KilodaATA (ALL TWASA AFFAIRS),https://audiomack.com/barsee-mocopala-kiloda/song/ata-all-twasa-affairs,https://i.audiomack.com/barsee-mocopala-kiloda/38beecd4a9.webp?width=416,327000,2700,N/A,3150,"October 25, 2025"
2026-08-12 04:44:42,Barsee Mocopala Kiloda,BARSEE MOCOPALA KILODAMRS. PROBLEM,https://audiomack.com/barsee-mocopala-kiloda/song/barsee-miss-problem-prod-j-nas-beatz,https://i.audiomack.com/barsee-mocopala-kiloda/7df5f53662.webp?width=416,93400,M,N/A,978,"February 20, 2026"
2026-08-12 04:44:46,Barsee Mocopala Kiloda,Barsee Mocopala KilodaBarsee_Mocopala_Kiloda_MR Me ___Prod By__Juice Beatz__,https://audiomack.com/barsee-mocopala-kiloda/song/barsee-mocopala-kiloda-mr-me-prod-by-juice-beatz,https://i.audiomack.com/krykayness/41f62991e7.webp?width=416,268000,2210,N/A,1900,"February 11, 2021"
2026-08-12 04:44:49,Barsee Mocopala Kiloda,BARSEE MOCOPALA KILODABLOODY HOLD ON,https://audiomack.com/barsee-mocopala-kiloda/song/aud-20260124-wa0001,https://i.audiomack.com/barsee-mocopala-kiloda/7df5f53662.webp?width=416,57100,767,N/A,610,"February 20, 2026"
2026-08-12 04:44:52,Barsee Mocopala Kiloda,Barsee Mocopala KilodaYour Mouth_Barsee Mocopala Kiloda x Angel Michael_prod by_ Juice Beatz,https://audiomack.com/barsee-mocopala-kiloda/song/your-mouth-barsee-mocopala-kiloda-x-angel-michael-prod-by-juice-beatz,https://i.audiomack.com/krykayness/aefb1c519e.webp?width=416,99500,408,N/A,779,"November 14, 2019"
2026-08-12 04:44:56,Barsee Mocopala Kiloda,Barsee Mocopala KilodaBarsee_Mocopala_Kiloda_ Heaven Prod. By T Smile,https://audiomack.com/barsee-mocopala-kiloda/song/barsee-mocopala-kiloda-heaven-prod-by-t-smile,https://i.audiomack.com/krykayness/41f62991e7.webp?width=416,169000,1730,N/A,1410,"February 11, 2021"
2026-08-12 04:44:59,Barsee Mocopala Kiloda,Barsee Mocopala KilodaKILO Quietly,https://audiomack.com/barsee-mocopala-kiloda/song/kilo-quietly,https://i.audiomack.com/krykayness/20953856f6.webp?width=416,297000,2400,N/A,3980,"May 25, 2024"
2026-08-12 04:45:03,Barsee Mocopala Kiloda,BARSEE MOCOPALA KILODAI BELIEVE,https://audiomack.com/barsee-mocopala-kiloda/song/belive-master,https://i.audiomack.com/barsee-mocopala-kiloda/7df5f53662.webp?width=416,41400,652,N/A,544,"February 20, 2026"
2026-08-12 04:45:06,Barsee Mocopala Kiloda,Barsee Mocopala KilodaBrakes   Pord. Kizzy W,https://audiomack.com/barsee-mocopala-kiloda/song/brakes-pord-kizzy-w,https://i.audiomack.com/krykayness/41f62991e7.webp?width=416,143000,1370,N/A,1360,"February 11, 2021"
2026-08-12 04:45:09,Barsee Mocopala Kiloda,Barsee Mocopala KilodaLOFA County Allstar - We Ready Prod. @kizzywmusic,https://audiomack.com/barsee-mocopala-kiloda/song/lofa-county-allstar-we-ready-prod-kizzywmusic,https://i.audiomack.com/krykayness/9262f1168b.webp?width=416,350000,1620,N/A,4340,"January 14, 2020"
2026-08-12 04:45:13,Barsee Mocopala Kiloda,Barsee Mocopala KilodaBarsee_Mocopala_Kiloda_ Lay_luyah Prod,https://audiomack.com/barsee-mocopala-kiloda/song/barsee-mocopala-kiloda-lay-luyah-prod,https://i.audiomack.com/krykayness/41f62991e7.webp?width=416,110000,1360,N/A,1180,"February 11, 2021"
2026-08-12 04:45:16,Barsee Mocopala Kiloda,Barsee Mocopala KilodaBarsee_Rush_Route_PROD_TSMILE_BEAT,https://audiomack.com/barsee-mocopala-kiloda/song/barsee-rush-route-prod-tsmile-beat,https://i.audiomack.com/krykayness/41f62991e7.webp?width=416,121000,1440,N/A,1180,"February 11, 2021"
2026-08-12 04:45:20,Barsee Mocopala Kiloda,Barsee Mocopala KilodaGun Talk_-_Master1,https://audiomack.com/barsee-mocopala-kiloda/song/gun-talk-master1,https://i.audiomack.com/barsee-mocopala-kiloda/812320651c.webp?width=416,79800,1,N/A,592,"March 9, 2019"
2026-08-12 04:45:23,Barsee Mocopala Kiloda,Barsee Mocopala KilodaBarsee_Mocopala_Kiloda _JUST_CAME_ Prod By_Juice Beatz,https://audiomack.com/barsee-mocopala-kiloda/song/barsee-mocopala-kiloda-just-came-prod-by-juice-beatz,https://i.audiomack.com/krykayness/41f62991e7.webp?width=416,78000,1140,N/A,1070,"February 11, 2021"
2026-08-12 04:45:27,Barsee Mocopala Kiloda,Barsee Mocopala KilodaBarsee-Kiloda-Feat.-Sylzee-Love-Me-4-Natin-Prod.-DJ-Magiic,https://audiomack.com/barsee-mocopala-kiloda/song/barsee-kiloda-feat-sylzee-love-me-4-natin-prod-dj-magiic,https://i.audiomack.com/krykayness/0e7b140f08.webp?width=416,82500,332,N/A,604,"November 13, 2019"
2026-08-12 04:45:30,Barsee Mocopala Kiloda,Barsee Mocopala KilodaBarsee_Mocopala_Kiloda_MY_STORY_prod By Jiuce Beatz,https://audiomack.com/barsee-mocopala-kiloda/song/barsee-mocopala-kiloda-my-story-prod-by-jiuce-beatz,https://i.audiomack.com/krykayness/41f62991e7.webp?width=416,94900,1220,N/A,1140,"February 11, 2021"
2026-08-12 04:45:33,Barsee Mocopala Kiloda,Barsee Mocopala KilodaOff Neck_prod By _Juice Beatz   T Smile,https://audiomack.com/barsee-mocopala-kiloda/song/off-neck-prod-by-juice-beatz-t-smile,https://i.audiomack.com/krykayness/41f62991e7.webp?width=416,77500,1130,N/A,1140,"February 11, 2021"
2026-08-12 04:45:37,Barsee Mocopala Kiloda,Barsee Mocopala KilodaBarsee_-At Night Fall-[Prod J Nas Beatz],https://audiomack.com/barsee-mocopala-kiloda/song/barsee-at-night-fall-prod-j-nas-beatz,https://i.audiomack.com/krykayness/20620683bb.webp?width=416,208000,1830,N/A,2300,"November 13, 2024"
2026-08-12 04:45:40,Barsee Mocopala Kiloda,Barsee Mocopala KilodaNightfall II,https://audiomack.com/barsee-mocopala-kiloda/song/nightfall-ii,https://i.audiomack.com/krykayness/4f7500830b.webp?width=416,138000,1010,N/A,1360,"November 20, 2024"
2026-08-12 04:45:44,Barsee Mocopala Kiloda,Barsee Mocopala KilodaBarsee_Mocopala_Kiloda_ MoL _prod By_ Juice Beatz,https://audiomack.com/barsee-mocopala-kiloda/song/barsee-mocopala-kiloda-mol-prod-by-juice-beatz,https://i.audiomack.com/krykayness/41f62991e7.webp?width=416,75700,1090,N/A,1010,"February 11, 2021"
2026-08-12 04:45:47,Barsee Mocopala Kiloda,Barsee Mocopala KilodaLove Addict,https://audiomack.com/barsee-mocopala-kiloda/song/love-addict,https://i.audiomack.com/krykayness/41f62991e7.webp?width=416,65600,1020,N/A,1040,"February 11, 2021"
2026-08-12 04:45:51,Barsee Mocopala Kiloda,Barsee Mocopala KilodaEveryday,https://audiomack.com/barsee-mocopala-kiloda/song/everyday-1,https://i.audiomack.com/barsee-mocopala-kiloda/18897062-1.webp?width=416,17000,150,N/A,94,"August 23, 2025"
2026-08-12 04:45:54,Barsee Mocopala Kiloda,Barsee Mocopala KilodaRED SHOES,https://audiomack.com/barsee-mocopala-kiloda/song/red-shoes,https://i.audiomack.com/krykayness/a185e27e93.webp?width=416,117000,471,N/A,818,"July 16, 2021"
2026-08-12 04:45:58,Barsee Mocopala Kiloda,Barsee Mocopala KilodaEveryday,https://audiomack.com/barsee-mocopala-kiloda/song/everyday,https://i.audiomack.com/barsee-mocopala-kiloda/b8edf73a07.webp?width=416,164000,1790,N/A,1800,"August 23, 2025"
2026-08-12 04:46:01,Barsee Mocopala Kiloda,Barsee Mocopala KilodaBarsee_ Mocopala Kiloda I_HUSTLE 5,https://audiomack.com/barsee-mocopala-kiloda/song/barsee-mocopala-kiloda-i-hustle-5,https://i.audiomack.com/krykayness/41f62991e7.webp?width=416,62300,5,N/A,1030,"February 11, 2021"
2026-08-12 04:46:04,Barsee Mocopala Kiloda,Barsee Mocopala KilodaBarsee_Mocopala_Kiloda_ Wanted Me To Fail Prod. By_Juice Beat   T Smile,https://audiomack.com/barsee-mocopala-kiloda/song/barsee-mocopala-kiloda-wanted-me-to-fail-prod-by-juice-beat-t-smile,https://i.audiomack.com/krykayness/41f62991e7.webp?width=416,57300,996,N/A,962,"February 11, 2021"
2026-08-12 04:46:08,Barsee Mocopala Kiloda,Barsee Mocopala KilodaBarsee_ Mocopala_ Kiloda__HOPE_prod By_ Juice Beatz,https://audiomack.com/barsee-mocopala-kiloda/song/barsee-mocopala-kiloda-hope-prod-by-juice-beatz,https://i.audiomack.com/krykayness/41f62991e7.webp?width=416,63600,1040,N/A,1000,"February 11, 2021"
2026-08-12 04:46:11,Barsee Mocopala Kiloda,Barsee Mocopala KilodaBarsee_Mocopala_Kiloda_  U_REMEMBER  _prod By_Juice_Beatz,https://audiomack.com/barsee-mocopala-kiloda/song/barsee-mocopala-kiloda-u-remember-prod-by-juice-beatz,https://i.audiomack.com/krykayness/41f62991e7.webp?width=416,63700,1040,N/A,991,"February 11, 2021"
2026-08-12 04:46:15,Barsee Mocopala Kiloda,Barsee Mocopala KilodaBarsee_Mocopala_Kiloda_  POUR  _prod by_Juice_Beatz,https://audiomack.com/barsee-mocopala-kiloda/song/barsee-mocopala-kiloda-pour-prod-by-juice-beatz,https://i.audiomack.com/krykayness/41f62991e7.webp?width=416,52900,981,N/A,967,"February 11, 2021"
2026-08-12 04:46:18,Barsee Mocopala Kiloda,Barsee Mocopala KilodaBarsee_Mocopala_Kiloda_ FEAST_ON,https://audiomack.com/barsee-mocopala-kiloda/song/barsee-mocopala-kiloda-feast-on,https://i.audiomack.com/krykayness/41f62991e7.webp?width=416,56700,1040,N/A,989,"February 11, 2021"
2026-08-12 04:46:22,Barsee Mocopala Kiloda,Barsee Mocopala KilodaTwasa_zootopia,https://audiomack.com/barsee-mocopala-kiloda/song/twasa-zootopia,https://i.audiomack.com/krykayness/1ffaddc04d.webp?width=416,66000,,N/A,527,"August 10, 2023"
2026-08-12 04:46:25,Barsee Mocopala Kiloda,Barsee Mocopala KilodaCarbondioxide,https://audiomack.com/barsee-mocopala-kiloda/song/barsee-mocopala-kiloda-carbondioxide,https://i.audiomack.com/krykayness/40b0ff2844.webp?width=416,219000,1150,N/A,1740,"April 20, 2022"
2026-08-12 04:46:28,Barsee Mocopala Kiloda,Barsee Mocopala KilodaDEEPER THEN OCEAN,https://audiomack.com/barsee-mocopala-kiloda/song/deeper-then-ocean,https://i.audiomack.com/krykayness/41f62991e7.webp?width=416,70200,0,N/A,1050,"February 11, 2021"
2026-08-12 04:46:32,Barsee Mocopala Kiloda,Barsee Mocopala KilodaBarsee_Mocopala_Kiloda_Don't_Move_prod By_ Juice Beatz,https://audiomack.com/barsee-mocopala-kiloda/song/barsee-mocopala-kiloda-dont-move-prod-by-juice-beatz,https://i.audiomack.com/krykayness/41f62991e7.webp?width=416,51800,969,N/A,974,"February 11, 2021"
2026-08-12 04:46:35,Barsee Mocopala Kiloda,Barsee Mocopala KilodaLoud Sound Prod_,https://audiomack.com/barsee-mocopala-kiloda/song/loud-sound-prod,https://i.audiomack.com/krykayness/41f62991e7.webp?width=416,52500,968,N/A,961,"February 11, 2021"
2026-08-12 04:46:39,Barsee Mocopala Kiloda,Barsee Mocopala KilodaAUD-20200115-WA0002,https://audiomack.com/barsee-mocopala-kiloda/song/aud-20200115-wa0002,https://i.audiomack.com/krykayness/ffecd433f6.webp?width=416,48900,0002,N/A,336,"January 15, 2020"
2026-08-12 04:46:42,Barsee Mocopala Kiloda,Barsee Mocopala KilodaREDO FREESTYLE,https://audiomack.com/barsee-mocopala-kiloda/song/redo-freestyle,https://i.audiomack.com/krykayness/195269ae90.webp?width=416,90800,804,N/A,1250,"October 24, 2024"
2026-08-12 04:46:46,Barsee Mocopala Kiloda,Barsee Mocopala KilodaKONKIN HAY,https://audiomack.com/barsee-mocopala-kiloda/song/konkin-hay,https://i.audiomack.com/krykayness/0ae1cdb9b2.webp?width=416,92800,836,N/A,905,"December 12, 2024"
2026-08-12 04:46:49,Barsee Mocopala Kiloda,Barsee Mocopala KilodaMisbehave,https://audiomack.com/barsee-mocopala-kiloda/song/misbehives,https://i.audiomack.com/krykayness/d710914186.webp?width=416,92100,792,N/A,1350,"May 25, 2024"
2026-08-12 04:46:52,Barsee Mocopala Kiloda,Barsee Mocopala KilodaBarsee_Mocopala_Kiloda_ Fire Master,https://audiomack.com/barsee-mocopala-kiloda/song/barsee-mocopala-kiloda-fire-master,https://i.audiomack.com/krykayness/41f62991e7.webp?width=416,51600,984,N/A,997,"February 11, 2021"
2026-08-12 04:46:56,Barsee Mocopala Kiloda,Barsee Mocopala KilodaBarsee_Mocopala_Kiloda_Focus_pro,https://audiomack.com/barsee-mocopala-kiloda/song/barsee-mocopala-kiloda-focus-pro,https://i.audiomack.com/krykayness/41f62991e7.webp?width=416,46000,931,N/A,961,"February 11, 2021"
2026-08-12 04:46:59,Barsee Mocopala Kiloda,Barsee Mocopala KilodaCrime watch II,https://audiomack.com/barsee-mocopala-kiloda/song/crime-watch-ii,https://i.audiomack.com/krykayness/73e829d120.webp?width=416,119000,844,N/A,1220,"November 9, 2024"
2026-08-12 04:47:03,Barsee Mocopala Kiloda,Barsee Mocopala KilodaKilloda Enemy pray-1,https://audiomack.com/barsee-mocopala-kiloda/song/killoda-enemy-pray-1,https://i.audiomack.com/barsee-mocopala-kiloda/c1304a3a18.webp?width=416,35200,1,N/A,264,"July 22, 2019"
2026-08-12 04:47:06,Barsee Mocopala Kiloda,Barsee Mocopala KilodaBarsee-Mocopala-Kiloda-Picture-On-The-Wall,https://audiomack.com/barsee-mocopala-kiloda/song/barsee-mocopala-kiloda-picture-on-the-wall,https://i.audiomack.com/barsee-mocopala-kiloda/394d40f3a2.webp?width=416,39900,204,N/A,307,"June 2, 2019"
2026-08-12 04:47:10,Barsee Mocopala Kiloda,Barsee Mocopala KilodaBarsee Mocopala Kiloda_ZERO LUV prod by _Juice Beatz(de Bassboi),https://audiomack.com/barsee-mocopala-kiloda/song/barsee-mocopala-kiloda-zero-luv-prod-by-juice-beatz-de-bassboi,https://i.audiomack.com/barsee-mocopala-kiloda/cc75ef6069.webp?width=416,34100,165,N/A,207,"July 6, 2019"
2026-08-12 04:47:13,Barsee Mocopala Kiloda,Angel MichaelWifey material,https://audiomack.com/barsee-mocopala-kiloda/song/wifey-material,https://i.audiomack.com/krykayness/0b5c5169c6.webp?width=416,43900,192,N/A,194,"April 7, 2022"
2026-08-12 04:47:16,Barsee Mocopala Kiloda,Barsee Mocopala KilodaElephant inks,https://audiomack.com/barsee-mocopala-kiloda/song/elephant-inks,https://i.audiomack.com/krykayness/20733b591a.webp?width=416,208000,1190,N/A,1820,"February 21, 2022"
2026-08-12 04:47:20,Barsee Mocopala Kiloda,Barsee Mocopala KILOkrykayDaCMIE,https://audiomack.com/barsee-mocopala-kiloda/song/cmie,https://i.audiomack.com/barsee-mocopala-kiloda/560d3bd657.webp?width=416,17100,94,N/A,101,"August 31, 2019"
2026-08-12 04:47:23,Barsee Mocopala Kiloda,Barsee Mocopala KilodaSize in toothpaste,https://audiomack.com/barsee-mocopala-kiloda/song/size-in-toothpaste,https://i.audiomack.com/krykayness/206cd0d736.webp?width=416,67300,323,N/A,464,"December 17, 2021"
2026-08-12 04:47:27,Barsee Mocopala Kiloda,Barsee Mocopala KilodaAUD-20191116-WA0003,https://audiomack.com/barsee-mocopala-kiloda/song/aud-20191116-wa0003,https://i.audiomack.com/krykayness/3403d23701.webp?width=416,32200,140,N/A,182,"November 17, 2019"
2026-08-12 04:47:30,Barsee Mocopala Kiloda,Barsee Mocopala Kilodakilo new song pre mix,https://audiomack.com/barsee-mocopala-kiloda/song/kilo-new-song-pre-mix,https://i.audiomack.com/barsee-mocopala-kiloda/03f82ff75e.webp?width=416,31500,147,N/A,211,"September 29, 2019"
2026-08-12 04:47:33,Barsee Mocopala Kiloda,Barsee Mocopala KilodaAUD-20200918-WA0012,https://audiomack.com/barsee-mocopala-kiloda/song/aud-20200918-wa0012,https://i.audiomack.com/krykayness/645125a96b.webp?width=416,23600,0012,N/A,162,"October 10, 2020"
2026-08-12 04:47:37,Barsee Mocopala Kiloda,Barsee Mocopala KilodaWar Island,https://audiomack.com/barsee-mocopala-kiloda/song/war-island,https://i.audiomack.com/krykayness/30554d360d.webp?width=416,25500,111,N/A,193,"December 22, 2020"
2026-08-12 04:47:40,Barsee Mocopala Kiloda,Ba WestFEARLESS,https://audiomack.com/barsee-mocopala-kiloda/song/aud-20190309-wa0000,https://i.audiomack.com/barsee-mocopala-kiloda/80f87d041b.webp?width=416,14800,60,N/A,105,"March 9, 2019"
2026-08-12 04:47:43,Barsee Mocopala Kiloda,Barsee Mocopala KilodaWHO TAYKAY,https://audiomack.com/barsee-mocopala-kiloda/song/who-taykay,https://i.audiomack.com/krykayness/1860bf8a69.webp?width=416,24400,114,N/A,110,"October 2, 2021"
2026-08-12 04:47:47,Barsee Mocopala Kiloda,Barsee Mocopala KilodaAUD-20200530-WA0000,https://audiomack.com/barsee-mocopala-kiloda/song/aud-20200530-wa0000,https://i.audiomack.com/krykayness/6ad82a72b8.webp?width=416,18600,0000,N/A,122,"May 30, 2020"
2026-08-12 04:47:50,Barsee Mocopala Kiloda,Barsee Mocopala KilodaMY SOLDIER,https://audiomack.com/barsee-mocopala-kiloda/song/my-soldier,https://i.audiomack.com/krykayness/bb3cfeddd9.webp?width=416,12800,47,N/A,84,"November 5, 2020"
2026-08-12 04:47:54,Barsee Mocopala Kiloda,Barsee Mocopala KilodaBIRTHDAY BOY,https://audiomack.com/barsee-mocopala-kiloda/song/birthday-boy,https://i.audiomack.com/krykayness/b0df7e97c4.webp?width=416,16300,73,N/A,89,"January 15, 2021"
2026-08-12 04:48:13,Mr. Church,Mr. ChurchWake Up,https://audiomack.com/mr-church1/song/wake-up,https://i.audiomack.com/mr-church1/994c9352d6.webp?width=416,46500,945,N/A,369,"April 25, 2026"
2026-08-12 04:48:17,Mr. Church,Mr. ChurchIntro (Mpd),https://audiomack.com/mr-church1/song/intro-mpd,https://i.audiomack.com/mr-church1/994c9352d6.webp?width=416,52900,1020,N/A,388,"April 25, 2026"
2026-08-12 04:48:21,Mr. Church,Mr. ChurchGhetto,https://audiomack.com/mr-church1/song/ghetto,https://i.audiomack.com/mr-church1/994c9352d6.webp?width=416,32800,774,N/A,240,"April 25, 2026"
2026-08-12 04:48:24,Mr. Church,Mr. ChurchLEY GEEZ,https://audiomack.com/mr-church1/song/ley-geez,https://i.audiomack.com/mr-church1/5974598367.webp?width=416,114000,B,N/A,1980,"December 5, 2025"
2026-08-12 04:48:28,Mr. Church,Mr. ChurchHigher,https://audiomack.com/mr-church1/song/higher,https://i.audiomack.com/mr-church1/994c9352d6.webp?width=416,22700,23,N/A,159,"April 25, 2026"
2026-08-12 04:48:31,Mr. Church,Mr. ChurchNobody Loyal,https://audiomack.com/mr-church1/song/nobody-loyal,https://i.audiomack.com/mr-church1/994c9352d6.webp?width=416,38600,802,N/A,305,"April 25, 2026"
2026-08-12 04:48:34,Mr. Church,Mr. ChurchLet It Shine,https://audiomack.com/mr-church1/song/let-it-shine,https://i.audiomack.com/mr-church1/994c9352d6.webp?width=416,30300,755,N/A,218,"April 25, 2026"
2026-08-12 04:48:38,Mr. Church,Mr. ChurchCulture,https://audiomack.com/mr-church1/song/culture-church,https://i.audiomack.com/mr-church1/8cdf4b9cfc.webp?width=416,31900,795,N/A,179,"March 27, 2026"
2026-08-12 04:48:41,Mr. Church,Mr. ChurchAnubis,https://audiomack.com/mr-church1/song/anubis,https://i.audiomack.com/mr-church1/994c9352d6.webp?width=416,16800,646,N/A,174,"April 25, 2026"
2026-08-12 04:48:45,Mr. Church,Mr. ChurchOutro ADHD,https://audiomack.com/mr-church1/song/outro-adhd,https://i.audiomack.com/mr-church1/994c9352d6.webp?width=416,19200,607,N/A,158,"April 25, 2026"
2026-08-12 04:48:48,Mr. Church,Mr. ChurchMy Strength,https://audiomack.com/mr-church1/song/my-strength,https://i.audiomack.com/mr-church1/b80cf10e48.webp?width=416,3980,176,N/A,23,"July 10, 2026"
2026-08-12 04:48:52,Mr. Church,Mr. ChurchMan 2 Man (Freestyle),https://audiomack.com/mr-church1/song/man-2-man-freestyle,https://i.audiomack.com/mr-church1/d012ddf240.webp?width=416,17000,257,N/A,63,"January 29, 2026"
2026-08-12 04:48:55,Mr. Church,Mr. ChurchTalk Abuh Ay,https://audiomack.com/mr-church1/song/talk-abor-ayy,https://i.audiomack.com/mr-church1/5f2bb89473.webp?width=416,56500,595,N/A,481,"May 11, 2025"
2026-08-12 04:48:59,Mr. Church,Mr. ChurchElephant Hunt,https://audiomack.com/mr-church1/song/elephant-hunt-mr-church,https://i.audiomack.com/mr-church1/16c00e1fbc.webp?width=416,117000,1100,N/A,1000,"November 10, 2024"
2026-08-12 04:49:02,Mr. Church,Mr. ChurchUnique,https://audiomack.com/mr-church1/song/unique,https://i.audiomack.com/churchboi-jackson-music/a773fa5798.webp?width=416,77700,742,N/A,833,"May 29, 2023"
2026-08-12 04:49:05,Mr. Church,Mr. ChurchLiberian Girl,https://audiomack.com/mr-church1/song/liberian-girl,https://i.audiomack.com/mr-church1/98cee1f667.webp?width=416,17500,309,N/A,87,"February 14, 2026"
2026-08-12 04:49:09,Mr. Church,Mr. ChurchTWASAddicts,https://audiomack.com/mr-church1/song/twasaddicts,https://i.audiomack.com/mr-church1/6496624c62.webp?width=416,66300,731,N/A,483,"November 20, 2024"
2026-08-12 04:49:12,Mr. Church,Mr. ChurchRest In Pieces,https://audiomack.com/mr-church1/song/rest-in-pieces,https://i.audiomack.com/mr-church1/f8a2159d5b.webp?width=416,154000,1710,N/A,1220,"April 12, 2024"
2026-08-12 04:49:16,Mr. Church,Mr. ChurchMy Zone,https://audiomack.com/mr-church1/song/my-zone,https://i.audiomack.com/mr-church1/63015d3123.webp?width=416,93200,1180,N/A,1490,"March 21, 2025"
2026-08-12 04:49:19,Mr. Church,Mr. ChurchHuman,https://audiomack.com/mr-church1/song/human,https://i.audiomack.com/mr-church1/400b612eef.webp?width=416,54300,904,N/A,528,"November 15, 2024"
2026-08-12 04:49:23,Mr. Church,Mr. ChurchTWASAddicts 2,https://audiomack.com/mr-church1/song/twasaddicts-2,https://i.audiomack.com/mr-church1/4395cece47.webp?width=416,45500,2,N/A,334,"November 20, 2024"
2026-08-12 04:49:26,Mr. Church,Mr. ChurchHeavyweight Champ,https://audiomack.com/mr-church1/song/heavyweight-champ,https://i.audiomack.com/mr-church1/9fd19f0465.webp?width=416,55900,852,N/A,531,"April 30, 2024"
2026-08-12 04:49:29,Mr. Church,Mr. ChurchEvil lurks,https://audiomack.com/mr-church1/song/evil-lurks,https://i.audiomack.com/churchboi-jackson-music/1d38d2071b.webp?width=416,42700,372,N/A,352,"April 14, 2023"
2026-08-12 04:49:33,Mr. Church,Mr. ChurchSquid Game,https://audiomack.com/mr-church1/song/squid-game,https://i.audiomack.com/mr-church1/b7791fe221.webp?width=416,15200,333,N/A,244,"July 8, 2024"
2026-08-12 04:49:36,Mr. Church,Mr. ChurchCrazy People,https://audiomack.com/mr-church1/song/crazy-people,https://i.audiomack.com/mr-church1/d296eb5e55.webp?width=416,22500,301,N/A,177,"September 26, 2024"
2026-08-12 04:49:40,Mr. Church,Mr. ChurchReady or Not (Freestyle),https://audiomack.com/mr-church1/song/ready-or-not-freestyle,https://i.audiomack.com/mr-church1/74c1ed2890.webp?width=416,7920,152,N/A,62,"October 4, 2025"
2026-08-12 04:49:43,Mr. Church,Mr. ChurchHennessy Freestyle,https://audiomack.com/mr-church1/song/hennessy-freestyle,https://i.audiomack.com/mr-church1/08177ff610.webp?width=416,8100,151,N/A,70,"January 9, 2025"
2026-08-12 04:49:46,Mr. Church,Mr. ChurchParadigm Shift,https://audiomack.com/mr-church1/song/paradigm-shift,https://i.audiomack.com/churchboi-jackson-music/33349d4340.webp?width=416,17200,187,N/A,225,"January 14, 2021"
2026-08-12 04:49:50,Mr. Church,DNY_ft_Gusta_&_Mr. ChurchUnity(County_Meet),https://audiomack.com/mr-church1/song/unitycounty-meet,https://i.audiomack.com/mr-church1/2946c041db.webp?width=416,49900,411,N/A,645,"April 3, 2024"
2026-08-12 04:49:53,Mr. Church,Mr. ChurchPeople (Open Verse),https://audiomack.com/mr-church1/song/people-oven-verse,https://i.audiomack.com/churchboi-jackson-music/bb0be716cd.webp?width=416,20600,177,N/A,249,"February 5, 2023"
2026-08-12 04:49:57,Mr. Church,Mr. ChurchTherapy,https://audiomack.com/mr-church1/song/therapy,https://i.audiomack.com/churchboi-jackson-music/f271aa929d.webp?width=416,13400,199,N/A,240,"January 29, 2023"
2026-08-12 04:50:00,Mr. Church,Mr. ChurchChristmas Story ( Joy to the world),https://audiomack.com/mr-church1/song/christmas-story-joy-to-the-world,https://i.audiomack.com/churchboi-jackson-music/425ee2d4fc.webp?width=416,13100,177,N/A,145,"December 22, 2021"
2026-08-12 04:50:04,Mr. Church,Mr. ChurchDo Like Me,https://audiomack.com/mr-church1/song/do-like-me,https://i.audiomack.com/mr-church1/412bbdcba6.webp?width=416,15000,265,N/A,177,"April 14, 2025"
2026-08-12 04:50:07,Mr. Church,Mr. ChurchLet It Go,https://audiomack.com/mr-church1/song/let-it-go,https://i.audiomack.com/mr-church1/56b7e9be85.webp?width=416,21200,453,N/A,227,"May 22, 2024"
2026-08-12 04:50:10,Mr. Church,Mr. ChurchMisunderstood,https://audiomack.com/mr-church1/song/misunderstood,https://i.audiomack.com/mr-church1/24970dca1c.webp?width=416,8250,195,N/A,81,"July 11, 2025"
2026-08-12 04:50:14,Mr. Church,Mr. ChurchI'm  Blessed,https://audiomack.com/mr-church1/song/im-blessed,https://i.audiomack.com/churchboi-jackson-music/9779ebab20.webp?width=416,18100,200,N/A,240,"May 17, 2021"
2026-08-12 04:50:17,Mr. Church,Mr. ChurchThe Basics (Freestyle),https://audiomack.com/mr-church1/song/the-basics-freestyle,https://i.audiomack.com/mr-church1/940e03936a.webp?width=416,4500,78,N/A,33,"August 29, 2025"
2026-08-12 04:50:37,Natif,NatifRaining season,https://audiomack.com/natif/song/raining-season,https://i.audiomack.com/natif/1a918d7c7a.webp?width=416,5570,157,N/A,14,"August 4, 2026"
2026-08-12 04:50:41,Natif,NatifWoo,https://audiomack.com/natif/song/woo,https://i.audiomack.com/natif/2c85a873d2.webp?width=416,31900,407,N/A,179,"April 10, 2026"
2026-08-12 04:50:44,Natif,NatifHmm,https://audiomack.com/natif/song/hmm,https://i.audiomack.com/natif/7b9dda84b6.webp?width=416,375000,2280,N/A,2700,"August 18, 2025"
2026-08-12 04:50:48,Natif,NatifI Do,https://audiomack.com/natif/song/i-do,https://i.audiomack.com/iportay/ca2c9af32e.webp?width=416,141000,797,N/A,1440,"March 10, 2022"
2026-08-12 04:50:51,Natif,NatifWhat's Love,https://audiomack.com/natif/song/1-whats-love,https://i.audiomack.com/iportay-official/36775810d1.webp?width=416,353000,2650,N/A,5720,"July 11, 2023"
2026-08-12 04:50:54,Natif,NatifPromise,https://audiomack.com/natif/song/8-promise-ft-j-slught,https://i.audiomack.com/iportay-official/36775810d1.webp?width=416,212000,0,N/A,2760,"July 11, 2023"
2026-08-12 04:50:58,Natif,NatifEVERY BODY,https://audiomack.com/natif/song/every-body,https://i.audiomack.com/natif/5d21fd2848.webp?width=416,51500,365,N/A,428,"February 15, 2025"
2026-08-12 04:51:02,Natif,NatifTaxi Driver,https://audiomack.com/natif/song/taxi-driver,https://i.audiomack.com/natif/76ae5d31a9.webp?width=416,46200,510,N/A,219,"December 12, 2025"
2026-08-12 04:51:05,Natif,Natifi Happy,https://audiomack.com/natif/song/i-happy,https://i.audiomack.com/natif/6898914931.webp?width=416,99100,717,N/A,961,"July 11, 2025"
2026-08-12 04:51:08,Natif,NatifBluffing,https://audiomack.com/natif/song/3-bluffing-ft-ipm-x-kingstore,https://i.audiomack.com/iportay-official/36775810d1.webp?width=416,50800,403,N/A,416,"July 11, 2023"
2026-08-12 04:51:12,Natif,NatifPure Water,https://audiomack.com/natif/song/2-pure-water-ft-favor-dominion,https://i.audiomack.com/iportay-official/36775810d1.webp?width=416,61500,435,N/A,438,"July 11, 2023"
2026-08-12 04:51:15,Natif,NatifHmmm,https://audiomack.com/natif/song/hmmm,https://i.audiomack.com/natif/19323520-c.webp?width=416,39400,213,N/A,195,"September 24, 2025"
2026-08-12 04:51:19,Natif,Natifos,https://audiomack.com/natif/song/os,https://i.audiomack.com/iportay-official/36775810d1.webp?width=416,36000,320,N/A,360,"July 11, 2023"
2026-08-12 04:51:22,Natif,NatifLike,https://audiomack.com/natif/song/7-like-ft-eric-geso,https://i.audiomack.com/iportay-official/36775810d1.webp?width=416,66000,500,N/A,581,"July 11, 2023"
2026-08-12 04:51:26,Natif,NatifSingle,https://audiomack.com/natif/song/6-single,https://i.audiomack.com/iportay-official/36775810d1.webp?width=416,49600,379,N/A,412,"July 11, 2023"
2026-08-12 04:51:29,Natif,NatifTrue,https://audiomack.com/natif/song/5-true-ft-raquel,https://i.audiomack.com/iportay-official/36775810d1.webp?width=416,88500,809,N/A,1040,"July 11, 2023"
2026-08-12 04:51:33,Natif,NatifSarah,https://audiomack.com/natif/song/4-sarah,https://i.audiomack.com/iportay-official/36775810d1.webp?width=416,49200,401,N/A,440,"July 11, 2023"
2026-08-12 04:51:36,Natif,NatifMate,https://audiomack.com/natif/song/9-mate,https://i.audiomack.com/iportay-official/36775810d1.webp?width=416,38500,342,N/A,402,"July 11, 2023"
2026-08-12 04:51:39,Natif,NatifStory,https://audiomack.com/natif/song/story,https://i.audiomack.com/natif/524d01518f.webp?width=416,10300,69,N/A,90,"February 15, 2021"
2026-08-12 04:51:43,Natif,NatifHand up,https://audiomack.com/natif/song/hand-up,https://i.audiomack.com/iportay/4108a2fc20.webp?width=416,17800,63,N/A,81,"March 8, 2022"
2026-08-12 04:51:46,Natif,NatifLover Boi,https://audiomack.com/natif/song/10-lover-boi,https://i.audiomack.com/iportay-official/36775810d1.webp?width=416,32900,311,N/A,363,"July 11, 2023"
2026-08-12 04:51:49,Natif,Natifbad dream,https://audiomack.com/natif/song/bad-dream,https://i.audiomack.com/natif/db85600db9.webp?width=416,5270,34,N/A,34,"February 17, 2021"
2026-08-12 04:51:53,Natif,NatifUmjeleh,https://audiomack.com/natif/song/13222413,https://i.audiomack.com/natif/4d9f55b1f6.webp?width=416,13200,63,N/A,37,"April 23, 2021"
2026-08-12 04:51:56,Natif,Natif X IPMWe Move,https://audiomack.com/natif/song/we-move,https://i.audiomack.com/natif/cda0246f4f.webp?width=416,4120,22,N/A,19,"June 12, 2021"
2026-08-12 04:52:00,Natif,NatifCounty Meet,https://audiomack.com/natif/song/audio-2022-11-15-19-02-23,https://i.audiomack.com/iportay/178ef26a9b.webp?width=416,9800,59,N/A,59,"November 16, 2022"
2026-08-12 04:52:03,Natif,NatifDon't Argue,https://audiomack.com/natif/song/dont-argue,https://i.audiomack.com/natif/179084b4ae.webp?width=416,62400,732,N/A,1160,"September 26, 2024"
2026-08-12 04:52:06,Natif,NatifCALL POLICE,https://audiomack.com/natif/song/call-police,https://i.audiomack.com/iportay/84c2bea0f4.webp?width=416,17100,76,N/A,99,"August 25, 2022"
2026-08-12 04:52:10,Natif,NatifBAD MUSIC,https://audiomack.com/natif/song/bad-music,https://i.audiomack.com/iportay/08e845b64e.webp?width=416,6340,34,N/A,31,"March 21, 2022"
2026-08-12 04:52:13,Natif,Natifvawulence,https://audiomack.com/natif/song/vawulence,https://i.audiomack.com/iportay/6d1165c2f4.webp?width=416,31400,174,N/A,140,"December 26, 2022"
2026-08-12 04:52:16,Natif,NatifLA SOME THERE,https://audiomack.com/natif/song/la-some-there,https://i.audiomack.com/natif/c40c22e02e.webp?width=416,4680,28,N/A,49,"February 17, 2021"
2026-08-12 04:52:20,Natif,NatifRACK (Prod. Mz Exclusive),https://audiomack.com/natif/song/rack-prod-mz-exclusive,https://i.audiomack.com/iportay/210c805017.webp?width=416,12700,59,N/A,72,"March 18, 2023"
2026-08-12 04:52:24,Natif,NatifShay,https://audiomack.com/natif/song/shay,https://i.audiomack.com/iportay/08e845b64e.webp?width=416,33100,147,N/A,183,"October 12, 2022"
2026-08-12 04:52:41,Lil More,Lil MoreOn Lay Liquor,https://audiomack.com/LilMore/song/on-lay-liquor,https://i.audiomack.com/LilMore/237dbc2e63.webp?width=416,162000,2150,N/A,897,"July 24, 2026"
2026-08-12 04:52:45,Lil More,Lil MoreLa God Oh,https://audiomack.com/LilMore/song/la-god-oh,https://i.audiomack.com/LilMore/40379746e9.webp?width=416,323000,3150,N/A,2590,"June 19, 2026"
2026-08-12 04:52:48,Lil More,Lil MoreAyy Hurting Dem,https://audiomack.com/LilMore/song/ayy-hurting-dem,https://i.audiomack.com/lilmore24gmailcom/a148d3af8b.webp?width=416,1490000,7430,N/A,17500,"May 4, 2024"
2026-08-12 04:52:52,Lil More,Lil. MoreKpor Kpor,https://audiomack.com/LilMore/song/kpor-kpor,https://i.audiomack.com/LilMore/19235339-c.webp?width=416,720000,5330,N/A,9400,"October 3, 2025"
2026-08-12 04:52:55,Lil More,Lil. MoreI Like Myself,https://audiomack.com/LilMore/song/i-like-myself,https://i.audiomack.com/LilMore/2482b03b95.webp?width=416,314000,2680,N/A,2990,"December 26, 2025"
2026-08-12 04:52:59,Lil More,Lil MoreOhh,https://audiomack.com/LilMore/song/ohh,https://i.audiomack.com/lilmore24gmailcom/18208480-c.webp?width=416,696000,5660,N/A,6050,"July 14, 2025"
2026-08-12 04:53:02,Lil More,Lil MoreLil-More-People-Cover,https://audiomack.com/LilMore/song/lil-more-people-cover,https://i.audiomack.com/lilmore24gmailcom/4a4f9163a5.webp?width=416,91800,949,N/A,923,"April 17, 2023"
2026-08-12 04:53:06,Lil More,Lil MoreLiL-More-Bluffer-joe-1,https://audiomack.com/LilMore/song/lil-more-bluffer-joe-1,https://i.audiomack.com/lilmore24gmailcom/4a4f9163a5.webp?width=416,106000,1,N/A,1490,"April 17, 2023"
2026-08-12 04:53:09,Lil More,Lil MoreChampion,https://audiomack.com/LilMore/song/champion,https://i.audiomack.com/lilmore24gmailcom/48bf7c24b4.webp?width=416,172000,1660,N/A,2190,"April 4, 2025"
2026-08-12 04:53:12,Lil More,Lil MoreLIL-MORE-_-My-Way-_-Via_www.soundliberia.com_,https://audiomack.com/LilMore/song/lil-more-my-way-via-wwwsoundliberiacom,https://i.audiomack.com/lilmore24gmailcom/4a4f9163a5.webp?width=416,44200,624,N/A,461,"April 17, 2023"
2026-08-12 04:53:16,Lil More,Lil MoreLil.More-ft-Mag-Man-Double-double-1,https://audiomack.com/LilMore/song/lilmore-ft-mag-man-double-double-1,https://i.audiomack.com/lilmore24gmailcom/4a4f9163a5.webp?width=416,37700,1,N/A,425,"April 17, 2023"
2026-08-12 04:53:19,Lil More,Lil MoreLil-More-Love-me,https://audiomack.com/LilMore/song/lil-more-love-me,https://i.audiomack.com/lilmore24gmailcom/4a4f9163a5.webp?width=416,30800,542,N/A,384,"April 17, 2023"
2026-08-12 04:53:23,Lil More,Lil MoreLil-More_Forever-_Cover,https://audiomack.com/LilMore/song/lil-more-forever-cover,https://i.audiomack.com/lilmore24gmailcom/4a4f9163a5.webp?width=416,30000,529,N/A,368,"April 17, 2023"
2026-08-12 04:53:26,Lil More,Lil MoreLil-More--Dought-mp3,https://audiomack.com/LilMore/song/lil-more-dought-mp3,https://i.audiomack.com/lilmore24gmailcom/4a4f9163a5.webp?width=416,25800,3,N/A,334,"April 17, 2023"
2026-08-12 04:53:30,Lil More,Lil MoreIn My Hay,https://audiomack.com/LilMore/song/in-my-hay,https://i.audiomack.com/lilmore24gmailcom/7f76c9c89b.webp?width=416,20300,163,N/A,179,"September 17, 2023"
2026-08-12 04:53:47,Writerman Willy,Writerman WillyHallelu,https://audiomack.com/writerman_willy/song/hallelu,https://i.audiomack.com/writerman_willy/ce8adabb83.webp?width=416,47200,285,N/A,847,"February 20, 2026"
2026-08-12 04:53:51,Writerman Willy,Writerman WillyMama,https://audiomack.com/writerman_willy/song/mama,https://i.audiomack.com/writerman_willy/3ccc7d7636.webp?width=416,140000,1490,N/A,1940,"August 19, 2025"
2026-08-12 04:53:54,Writerman Willy,Writerman WillyGlaypor's Favorite,https://audiomack.com/writerman_willy/song/glaypors-favorite,https://i.audiomack.com/writerman_willy/71fbd6bcf3.webp?width=416,3560,66,N/A,26,"June 27, 2026"
2026-08-12 04:53:57,Writerman Willy,Writerman WillyFine People Big Woman,https://audiomack.com/writerman_willy/song/fine-people-big-woman,https://i.audiomack.com/writerman_willy/17840712-5.webp?width=416,90600,844,N/A,1420,"June 21, 2025"
2026-08-12 04:54:01,Writerman Willy,Writerman WillyPurple & Speed,https://audiomack.com/writerman_willy/song/purple-speed,https://i.audiomack.com/writerman-willy/eccf6f6e0f.webp?width=416,95600,672,N/A,1020,"April 19, 2024"
2026-08-12 04:54:04,Writerman Willy,Writerman WillyJubilee,https://audiomack.com/writerman_willy/song/jubilee,https://i.audiomack.com/writerman_willy/19402885-5.webp?width=416,63200,421,N/A,989,"September 30, 2025"
2026-08-12 04:54:08,Writerman Willy,Writerman WillyMore,https://audiomack.com/writerman_willy/song/more,https://i.audiomack.com/writerman_willy/81875b68ed.webp?width=416,84700,840,N/A,1120,"October 11, 2024"
2026-08-12 04:54:11,Writerman Willy,Writerman WillyTaken,https://audiomack.com/writerman_willy/song/taken,https://i.audiomack.com/writerman_willy/84c3a50eb4.webp?width=416,8370,131,N/A,43,"April 22, 2026"
2026-08-12 04:54:15,Writerman Willy,Writerman-WillyFire,https://audiomack.com/writerman_willy/song/fire,https://i.audiomack.com/writerman_willy/13618689-5.webp?width=416,46100,317,N/A,427,"December 16, 2023"
2026-08-12 04:54:18,Writerman Willy,Writerman Willy90 Years Guarantee,https://audiomack.com/writerman_willy/song/90-years-guarantee,https://i.audiomack.com/writerman_willy/14938984-5.webp?width=416,152000,1400,N/A,5260,"January 10, 2025"
2026-08-12 04:54:22,Writerman Willy,Writerman-WillyMiracle,https://audiomack.com/writerman_willy/song/miracle,https://i.audiomack.com/writerman_willy/13562682-5.webp?width=416,6760,66,N/A,62,"June 16, 2023"
2026-08-12 04:54:25,Writerman Willy,Writerman WillyWilly Day Issa Holiday,https://audiomack.com/writerman_willy/song/willy-day-issa-holiday,https://i.audiomack.com/writerman-willy/7764c161b9.webp?width=416,14900,99,N/A,113,"January 26, 2024"
2026-08-12 04:54:28,Writerman Willy,Writerman WillyCelebration (Freestyle),https://audiomack.com/writerman_willy/song/celebration,https://i.audiomack.com/writerman-willy/c038f2f13a.webp?width=416,7650,87,N/A,50,"July 26, 2023"
2026-08-12 04:54:32,Writerman Willy,Writerman-WillyThe Most,https://audiomack.com/writerman_willy/song/the-most-1,https://i.audiomack.com/writerman_willy/13498179-5.webp?width=416,650,7,N/A,6,"July 4, 2022"
2026-08-12 04:54:36,Writerman Willy,Writerman WillyAmaze Me,https://audiomack.com/writerman_willy/song/amaze-me-1,https://i.audiomack.com/writerman_willy/13755225-5.webp?width=416,734,5,N/A,14,"July 19, 2024"
2026-08-12 04:54:39,Writerman Willy,Writerman WillyAmaze Me,https://audiomack.com/writerman_willy/song/amaze-me,https://i.audiomack.com/writerman-willy/e79beb5906.webp?width=416,27800,473,N/A,710,"July 19, 2024"
2026-08-12 04:54:42,Writerman Willy,Writerman-WillyPurple & Speed,https://audiomack.com/writerman_willy/song/purple-speed-1,https://i.audiomack.com/writerman_willy/13698580-5.webp?width=416,1260,16,N/A,3,"April 19, 2024"
2026-08-12 04:54:46,Writerman Willy,Writerman WillyMore,https://audiomack.com/writerman_willy/song/more-1,https://i.audiomack.com/writerman_willy/13398798-5.webp?width=416,2640,27,N/A,36,"October 11, 2024"
2026-08-12 04:54:49,Writerman Willy,WriterMan WillyThe Most,https://audiomack.com/writerman_willy/song/the-most,https://i.audiomack.com/writerman-willy/b6a85f5534.webp?width=416,3200,24,N/A,37,"July 8, 2023"
2026-08-12 04:55:11,Kpanto,KpantoFRIEND,https://audiomack.com/kpanto_/song/friend,https://i.audiomack.com/kpanto_/1b0166d703.webp?width=416,421000,3260,N/A,5040,"November 14, 2024"
2026-08-12 04:55:14,Kpanto,KpantoMy charger,https://audiomack.com/kpanto_/song/my-charger,https://i.audiomack.com/kpantoskinnyboi/0f361641b9.webp?width=416,284000,K,N/A,1680,"May 14, 2022"
2026-08-12 04:55:17,Kpanto,Kpanto02.Kpanto Ft PCK   Dey Say (Prod By Kpanto),https://audiomack.com/kpanto_/song/02kpanto-ft-pck-dey-say-prod-by-kpanto,https://i.audiomack.com/skinnyboi-kpanto-skinnyking/8da964b39f.webp?width=416,83100,499,N/A,816,"May 14, 2021"
2026-08-12 04:55:21,Kpanto,KpantoDon't Rape Me,https://audiomack.com/kpanto_/song/kpanto-dont-rape-me-rape-part-1-prod-by-kpanto,https://i.audiomack.com/skinnyboi-kpanto-skinnyking/8e23d7b141.webp?width=416,81100,380,N/A,623,"August 23, 2020"
2026-08-12 04:55:24,Kpanto,KpantoCommunity Thin,https://audiomack.com/kpanto_/song/03-kpanto-ft-badman-h-community-thin-prod-by-afo4doe,https://i.audiomack.com/skinnyboi-kpanto-skinnyking/8da964b39f.webp?width=416,48900,337,N/A,599,"May 14, 2021"
2026-08-12 04:55:28,Kpanto,KpantoAfrican Woman,https://audiomack.com/kpanto_/song/african-woman,https://i.audiomack.com/kpanto_/a8158f9fc9.webp?width=416,295000,2450,N/A,4520,"August 10, 2024"
2026-08-12 04:55:32,Kpanto,KpantoWe Outside,https://audiomack.com/kpanto_/song/kpanto-we-outside,https://i.audiomack.com/kpantoskinnyboi/57602ac0ab.webp?width=416,201000,1190,N/A,1480,"May 14, 2022"
2026-08-12 04:55:35,Kpanto,Kpantofluckor,https://audiomack.com/kpanto_/song/kpanto-fluckor-prod-by-kpanto,https://i.audiomack.com/skinnyboi-kpanto-skinnyking/06c048c82e.webp?width=416,63500,299,N/A,471,"July 17, 2020"
2026-08-12 04:55:39,Kpanto,KpantoDey Say,https://audiomack.com/kpanto_/song/13111651,https://i.audiomack.com/skinnyboi-kpanto-skinnyking/385280299e.webp?width=416,52400,198,N/A,376,"April 13, 2021"
2026-08-12 04:55:43,Kpanto,KpantoSAD,https://audiomack.com/kpanto_/song/sad,https://i.audiomack.com/_kpanto/0d29d0367a.webp?width=416,202000,974,N/A,1180,"September 30, 2022"
2026-08-12 04:55:46,Kpanto,KpantoPrayer Request,https://audiomack.com/kpanto_/song/15307802,https://i.audiomack.com/skinnyboi-kpanto-skinnyking/cec85d8ffe.webp?width=416,94500,515,N/A,903,"September 24, 2021"
2026-08-12 04:55:50,Kpanto,KpantoZoGo,https://audiomack.com/kpanto_/song/kpanto-ft-zogo-rapboy-zogo-prod-by-kpanto,https://i.audiomack.com/skinnyboi-kpanto-skinnyking/7714daaa45.webp?width=416,115000,966,N/A,774,"May 14, 2022"
2026-08-12 04:55:53,Kpanto,KpantoDrinking Party,https://audiomack.com/kpanto_/song/kpanto-ft-cic-drinking-party,https://i.audiomack.com/kpantoskinnyboi/57602ac0ab.webp?width=416,80100,826,N/A,795,"May 14, 2022"
2026-08-12 04:55:57,Kpanto,KpantoMy Ex,https://audiomack.com/kpanto_/song/my-ex,https://i.audiomack.com/kpanto_/8e7e4e0a94.webp?width=416,461000,1960,N/A,2570,"April 14, 2023"
2026-08-12 04:56:00,Kpanto,KpantoInfront them,https://audiomack.com/kpanto_/song/kpanto-infront-them-prod-by-afo4doe,https://i.audiomack.com/skinnyboi-kpanto-skinnyking/b4695b253d.webp?width=416,30400,144,N/A,352,"November 2, 2020"
2026-08-12 04:56:04,Kpanto,Kpanto12. KPANTO FT Takun J   Come Down (prod By A.fo4doe),https://audiomack.com/kpanto_/song/12-kpanto-ft-takun-j-come-down-prod-by-afo4doe,https://i.audiomack.com/skinnyboi-kpanto-skinnyking/8da964b39f.webp?width=416,42700,294,N/A,601,"May 14, 2021"
2026-08-12 04:56:07,Kpanto,KpantoKpanto   My Story (Prod By Kpanto),https://audiomack.com/kpanto_/song/01kpanto-my-story-prod-by-kpanto,https://i.audiomack.com/skinnyboi-kpanto-skinnyking/8da964b39f.webp?width=416,40600,324,N/A,532,"May 14, 2021"
2026-08-12 04:56:10,Kpanto,PAGE NOT FOUND,https://audiomack.com/kpanto_/song/kpanto-i-made-it,N/A,N/A,N/A,N/A,N/A,N/A
2026-08-12 04:56:13,Kpanto,KpantoTake off trouser,https://audiomack.com/kpanto_/song/kpanto-take-off-trouser,https://i.audiomack.com/skinnyboi-kpanto-skinnyking/f1555c7dd0.webp?width=416,33500,169,N/A,302,"August 18, 2020"
2026-08-12 04:56:17,Kpanto,KpantoGrass to Grace,https://audiomack.com/kpanto_/song/grass-to-grace,https://i.audiomack.com/kpanto_/85c782b58c.webp?width=416,414000,2770,N/A,4720,"March 11, 2023"
2026-08-12 04:56:20,Kpanto,KpantoSpeak in Tongue,https://audiomack.com/kpanto_/song/kpanto-speak-in-tongue-prod-by-afo4doe,https://i.audiomack.com/skinnyboi-kpanto-skinnyking/f12e664b88.webp?width=416,24500,117,N/A,163,"September 5, 2020"
2026-08-12 04:56:24,Kpanto,KpantoHonourable Freestyle,https://audiomack.com/kpanto_/song/honourable-freestyle,https://i.audiomack.com/kpanto_/6c64c85c3f.webp?width=416,213000,1650,N/A,2700,"April 7, 2024"
2026-08-12 04:56:27,Kpanto,KpantoI Can't Kill Myself,https://audiomack.com/kpanto_/song/kpanto-i-cant-kill-myself,https://i.audiomack.com/kpantoskinnyboi/57602ac0ab.webp?width=416,77800,757,N/A,747,"May 14, 2022"
2026-08-12 04:56:31,Kpanto,KpantoWe Na Equal,https://audiomack.com/kpanto_/song/we-na-equal,https://i.audiomack.com/kpanto_/d5b624a322.webp?width=416,420000,3290,N/A,6290,"July 28, 2023"
2026-08-12 04:56:35,Kpanto,KpantoAway,https://audiomack.com/kpanto_/song/away,https://i.audiomack.com/kpanto_/a37e42937d.webp?width=416,370000,2430,N/A,4130,"November 25, 2023"
2026-08-12 04:56:38,Kpanto,KpantoWalking Naked,https://audiomack.com/kpanto_/song/kpanto-walking-naked-prod-by-a,https://i.audiomack.com/kpantoskinnyboi/57602ac0ab.webp?width=416,48600,690,N/A,600,"May 14, 2022"
2026-08-12 04:56:41,Kpanto,KpantoNo Running  Away,https://audiomack.com/kpanto_/song/kpanto-ft-harmonize-no-running-away,https://i.audiomack.com/kpantoskinnyboi/57602ac0ab.webp?width=416,42600,653,N/A,535,"May 14, 2022"
2026-08-12 04:56:45,Kpanto,KpantoUp and Down,https://audiomack.com/kpanto_/song/up-and-down,https://i.audiomack.com/skinnyboi-kpanto-skinnyking/271c84d6da.webp?width=416,16700,83,N/A,139,"May 16, 2020"
2026-08-12 04:56:48,Kpanto,KpantoSide Chick,https://audiomack.com/kpanto_/song/kpanto-side-chick,https://i.audiomack.com/kpantoskinnyboi/57602ac0ab.webp?width=416,43900,604,N/A,543,"May 14, 2022"
2026-08-12 04:56:51,Kpanto,KpantoEnter Their Eyes,https://audiomack.com/kpanto_/song/kpanto-enter-their-eyes,https://i.audiomack.com/kpantoskinnyboi/57602ac0ab.webp?width=416,35000,557,N/A,476,"May 14, 2022"
2026-08-12 04:56:55,Kpanto,KpantoMy Baby,https://audiomack.com/kpanto_/song/kpantoft-badman-my-baby,https://i.audiomack.com/kpantoskinnyboi/57602ac0ab.webp?width=416,49800,632,N/A,535,"May 14, 2022"
2026-08-12 04:56:58,Kpanto,KpantoBig playa,https://audiomack.com/kpanto_/song/big-playa,https://i.audiomack.com/kpanto_/c6bfe7662c.webp?width=416,210000,1050,N/A,1010,"December 25, 2022"
2026-08-12 04:57:01,Kpanto,KpantoUse Me,https://audiomack.com/kpanto_/song/kpanto-ft-khali-mode-use-me,https://i.audiomack.com/kpantoskinnyboi/57602ac0ab.webp?width=416,32500,564,N/A,463,"May 14, 2022"
2026-08-12 04:57:05,Kpanto,Kpanto05. KPANTO   La Dem (Prod By Kpanto),https://audiomack.com/kpanto_/song/05-kpanto-la-dem-prod-by-kpanto,https://i.audiomack.com/skinnyboi-kpanto-skinnyking/8da964b39f.webp?width=416,19600,200,N/A,351,"May 14, 2021"
2026-08-12 04:57:08,Kpanto,KpantoKpanto---Skin-tight,https://audiomack.com/kpanto_/song/kpanto-skin-tight,https://i.audiomack.com/kpantoskinnyboi/57602ac0ab.webp?width=416,36500,571,N/A,482,"May 14, 2022"
2026-08-12 04:57:11,Kpanto,KpantoLa Geez,https://audiomack.com/kpanto_/song/lah-geez,https://i.audiomack.com/kpanto_/b0995f6f40.webp?width=416,297000,1180,N/A,1770,"May 27, 2023"
2026-08-12 04:57:15,Kpanto,Kpanto14. KPANTO FT Revelation   A.fo4doe   Mandingo Priest   La U ( Prod By A.Fo,https://audiomack.com/kpanto_/song/14-kpanto-ft-revelation-afo4doe-mandingo-priest-la-u-prod-by-afo,https://i.audiomack.com/skinnyboi-kpanto-skinnyking/8da964b39f.webp?width=416,13900,158,N/A,286,"May 14, 2021"
2026-08-12 04:57:18,Kpanto,KpantoU Know God,https://audiomack.com/kpanto_/song/kpanto-u-know-god,https://i.audiomack.com/kpantoskinnyboi/57602ac0ab.webp?width=416,32400,564,N/A,470,"May 14, 2022"
2026-08-12 04:57:21,Kpanto,Kpanto04. KPANTO Ft Paradise Queen   Serious Tin (Prod By Kpanto),https://audiomack.com/kpanto_/song/04-kpanto-ft-paradise-queen-serious-tin-prod-by-kpanto,https://i.audiomack.com/skinnyboi-kpanto-skinnyking/8da964b39f.webp?width=416,17900,189,N/A,306,"May 14, 2021"
2026-08-12 04:57:25,Kpanto,KpantoI Here Na,https://audiomack.com/kpanto_/song/kpanto-i-here-na,https://i.audiomack.com/kpantoskinnyboi/57602ac0ab.webp?width=416,61100,710,N/A,540,"May 14, 2022"
2026-08-12 04:57:28,Kpanto,KpantoLove For Lay Tin,https://audiomack.com/kpanto_/song/love-for-lay-tin,https://i.audiomack.com/kpanto_/9fc3a4aac5.webp?width=416,242000,1870,N/A,3270,"December 25, 2023"
2026-08-12 04:57:32,Kpanto,KpantoDisrespeckay(Small ToTo),https://audiomack.com/kpanto_/song/disrespeckaysmall-toto,https://i.audiomack.com/kpanto_/5b7a6ef1e9.webp?width=416,42300,463,N/A,338,"July 12, 2025"
2026-08-12 04:57:35,Kpanto,Kpanto09. KPANTO   Summer Yor ( Prod By A.Fo4doe),https://audiomack.com/kpanto_/song/09-kpanto-summer-yor-prod-by-afo4doe,https://i.audiomack.com/skinnyboi-kpanto-skinnyking/8da964b39f.webp?width=416,15800,159,N/A,308,"May 14, 2021"
2026-08-12 04:57:39,Kpanto,KpantoKpanto---Pepper,https://audiomack.com/kpanto_/song/kpanto-pepper,https://i.audiomack.com/kpantoskinnyboi/57602ac0ab.webp?width=416,43200,593,N/A,507,"May 14, 2022"
2026-08-12 04:57:42,Kpanto,Kpanto06. KPANTO   Lay Tin Money Can Do (Prod By Kpanto),https://audiomack.com/kpanto_/song/06-kpanto-lay-tin-money-can-do-prod-by-kpanto,https://i.audiomack.com/skinnyboi-kpanto-skinnyking/8da964b39f.webp?width=416,17900,186,N/A,332,"May 14, 2021"
2026-08-12 04:57:45,Kpanto,KpantoKpanto - Ellen Time ( Prod By Kpanto) 1,https://audiomack.com/kpanto_/song/kpanto-ellen-time-prod-by-kpanto-1,https://i.audiomack.com/skinnyboi-kpanto-skinnyking/9376595180.webp?width=416,34500,1,N/A,285,"April 16, 2020"
2026-08-12 04:57:49,Kpanto,Kpanto07. KPANTO   Hide Man (prod By Kpanto),https://audiomack.com/kpanto_/song/07-kpanto-hide-man-prod-by-kpanto,https://i.audiomack.com/skinnyboi-kpanto-skinnyking/8da964b39f.webp?width=416,15300,169,N/A,323,"May 14, 2021"
2026-08-12 04:57:52,Kpanto,Kpanto15. KPANTO   La Satan (Prod By A.Fo4doe),https://audiomack.com/kpanto_/song/15-kpanto-la-satan-prod-by-afo4doe,https://i.audiomack.com/skinnyboi-kpanto-skinnyking/8da964b39f.webp?width=416,12100,159,N/A,307,"May 14, 2021"
2026-08-12 04:57:55,Kpanto,KpantoYaa Yoo Yoo Yaa (Ayy hurting dem),https://audiomack.com/kpanto_/song/kpanto-yaa-yoo-yoo-yaa-ayy-hurting-dem-prod-by-kpanto,https://i.audiomack.com/skinnyboi-kpanto-skinnyking/f4b2832c2d.webp?width=416,25600,124,N/A,121,"March 17, 2022"
2026-08-12 04:57:59,Kpanto,KpantoI Looking Stupid To Enh,https://audiomack.com/kpanto_/song/i-looking-stupid-to-enh,https://i.audiomack.com/skinnyboi-kpanto-skinnyking/85f8254032.webp?width=416,36000,176,N/A,283,"August 16, 2021"
2026-08-12 04:58:02,Kpanto,Kpanto13. KPANTO FT PRIMEBOY   Sin La Sin (Prod By Kpanto),https://audiomack.com/kpanto_/song/13-kpanto-ft-primeboy-sin-la-sin-prod-by-kpanto,https://i.audiomack.com/skinnyboi-kpanto-skinnyking/8da964b39f.webp?width=416,11300,161,N/A,283,"May 14, 2021"
2026-08-12 04:58:05,Kpanto,KpantoKPANTO FT Badman H - Community Thing,https://audiomack.com/kpanto_/song/kpanto-ft-badman-h-community-thing,https://i.audiomack.com/skinnyboi-kpanto-skinnyking/c15eac1c5c.webp?width=416,14500,64,N/A,60,"May 9, 2021"
2026-08-12 04:58:09,Kpanto,KpantoSell ur Market,https://audiomack.com/kpanto_/song/sell-ur-market,https://i.audiomack.com/kpanto_/b6cf4baf40.webp?width=416,126000,667,N/A,595,"March 11, 2023"
2026-08-12 04:58:12,Kpanto,Kpanto10. KPANTO   Vamit N Lick It (Prod By Kpanto),https://audiomack.com/kpanto_/song/10-kpanto-vamit-n-lick-it-prod-by-kpanto,https://i.audiomack.com/skinnyboi-kpanto-skinnyking/8da964b39f.webp?width=416,12600,159,N/A,283,"May 14, 2021"
2026-08-12 04:58:16,Kpanto,KpantoAunty Ehh u see it Enh,https://audiomack.com/kpanto_/song/kpanto-aunty-ehh-u-see-it-enh-prod-by-afo4doe,https://i.audiomack.com/skinnyboi-kpanto-skinnyking/bf88940d71.webp?width=416,11000,64,N/A,56,"January 26, 2022"
2026-08-12 04:58:19,Kpanto,KpantoKpanto - Streetz Commadents,https://audiomack.com/kpanto_/song/kpanto-streetz-commadents,https://i.audiomack.com/skinnyboi-kpanto-skinnyking/929a37187d.webp?width=416,9110,39,N/A,70,"April 16, 2020"
2026-08-12 04:58:23,Kpanto,KpantoEnemies,https://audiomack.com/kpanto_/song/kpanto-enemies-prod-by-afo4doe360p,https://i.audiomack.com/skinnyboi-kpanto-skinnyking/49378deb95.webp?width=416,20200,104,N/A,123,"November 17, 2021"
2026-08-12 04:58:26,Kpanto,Kpanto08. KPANTO   Again (Prod By A.Fo4doe),https://audiomack.com/kpanto_/song/08-kpanto-again-prod-by-afo4doe,https://i.audiomack.com/skinnyboi-kpanto-skinnyking/8da964b39f.webp?width=416,11500,151,N/A,273,"May 14, 2021"
2026-08-12 04:58:30,Kpanto,Kpanto and Mr PresidentI Don't,https://audiomack.com/kpanto_/song/i-dont,https://i.audiomack.com/kpanto_/6bb03fee5e.webp?width=416,73300,484,N/A,911,"August 19, 2023"
2026-08-12 04:58:51,Boifatty,BoifattyPolay in Money,https://audiomack.com/boifattyofficial/song/polay-in-money,https://i.audiomack.com/boifattyofficial/18619931-c.webp?width=416,402000,3630,N/A,4000,"August 15, 2025"
2026-08-12 04:58:55,Boifatty,BOIFATTYAmma,https://audiomack.com/boifattyofficial/song/amma,https://i.audiomack.com/boifattyofficial/7f6563f5f8.webp?width=416,292000,2480,N/A,4410,"December 5, 2025"
2026-08-12 04:58:58,Boifatty,BOIFATTYAfter Love La What,https://audiomack.com/boifattyofficial/song/after-love-la-what,https://i.audiomack.com/boifattyofficial/17595323-c.webp?width=416,76000,705,N/A,1270,"June 12, 2025"
2026-08-12 04:59:02,Boifatty,BoifattyRagga,https://audiomack.com/boifattyofficial/song/ragga,https://i.audiomack.com/boifattyofficial/ae243e520e.webp?width=416,13000,95,N/A,99,"January 28, 4800"
2026-08-12 04:59:05,Boifatty,BoifattyPeace of mind,https://audiomack.com/boifattyofficial/song/peace-of-mind,https://i.audiomack.com/boifattyofficial/d8e5c76f8b.webp?width=416,113000,531,N/A,546,"May 6, 2022"
2026-08-12 04:59:09,Boifatty,BoifattyIt's Over,https://audiomack.com/boifattyofficial/song/its-over,https://i.audiomack.com/boifattyofficial/b98566b91b.webp?width=416,320000,2210,N/A,3230,"March 15, 2023"
2026-08-12 04:59:12,Boifatty,BoifattyDown,https://audiomack.com/boifattyofficial/song/down-1,https://i.audiomack.com/boifattyofficial/3cac8fd3c3.webp?width=416,237000,1180,N/A,993,"January 13, 2023"
2026-08-12 04:59:15,Boifatty,BoifattyTo You I Pray,https://audiomack.com/boifattyofficial/song/to-you-i-pray,https://i.audiomack.com/boifattyofficial/46b6062335.webp?width=416,136000,1810,N/A,2990,"July 16, 2024"
2026-08-12 04:59:19,Boifatty,BoifattySleeping Here,https://audiomack.com/boifattyofficial/song/sleeping-here,https://i.audiomack.com/boifattyofficial/4fbdd30786.webp?width=416,75100,630,N/A,942,"April 11, 2024"
2026-08-12 04:59:22,Boifatty,BoifattyKill Dem,https://audiomack.com/boifattyofficial/song/kill-dem,https://i.audiomack.com/boifattyofficial/8e3f9f265d.webp?width=416,11600,67,N/A,111,"September 20, 2019"
2026-08-12 04:59:25,Boifatty,BOIFATTYWho Win,https://audiomack.com/boifattyofficial/song/who-win,https://i.audiomack.com/boifattyofficial/8742831-co.webp?width=416,20600,231,N/A,336,"November 3, 2023"
2026-08-12 04:59:29,Boifatty,BOIFATTYEx's Lie,https://audiomack.com/boifattyofficial/song/exs-lie,https://i.audiomack.com/boifattyofficial/e9668fd9e6.webp?width=416,97800,531,N/A,812,"June 1, 2023"
2026-08-12 04:59:32,Boifatty,BoifattyGana_Gana,https://audiomack.com/boifattyofficial/song/gana-gana,https://i.audiomack.com/boifattyofficial/5f4aa0bc3f.webp?width=416,85200,1150,N/A,2270,"November 1, 2024"
2026-08-12 04:59:36,Boifatty,BoifattyShut up,https://audiomack.com/boifattyofficial/song/shut-up,https://i.audiomack.com/boifattyofficial/91de001876.webp?width=416,19300,75,N/A,122,"March 11, 2019"
2026-08-12 04:59:39,Boifatty,BOIFATTYEating,https://audiomack.com/boifattyofficial/song/eating,https://i.audiomack.com/boifattyofficial/8742833-co.webp?width=416,26500,353,N/A,435,"November 3, 2023"
2026-08-12 04:59:43,Boifatty,BoifattyThank You,https://audiomack.com/boifattyofficial/song/thank-you,https://i.audiomack.com/boifattyofficial/1fb9f4be3d.webp?width=416,5950,46,N/A,69,"November 22, 2019"
2026-08-12 04:59:46,Boifatty,BoifattyIts Over,https://audiomack.com/boifattyofficial/song/its-over-2703782,https://i.audiomack.com/boifattyofficial/2e2c29d031.webp?width=416,335,6,N/A,7,"March 15, 2023"
2026-08-12 04:59:49,Boifatty,BoifattyI Geh Feelings,https://audiomack.com/boifattyofficial/song/i-geh-feelings,https://i.audiomack.com/boifattyofficial/441913f659.webp?width=416,8870,139,N/A,134,"February 14, 2025"
2026-08-12 04:59:53,Boifatty,BoifattyNimba show face,https://audiomack.com/boifattyofficial/song/nimba-show-face,https://i.audiomack.com/boifattyofficial/0113468440.webp?width=416,34400,130,N/A,83,"December 16, 2022"
2026-08-12 04:59:56,Boifatty,BoifattyTurn Up freestyle episode3,https://audiomack.com/boifattyofficial/song/turn-up-freestyle-episode3,https://i.audiomack.com/flexzzBeat/c34013d707.webp?width=416,8760,41,N/A,48,"May 12, 2020"
2026-08-12 05:00:00,Boifatty,BoifattyMy Eyes Dim,https://audiomack.com/boifattyofficial/song/my-eyes-dim,https://i.audiomack.com/boifattyofficial/2d8b3d019b.webp?width=416,65200,320,N/A,449,"January 29, 2000"
2026-08-12 05:00:03,Boifatty,BoifattyI Swearrrrr,https://audiomack.com/boifattyofficial/song/i-swearrrrr-8618921,https://i.audiomack.com/boifattyofficial/747f920b01.webp?width=416,297,4,N/A,4,"March 5, 2021"
2026-08-12 05:00:06,Boifatty,BoifattyLiquor Good,https://audiomack.com/boifattyofficial/song/liquor-good,https://i.audiomack.com/boifattyofficial/89ee0fdcf2.webp?width=416,7850,56,N/A,83,"January 13, 2020"
2026-08-12 05:00:10,Boifatty,BoifattySide Chick War,https://audiomack.com/boifattyofficial/song/side-chick-war,https://i.audiomack.com/boifattyofficial/5a2aaaf75a.webp?width=416,35900,136,N/A,169,"August 2, 2022"
2026-08-12 05:00:13,Boifatty,BoifattySituation I Can't Handle,https://audiomack.com/boifattyofficial/song/situation-i-cant-handle-8210554,https://i.audiomack.com/boifattyofficial/39359878cb.webp?width=416,275,4,N/A,3,"June 11, 2021"
2026-08-12 05:00:17,Boifatty,BoifattyNot the one,https://audiomack.com/boifattyofficial/song/not-the-one,https://i.audiomack.com/boifattyofficial/9c3e7ba74e.webp?width=416,11200,173,N/A,141,"August 16, 2024"
2026-08-12 05:00:20,Boifatty,BoifattyWe know,https://audiomack.com/boifattyofficial/song/we-know,https://i.audiomack.com/boifattyofficial/a9c09e7a81.webp?width=416,46500,427,N/A,500,"August 23, 2023"
2026-08-12 05:00:23,Boifatty,BoifattyPeace of Mind,https://audiomack.com/boifattyofficial/song/peace-of-mine,https://i.audiomack.com/boifattyofficial/2b802652aa.webp?width=416,455,2,N/A,4,"May 22, 2022"
2026-08-12 05:00:27,Boifatty,BoifattyI Swearrrr,https://audiomack.com/boifattyofficial/song/iswearrr,https://i.audiomack.com/flexzzBeat/37e788af8f.webp?width=416,20300,95,N/A,139,"March 6, 2021"
2026-08-12 05:00:30,Boifatty,BoifattyTurn Up Freestyle episode 2,https://audiomack.com/boifattyofficial/song/turn-up-freestyle-episode-2,https://i.audiomack.com/flexzzBeat/c8225684b2.webp?width=416,1280,2,N/A,11,"May 1, 2020"
2026-08-12 05:00:33,Boifatty,BoifattyDown,https://audiomack.com/boifattyofficial/song/down-6176898,https://i.audiomack.com/boifattyofficial/38bffc7c15.webp?width=416,301,3,N/A,11,"January 13, 2023"
2026-08-12 05:00:37,Boifatty,BOIFATTYWoman Baney,https://audiomack.com/boifattyofficial/song/woman-baney-1,https://i.audiomack.com/boifattyofficial/5048250-co.webp?width=416,628,6,N/A,5,"October 25, 2022"
2026-08-12 05:00:40,Boifatty,BoifattyTurn up - [Prod by Flexzzbeatz,https://audiomack.com/boifattyofficial/song/turn-up-prod-by-flexzzbeatz,https://i.audiomack.com/flexzzBeat/f17c3c5afb.webp?width=416,1240,11,N/A,11,"April 26, 2020"
2026-08-12 05:00:44,Boifatty,BoifattySide Chick War,https://audiomack.com/boifattyofficial/song/side-chick-war-8292661,https://i.audiomack.com/boifattyofficial/6520efc26c.webp?width=416,289,3,N/A,4,"July 28, 2022"
2026-08-12 05:00:47,Boifatty,BoifattyLevel,https://audiomack.com/boifattyofficial/song/level,https://i.audiomack.com/flexzzbeatz-lamah/8ac0c9ebd8.webp?width=416,6470,24,N/A,42,"June 1, 2019"
2026-08-12 05:00:50,Boifatty,BOIFATTYWe Know,https://audiomack.com/boifattyofficial/song/we-know-1,https://i.audiomack.com/boifattyofficial/8081592-co.webp?width=416,542,7,N/A,5,"August 22, 2023"
2026-08-12 05:00:54,Boifatty,BoifattySituation I Can't Handle,https://audiomack.com/boifattyofficial/song/situation-i-cant-handle,https://i.audiomack.com/boifattyofficial/138a0e001c.webp?width=416,24700,92,N/A,117,"June 11, 2021"
2026-08-12 05:00:57,Boifatty,Boifattywoman baney,https://audiomack.com/boifattyofficial/song/woman-baney,https://i.audiomack.com/boifattyofficial/b7f4adf1a9.webp?width=416,5450,35,N/A,26,"October 28, 2022"
2026-08-12 05:01:00,Boifatty,BoifattyLiberia,https://audiomack.com/boifattyofficial/song/liberia,https://i.audiomack.com/boifattyofficial/61ed14f651.webp?width=416,18900,97,N/A,100,"March 4, 2022"
2026-08-12 05:01:04,Boifatty,BoifattySuper,https://audiomack.com/boifattyofficial/song/super,https://i.audiomack.com/boifattyofficial/68a087ceb3.webp?width=416,5540,36,N/A,32,"January 5, 2022"
2026-08-12 05:01:07,Boifatty,BoifattyOkay,https://audiomack.com/boifattyofficial/song/okay,https://i.audiomack.com/boifattyofficial/6fa4b6bb9c.webp?width=416,2630,23,N/A,23,"June 7, 2019"
2026-08-12 05:01:11,Boifatty,BoifattyAyy Open,https://audiomack.com/boifattyofficial/song/ayy-open,https://i.audiomack.com/boifattyofficial/a11d6e5c90.webp?width=416,2630,16,N/A,22,"June 22, 2020"
2026-08-12 05:01:14,Boifatty,BoifattyKill Dem,https://audiomack.com/boifattyofficial/song/kill-dem-3830448,https://i.audiomack.com/boifattyofficial/f77fd3b9e2.webp?width=416,1,N/A,N/A,N/A,"September 20, 2019"
2026-08-12 05:01:33,Bucky Raw,Bucky rawBaby Born Baby,https://audiomack.com/buckyraw/song/baby-born-baby,https://i.audiomack.com/bucky-raw-6a3d3814a95f2/7befcce2f2.webp?width=416,190000,1490,N/A,1590,"July 10, 2026"
2026-08-12 05:01:37,Bucky Raw,Bucky RawAfrican Baddies,https://audiomack.com/buckyraw/song/african-baddies,https://i.audiomack.com/buckyraw/a3e669c5fd.webp?width=416,911000,5840,N/A,6380,"December 9, 2025"
2026-08-12 05:01:40,Bucky Raw,Bucky RawWay Out - Bucky Raw x Holy Moe ft Tieahboy,https://audiomack.com/buckyraw/song/6a11da9c5a69e,https://i.audiomack.com/buckyraw/9dac36b713.webp?width=416,154000,1190,N/A,1560,"May 23, 2026"
2026-08-12 05:01:44,Bucky Raw,Bucky RawJeh Leh Y’all,https://audiomack.com/buckyraw/song/jeh-leh-yall,https://i.audiomack.com/buckyraw-1/648f48eb68.webp?width=416,352000,1600,N/A,3310,"June 18, 2020"
2026-08-12 05:01:47,Bucky Raw,Bucky RawOld me,https://audiomack.com/buckyraw/song/6941d42a7bebc,https://i.audiomack.com/buckyraw/c0267f77b9.webp?width=416,400000,3270,N/A,3430,"December 16, 2025"
2026-08-12 05:01:51,Bucky Raw,Bucky RawBucky Raw - Blessed (ft. Lyrical Blaq_Prod. Razzi Xi),https://audiomack.com/buckyraw/song/68f111fe8b5e0,https://i.audiomack.com/buckyraw/f8375658ac.webp?width=416,111000,852,N/A,701,"October 17, 2025"
2026-08-12 05:01:54,Bucky Raw,Bucky RawOver Thinking,https://audiomack.com/buckyraw/song/over-thinking,https://i.audiomack.com/buckyraw/b5afb50b02.webp?width=416,18000,283,N/A,85,"June 19, 2026"
2026-08-12 05:01:58,Bucky Raw,Bucky RawCOMPLAIN,https://audiomack.com/buckyraw/song/complain,https://i.audiomack.com/buckyraw/dc7ba32aa3.webp?width=416,18500,345,N/A,81,"June 11, 2026"
2026-08-12 05:02:01,Bucky Raw,Bucky RawAmen,https://audiomack.com/buckyraw/song/amen,https://i.audiomack.com/buckyraw-1/bf7555614f.webp?width=416,113000,461,N/A,733,"June 18, 2020"
2026-08-12 05:02:05,Bucky Raw,Bucky RawDo I,https://audiomack.com/buckyraw/song/do-i,https://i.audiomack.com/buckyraw/f48ceacc71.webp?width=416,349000,3090,N/A,4280,"February 9, 2024"
2026-08-12 05:02:08,Bucky Raw,Bucky RawRapper PA,https://audiomack.com/buckyraw/song/rapper-pa,https://i.audiomack.com/buckyraw/d07cc828d4.webp?width=416,182000,1710,N/A,2270,"April 9, 2024"
2026-08-12 05:02:11,Bucky Raw,Bucky RawThank You,https://audiomack.com/buckyraw/song/thank-you,https://i.audiomack.com/buckyraw-1/060184ec19.webp?width=416,123000,348,N/A,857,"June 18, 2020"
2026-08-12 05:02:15,Bucky Raw,Bucky RawGo Down,https://audiomack.com/buckyraw/song/go-down,https://i.audiomack.com/buckyraw-1/07ede38d9d.webp?width=416,156000,675,N/A,1020,"February 10, 2021"
2026-08-12 05:02:18,Bucky Raw,Bucky RawEat My Own,https://audiomack.com/buckyraw/song/eat-my-own,https://i.audiomack.com/buckyraw/32706f9713.webp?width=416,212000,1750,N/A,2530,"April 30, 2024"
2026-08-12 05:02:22,Bucky Raw,Bucky RawRapper Pa 2,https://audiomack.com/buckyraw/song/rapper-pa-2,https://i.audiomack.com/buckyraw/b105a2c8eb.webp?width=416,157000,2,N/A,2650,"July 12, 2024"
2026-08-12 05:02:25,Bucky Raw,Bucky RawStill Me,https://audiomack.com/buckyraw/song/still-me,https://i.audiomack.com/buckyraw/e784604e12.webp?width=416,65600,535,N/A,413,"August 15, 2025"
2026-08-12 05:02:28,Bucky Raw,Bucky RawPractice That,https://audiomack.com/buckyraw/song/practice-that,https://i.audiomack.com/buckyraw/0ee548b7ff.webp?width=416,103000,1040,N/A,1380,"March 18, 2024"
2026-08-12 05:02:32,Bucky Raw,Bucky RawMedicine,https://audiomack.com/buckyraw/song/medicine,https://i.audiomack.com/buckyraw-1/f45868b196.webp?width=416,146000,467,N/A,920,"July 3, 2020"
2026-08-12 05:02:35,Bucky Raw,Bucky RawBucky La Baby,https://audiomack.com/buckyraw/song/bucky-la-baby,https://i.audiomack.com/buckyraw/34c50976d4.webp?width=416,146000,1490,N/A,2110,"May 21, 2024"
2026-08-12 05:02:39,Bucky Raw,Bucky RawBaynay,https://audiomack.com/buckyraw/song/baynay,https://i.audiomack.com/--censored--/censored-2.webp?width=416,55500,176,N/A,381,"June 18, 2020"
2026-08-12 05:02:42,Bucky Raw,Bucky RawDice,https://audiomack.com/buckyraw/song/dice,https://i.audiomack.com/buckyraw-1/b66f99c647.webp?width=416,104000,484,N/A,590,"November 20, 2021"
2026-08-12 05:02:45,Bucky Raw,Bucky rawlaho remix,https://audiomack.com/buckyraw/song/laho-remix,https://i.audiomack.com/buckyraw/66d9958055.webp?width=416,37000,309,N/A,235,"June 3, 2025"
2026-08-12 05:02:49,Bucky Raw,CSELD for LD,https://audiomack.com/buckyraw/song/ld-for-ld,https://i.audiomack.com/buckyraw/60a0369ee3.webp?width=416,82700,803,N/A,1530,"June 27, 2024"
2026-08-12 05:02:52,Bucky Raw,Bucky RawCelebrate,https://audiomack.com/buckyraw/song/celebrate,https://i.audiomack.com/buckyraw/81176f87e9.webp?width=416,94700,1090,N/A,1790,"July 19, 2024"
2026-08-12 05:02:56,Bucky Raw,BUCKY RAWMedicine (Instrumental),https://audiomack.com/buckyraw/song/medicine-instrumental,https://i.audiomack.com/buckyraw-1/7561b00e22.webp?width=416,14800,62,N/A,59,"August 19, 2020"
2026-08-12 05:02:59,Bucky Raw,Bucky RawFine Girl,https://audiomack.com/buckyraw/song/fine-girl,https://i.audiomack.com/buckyraw-1/675276c0c1.webp?width=416,44500,247,N/A,292,"February 11, 2022"
2026-08-12 05:03:03,Bucky Raw,Bucky RawLoading Freestyle,https://audiomack.com/buckyraw/song/loading-freestyle,https://i.audiomack.com/buckyraw-1/e88e9c00a0.webp?width=416,41700,188,N/A,297,"November 24, 2021"
2026-08-12 05:03:06,Bucky Raw,Bucky RawKilometer,https://audiomack.com/buckyraw/song/kilometer,https://i.audiomack.com/buckyraw-1/8672750bf8.webp?width=416,53600,197,N/A,257,"May 22, 2021"
2026-08-12 05:03:10,Bucky Raw,CSEZaza,https://audiomack.com/buckyraw/song/zaza,https://i.audiomack.com/buckyraw-1/c983327e8e.webp?width=416,30700,167,N/A,134,"November 20, 2021"
2026-08-12 05:03:27,KOBAZZIE,KobazzieMy Friend?,https://audiomack.com/kobazziee/song/my-friend,https://i.audiomack.com/kobazziee/14388071-7.webp?width=416,404000,3410,N/A,5030,"November 28, 2024"
2026-08-12 05:03:30,KOBAZZIE,KobazzieCall God,https://audiomack.com/kobazziee/song/kobazzie-call-god-prod-by-beatz-vampire,https://i.audiomack.com/kobazziee/90ac9cafb3.webp?width=416,1340000,8640,N/A,22200,"September 28, 2023"
2026-08-12 05:03:34,KOBAZZIE,KobazzieAm back,https://audiomack.com/kobazziee/song/am-back,https://i.audiomack.com/kobazziee/18535880-7.webp?width=416,243000,2800,N/A,2850,"August 4, 2025"
2026-08-12 05:03:37,KOBAZZIE,KOBAZZIEPam Pam,https://audiomack.com/kobazziee/song/pam-pam,https://i.audiomack.com/kobazziee/699a991cc3.webp?width=416,41400,584,N/A,232,"February 20, 2026"
2026-08-12 05:03:41,KOBAZZIE,KobazzieJohnny Calling,https://audiomack.com/kobazziee/song/johnny-callin,https://i.audiomack.com/kobazziee/e12975c2d5.webp?width=416,274000,2690,N/A,3610,"May 5, 2024"
2026-08-12 05:03:44,KOBAZZIE,KobazzieEveryday,https://audiomack.com/kobazziee/song/everyday,https://i.audiomack.com/kobazziee/f23c9ed9cd.webp?width=416,163000,678,N/A,998,"September 24, 2021"
2026-08-12 05:03:48,KOBAZZIE,Kobazzie featuring Bucky RawParty,https://audiomack.com/kobazziee/song/party,https://i.audiomack.com/kobazziee/711248bc31.webp?width=416,128000,578,N/A,812,"December 17, 2021"
2026-08-12 05:03:51,KOBAZZIE,KobazzieBounce (Remix),https://audiomack.com/kobazziee/song/bounce-remix,https://i.audiomack.com/kobazziee/2dc52b4cac.webp?width=416,131000,186,N/A,735,"March 3, 2019"
2026-08-12 05:03:55,KOBAZZIE,KOBAZZIEKill a Man,https://audiomack.com/kobazziee/song/kill-a-man,https://i.audiomack.com/kobazziee/f684b52597.webp?width=416,206000,1290,N/A,1440,"December 30, 2022"
2026-08-12 05:03:58,KOBAZZIE,KobazziePro Poor LIfe,https://audiomack.com/kobazziee/song/pro-poor-life,https://i.audiomack.com/kobazziee/8a7423a457.webp?width=416,9870,48,N/A,97,"May 13, 2019"
2026-08-12 05:04:01,KOBAZZIE,KOBAZZIEWetin U Wan Do,https://audiomack.com/kobazziee/song/wetin-u-wan-do,https://i.audiomack.com/kobazziee/c950f069a2.webp?width=416,219000,1340,N/A,1870,"September 15, 2023"
2026-08-12 05:04:05,KOBAZZIE,KobazzieCall God [Speed Up],https://audiomack.com/kobazziee/song/call-god-speed-up,https://i.audiomack.com/kobazziee/90ac9cafb3.webp?width=416,95500,584,N/A,1060,"September 28, 2023"
2026-08-12 05:04:08,KOBAZZIE,KOBAZZIERespect urself,https://audiomack.com/kobazziee/song/respecturself,https://i.audiomack.com/kobazziee/202a7ac499.webp?width=416,123000,407,N/A,585,"June 30, 2021"
2026-08-12 05:04:11,KOBAZZIE,KobazzieGo Low,https://audiomack.com/kobazziee/song/go-low,https://i.audiomack.com/kobazziee/a09cb3f2fd.webp?width=416,106000,815,N/A,1160,"November 18, 2022"
2026-08-12 05:04:15,KOBAZZIE,KobazzieEntanglement,https://audiomack.com/kobazziee/song/entanglement,https://i.audiomack.com/kobazzie-1/96397c3d53.webp?width=416,54700,106,N/A,288,"August 7, 2020"
2026-08-12 05:04:18,KOBAZZIE,KobazzieEnjoyment,https://audiomack.com/kobazziee/song/enjoyment,https://i.audiomack.com/kobazziee/4414f6f58e.webp?width=416,47700,185,N/A,285,"August 13, 2020"
2026-08-12 05:04:40,J Slught,J SlughtAll Because of  You,https://audiomack.com/jslughtofficial/song/all-because-of-you,https://i.audiomack.com/jslughtofficial/c4105d77d2.webp?width=416,425000,2680,N/A,2530,"August 7, 2026"
2026-08-12 05:04:43,J Slught,J SlughtSpecial Design,https://audiomack.com/jslughtofficial/song/special-design,https://i.audiomack.com/jslughtofficial/18265332-c.webp?width=416,671000,4580,N/A,6950,"July 18, 2025"
2026-08-12 05:04:47,J Slught,J SlughtOh My Love,https://audiomack.com/jslughtofficial/song/oh-my-love-1,https://i.audiomack.com/jslughtofficial/ea40c75390.webp?width=416,1260000,7600,N/A,17300,"September 9, 2022"
2026-08-12 05:04:50,J Slught,J SlughtIf,https://audiomack.com/jslughtofficial/song/if,https://i.audiomack.com/jslughtofficial/6f00b09453.webp?width=416,273000,2830,N/A,2880,"February 6, 2026"
2026-08-12 05:04:54,J Slught,J SlughtOdo,https://audiomack.com/jslughtofficial/song/odo,https://i.audiomack.com/jslughtofficial/55bc28e85c.webp?width=416,573000,6400,N/A,11000,"June 28, 2024"
2026-08-12 05:04:57,J Slught,J SlughtCelebrate,https://audiomack.com/jslughtofficial/song/celebrate-1,https://i.audiomack.com/jslughtofficial/95d1c845a8.webp?width=416,365000,1110,N/A,1810,"November 18, 2022"
2026-08-12 05:05:00,J Slught,J SlughtSarafina,https://audiomack.com/jslughtofficial/song/sarafina,https://i.audiomack.com/jslughtofficial/f8a1c0b9b2.webp?width=416,119000,468,N/A,850,"November 27, 2019"
2026-08-12 05:05:04,J Slught,J SlughtMy Way,https://audiomack.com/jslughtofficial/song/j-slught-my-way-final-ms,https://i.audiomack.com/jslughtofficial/391e2b51a2.webp?width=416,683000,4050,N/A,8310,"August 25, 2023"
2026-08-12 05:05:07,J Slught,J SlughtCandy,https://audiomack.com/jslughtofficial/song/candy-1,https://i.audiomack.com/jslughtofficial/449b181977.webp?width=416,386000,3720,N/A,5690,"March 21, 2025"
2026-08-12 05:05:11,J Slught,J SlughtKill Me,https://audiomack.com/jslughtofficial/song/kill-me,https://i.audiomack.com/jslughtofficial/197c6afe0d.webp?width=416,279000,1200,N/A,2020,"October 29, 2021"
2026-08-12 05:05:14,J Slught,J SlughtLifestyle,https://audiomack.com/jslughtofficial/song/j-slught-x-jake-lifestyle-ms,https://i.audiomack.com/jslughtofficial/391e2b51a2.webp?width=416,155000,1300,N/A,1860,"August 25, 2023"
2026-08-12 05:05:17,J Slught,J SlughtSANTOS FREESTYLE,https://audiomack.com/jslughtofficial/song/santos-freestyle,https://i.audiomack.com/jslughtofficial/bbc9190e9a.webp?width=416,134000,1030,N/A,2480,"November 1, 2024"
2026-08-12 05:05:21,J Slught,J SlughtNo Money,https://audiomack.com/jslughtofficial/song/no-money,https://i.audiomack.com/jslughtofficial/b549ecbb69.webp?width=416,70800,366,N/A,474,"April 24, 2020"
2026-08-12 05:05:24,J Slught,J SlughtSharp Muff,https://audiomack.com/jslughtofficial/song/sharp-muff,https://i.audiomack.com/jslughtofficial/cd19e9f690.webp?width=416,274000,1090,N/A,2700,"December 22, 2020"
2026-08-12 05:05:28,J Slught,J SlughtGrow Old,https://audiomack.com/jslughtofficial/song/glow-old,https://i.audiomack.com/jslughtofficial/b7176cbbb0.webp?width=416,9240,72,N/A,57,"April 30, 2021"
2026-08-12 05:05:32,J Slught,J SlughtI Do,https://audiomack.com/jslughtofficial/song/i-do,https://i.audiomack.com/jslughtofficial/7c6db9768d.webp?width=416,43300,283,N/A,324,"February 14, 2020"
2026-08-12 05:05:35,J Slught,J SlughtIntro (My Story),https://audiomack.com/jslughtofficial/song/intromy-story,https://i.audiomack.com/jslughtofficial/b549ecbb69.webp?width=416,44500,0,N/A,207,"April 24, 2020"
2026-08-12 05:05:38,J Slught,J SlughtMaria,https://audiomack.com/jslughtofficial/song/maria,https://i.audiomack.com/jslughtofficial/b5a812f86e.webp?width=416,24600,141,N/A,108,"March 26, 2021"
2026-08-12 05:05:42,J Slught,J SlughtEmotions,https://audiomack.com/jslughtofficial/song/emotions,https://i.audiomack.com/jslughtofficial/b549ecbb69.webp?width=416,36600,216,N/A,218,"April 24, 2020"
2026-08-12 05:05:46,J Slught,J SlughtMonrovia Girls,https://audiomack.com/jslughtofficial/song/monrovia-girls,https://i.audiomack.com/jslughtofficial/b549ecbb69.webp?width=416,28300,171,N/A,190,"April 24, 2020"
2026-08-12 05:05:49,J Slught,J SlughtCall on Me,https://audiomack.com/jslughtofficial/song/call-on-me,https://i.audiomack.com/jslughtofficial/b549ecbb69.webp?width=416,29800,189,N/A,220,"April 24, 2020"
2026-08-12 05:05:52,J Slught,J SlughtSuffer,https://audiomack.com/jslughtofficial/song/suffer,https://i.audiomack.com/jslughtofficial/5c9e8b637c.webp?width=416,13500,95,N/A,74,"February 12, 2021"
2026-08-12 05:05:56,J Slught,J SlughtKing of the Jungle,https://audiomack.com/jslughtofficial/song/king-of-the-jungle,https://i.audiomack.com/jslughtofficial/b7176cbbb0.webp?width=416,4680,66,N/A,30,"April 30, 2021"
2026-08-12 05:05:59,J Slught,J SlughtSantos Freestyle,https://audiomack.com/jslughtofficial/song/santos-freestyle-1,https://i.audiomack.com/jslughtofficial/13838525-c.webp?width=416,11800,97,N/A,93,"November 1, 2024"
2026-08-12 05:06:02,J Slught,J SlughtMy Way (Sped Up),https://audiomack.com/jslughtofficial/song/my-way-sped-up,https://i.audiomack.com/jslughtofficial/9bb5a04f78.webp?width=416,22600,149,N/A,288,"October 3, 2023"
2026-08-12 05:06:06,J Slught,J SlughtOut Of My Head Freestyle,https://audiomack.com/jslughtofficial/song/out-of-my-head,https://i.audiomack.com/jslughtofficial/8d30df9aa4.webp?width=416,27400,215,N/A,225,"September 23, 2021"
2026-08-12 05:06:09,J Slught,J SlughtLiving My Life,https://audiomack.com/jslughtofficial/song/living-my-life,https://i.audiomack.com/jslughtofficial/b549ecbb69.webp?width=416,22400,163,N/A,192,"April 24, 2020"
2026-08-12 05:06:13,J Slught,J SlughtAngela,https://audiomack.com/jslughtofficial/song/angela,https://i.audiomack.com/jslughtofficial/b549ecbb69.webp?width=416,33200,204,N/A,216,"April 24, 2020"
2026-08-12 05:06:16,J Slught,J SlughtBody,https://audiomack.com/jslughtofficial/song/j-slught-body,https://i.audiomack.com/jslughtofficial/89df40b577.webp?width=416,25800,118,N/A,198,"April 30, 2021"
2026-08-12 05:06:19,J Slught,J SlughtPeople Cover,https://audiomack.com/jslughtofficial/song/people-cover-by-libianca-1,https://i.audiomack.com/jslughtofficial/d79ba7f2df.webp?width=416,93400,350,N/A,457,"March 7, 2023"
2026-08-12 05:06:23,J Slught,J SlughtKpete,https://audiomack.com/jslughtofficial/song/kpete,https://i.audiomack.com/jslughtofficial/69d163414d.webp?width=416,39400,251,N/A,312,"April 10, 2020"
2026-08-12 05:06:26,J Slught,J SlughtParty,https://audiomack.com/jslughtofficial/song/party-1,https://i.audiomack.com/jslughtofficial/b7176cbbb0.webp?width=416,1760,43,N/A,28,"April 30, 2021"
2026-08-12 05:06:29,J Slught,J SlughtMio Ran (Don't Care),https://audiomack.com/jslughtofficial/song/mio-randont-care,https://i.audiomack.com/jslughtofficial/b549ecbb69.webp?width=416,22300,170,N/A,197,"April 24, 2020"
2026-08-12 05:06:33,J Slught,J SlughtForgive Me,https://audiomack.com/jslughtofficial/song/forgive-me,https://i.audiomack.com/jslughtofficial/772e65db95.webp?width=416,47700,244,N/A,369,"September 27, 2019"
2026-08-12 05:06:36,J Slught,J SlughtBody,https://audiomack.com/jslughtofficial/song/body-1,https://i.audiomack.com/jslughtofficial/b7176cbbb0.webp?width=416,1680,42,N/A,23,"April 30, 2021"
2026-08-12 05:06:40,J Slught,J SlughtLorpu,https://audiomack.com/jslughtofficial/song/lorpu,https://i.audiomack.com/jslughtofficial/4be53e1702.webp?width=416,68500,329,N/A,586,"July 31, 2020"
2026-08-12 05:06:43,J Slught,J SlughtParty,https://audiomack.com/jslughtofficial/song/party,https://i.audiomack.com/jslughtofficial/89df40b577.webp?width=416,31100,132,N/A,240,"April 30, 2021"
2026-08-12 05:07:01,J Rap,J rapJ-RAP-Two-Boyfriend--Prod-J-NAS-Beat-,https://audiomack.com/j-rap-/song/j-rap-two-boyfriend-prod-j-nas-beat,https://i.audiomack.com/j-rap-/5a73602780.webp?width=416,4260,153,N/A,27,"August 7, 2026"
2026-08-12 05:07:04,J Rap,J Rap1984,https://audiomack.com/j-rap-/song/1984,https://i.audiomack.com/j-rap-/e6acd4939a.webp?width=416,378000,1984,N/A,2300,"January 31, 2026"
2026-08-12 05:07:08,J Rap,J RapBah Urself 2 yahh,https://audiomack.com/j-rap-/song/bah-urself-2-yahh,https://i.audiomack.com/j-rap-/ddb0966337.webp?width=416,322000,2200,N/A,3460,"July 15, 2025"
2026-08-12 05:07:11,J Rap,J RapDon't crush,https://audiomack.com/j-rap-/song/dont-crush,https://i.audiomack.com/j-rap-/0e8373e2aa.webp?width=416,354000,2400,N/A,4160,"May 13, 2025"
2026-08-12 05:07:15,J Rap,J RapFamily meeting,https://audiomack.com/j-rap-/song/family-meeting,https://i.audiomack.com/jrappneckc/a41fff2236.webp?width=416,176000,1430,N/A,1570,"October 10, 2024"
2026-08-12 05:07:18,J Rap,J rapNancy,https://audiomack.com/j-rap-/song/nancy,https://i.audiomack.com/jrappneckc/2121112a11.webp?width=416,406000,2790,N/A,5610,"February 11, 2025"
2026-08-12 05:07:21,J Rap,J RapArrested,https://audiomack.com/j-rap-/song/arrested,https://i.audiomack.com/j-rap-/9d3a8cba64.webp?width=416,56900,517,N/A,502,"June 4, 2025"
2026-08-12 05:07:25,J Rap,J RapAnti-drug,https://audiomack.com/j-rap-/song/anti-drug,https://i.audiomack.com/jrappneckc/9e1229f689.webp?width=416,83000,636,N/A,723,"November 5, 2024"
2026-08-12 05:07:28,J Rap,J.RapSay no to powertheft,https://audiomack.com/j-rap-/song/say-no-to-powertheft,https://i.audiomack.com/jrappneckc/04248faa88.webp?width=416,76300,643,N/A,653,"July 5, 2024"
2026-08-12 05:07:32,J Rap,J RapAFTER LIFE,https://audiomack.com/j-rap-/song/after-life,https://i.audiomack.com/jrappneckc/ce1a62ef8e.webp?width=416,202000,1560,N/A,2750,"February 22, 2025"
2026-08-12 05:07:35,J Rap,J RapWoman can Grow,https://audiomack.com/j-rap-/song/woman-can-grow,https://i.audiomack.com/default-song-image.webp?width=416,83200,587,N/A,848,"April 16, 2025"
2026-08-12 05:07:39,J Rap,J RapJ Rap_Me Myself & I,https://audiomack.com/j-rap-/song/j-rap-me-myself-i,https://i.audiomack.com/j-rap-/cf04e4640a.webp?width=416,43700,367,N/A,387,"June 17, 2025"
2026-08-12 05:07:42,J Rap,J RapChallenges,https://audiomack.com/j-rap-/song/challenges,https://i.audiomack.com/j-rap-/02d6d6b437.webp?width=416,37900,351,N/A,312,"August 12, 2025"
2026-08-12 05:07:45,J Rap,J RapJ Rap_-32_-Prod by Sacher Oh,https://audiomack.com/j-rap-/song/j-rap-32-prod-by-sacher-oh,https://i.audiomack.com/jrappneckc/c6db46b338.webp?width=416,35900,293,N/A,358,"December 14, 2024"
2026-08-12 05:07:49,J Rap,J Rap_One Life,https://audiomack.com/j-rap-/song/one-life,https://i.audiomack.com/jrappneckc/a27ed71b62.webp?width=416,25400,270,N/A,259,"September 14, 2025"
2026-08-12 05:08:09,Nuchie Meek,Nuchie MeekBo Shakin',https://audiomack.com/nuchie-meek-/song/bo-shakin,https://i.audiomack.com/nuchie-meek-/3ba5d55895.webp?width=416,526000,4580,N/A,3520,"May 24, 2026"
2026-08-12 05:08:12,Nuchie Meek,Nuchie MeekBabyy,https://audiomack.com/nuchie-meek-/song/babyy,https://i.audiomack.com/nuchie-meek-/a9aff79084.webp?width=416,1130000,6690,N/A,9480,"June 25, 2025"
2026-08-12 05:08:15,Nuchie Meek,Nuchie MeekAy Hurting,https://audiomack.com/nuchie-meek-/song/ay-hurting,https://i.audiomack.com/nuchie-meek-/240e13be10.webp?width=416,451000,2540,N/A,3340,"April 11, 2021"
2026-08-12 05:08:19,Nuchie Meek,Nuchie MeekIntro (4 Example),https://audiomack.com/nuchie-meek-/song/intro-for-example,https://i.audiomack.com/nuchie-meek-/a9aff79084.webp?width=416,413000,3320,N/A,4920,"June 25, 2025"
2026-08-12 05:08:22,Nuchie Meek,Nuchie MeekGo Sue Me,https://audiomack.com/nuchie-meek-/song/go-sue-me,https://i.audiomack.com/nuchie-meek-/e022384452.webp?width=416,1050000,7440,N/A,9400,"January 1, 2023"
2026-08-12 05:08:26,Nuchie Meek,Nuchie MeekPray For Me,https://audiomack.com/nuchie-meek-/song/pray-for-me,https://i.audiomack.com/nuchie-meek-/a9aff79084.webp?width=416,292000,2620,N/A,2940,"June 25, 2025"
2026-08-12 05:08:29,Nuchie Meek,Nuchie MeekJam 8,https://audiomack.com/nuchie-meek-/song/jam-8,https://i.audiomack.com/nuchie-meek-/781ee283e8.webp?width=416,495000,3040,N/A,5340,"November 27, 2021"
2026-08-12 05:08:33,Nuchie Meek,Nuchie MeekThe Session,https://audiomack.com/nuchie-meek-/song/the-session,https://i.audiomack.com/nuchie-meek-/781ee283e8.webp?width=416,317000,2280,N/A,1960,"November 27, 2021"
2026-08-12 05:08:36,Nuchie Meek,Nuchie Meek2 by 2,https://audiomack.com/nuchie-meek-/song/2-by-2-2,https://i.audiomack.com/nuchie-meek-/781ee283e8.webp?width=416,338000,2130,N/A,2590,"November 27, 2021"
2026-08-12 05:08:40,Nuchie Meek,Nuchie MeekClap 4 Urseh,https://audiomack.com/nuchie-meek-/song/clap-4-urseh,https://i.audiomack.com/nuchie-meek-/4179bfadeb.webp?width=416,141000,1090,N/A,844,"December 5, 2025"
2026-08-12 05:08:43,Nuchie Meek,Nuchie MeekBuh La Lie ?,https://audiomack.com/nuchie-meek-/song/buh-la-lie,https://i.audiomack.com/nuchie-meek-/f1bf540e74.webp?width=416,1080000,5910,N/A,11300,"March 15, 2023"
2026-08-12 05:08:46,Nuchie Meek,Nuchie MeekChocolate,https://audiomack.com/nuchie-meek-/song/chocolate,https://i.audiomack.com/nuchie-meek-2/93ec082e13.webp?width=416,138000,498,N/A,1050,"March 21, 2020"
2026-08-12 05:08:50,Nuchie Meek,Nuchie MeekDecembree,https://audiomack.com/nuchie-meek-/song/decembree,https://i.audiomack.com/nuchie-meek-/781ee283e8.webp?width=416,197000,0,N/A,1690,"November 27, 2021"
2026-08-12 05:08:53,Nuchie Meek,Nuchie MeekThru My Window,https://audiomack.com/nuchie-meek-/song/thru-my-window,https://i.audiomack.com/nuchie-meek-/b3dfc00336.webp?width=416,393000,3860,N/A,6390,"July 20, 2024"
2026-08-12 05:08:57,Nuchie Meek,Nuchie MeekSD Gang,https://audiomack.com/nuchie-meek-/song/sd-gang-1,https://i.audiomack.com/nuchie-meek-/781ee283e8.webp?width=416,203000,1630,N/A,1540,"November 27, 2021"
2026-08-12 05:09:00,Nuchie Meek,Nuchie MeekSlide,https://audiomack.com/nuchie-meek-/song/slide,https://i.audiomack.com/nuchie-meek-/781ee283e8.webp?width=416,185000,1520,N/A,1350,"November 27, 2021"
2026-08-12 05:09:04,Nuchie Meek,Nuchie MeekThe Intro,https://audiomack.com/nuchie-meek-/song/the-intro,https://i.audiomack.com/nuchie-meek-/7cb2dd14eb.webp?width=416,45300,497,N/A,248,"March 1, 2026"
2026-08-12 05:09:07,Nuchie Meek,Nuchie MeekStep On Ley Dog  Dem [SOLDD],https://audiomack.com/nuchie-meek-/song/step-on-ley-dog-dem-soldd,https://i.audiomack.com/nuchie-meek-/6d32ca8bc9.webp?width=416,263000,2880,N/A,4300,"January 6, 2025"
2026-08-12 05:09:11,Nuchie Meek,Nuchie MeekGo (Indian love),https://audiomack.com/nuchie-meek-/song/go-indian-love,https://i.audiomack.com/nuchie-meek-2/10dab2b7ec.webp?width=416,182000,920,N/A,1690,"May 25, 2020"
2026-08-12 05:09:14,Nuchie Meek,Nuchie MeekHSK &T,https://audiomack.com/nuchie-meek-/song/hsk-t,https://i.audiomack.com/nuchie-meek-/781ee283e8.webp?width=416,147000,1390,N/A,1320,"November 27, 2021"
2026-08-12 05:09:17,Nuchie Meek,Nuchie MeekThrow butt,https://audiomack.com/nuchie-meek-/song/throw-butt,https://i.audiomack.com/nuchie-meek-/9accb8f611.webp?width=416,96600,361,N/A,390,"May 26, 2021"
2026-08-12 05:09:21,Nuchie Meek,Nuchie MeekSailematu,https://audiomack.com/nuchie-meek-/song/sailematu,https://i.audiomack.com/nuchie-meek-/32de45fe9f.webp?width=416,575000,2730,N/A,3990,"May 30, 2023"
2026-08-12 05:09:24,Nuchie Meek,Nuchie MeekThey Not Like Me,https://audiomack.com/nuchie-meek-/song/they-not-like-us,https://i.audiomack.com/nuchie-meek-/b8dfe58f3e.webp?width=416,205000,2170,N/A,3290,"June 21, 2024"
2026-08-12 05:09:28,Nuchie Meek,Nuchie MeekWhoaa (Whatchumacallit),https://audiomack.com/nuchie-meek-/song/whoaa-whatchumacallit,https://i.audiomack.com/nuchie-meek-/32de45fe9f.webp?width=416,215000,1640,N/A,2820,"October 28, 2023"
2026-08-12 05:09:31,Nuchie Meek,Nuchie MeekRide Slow,https://audiomack.com/nuchie-meek-/song/ride-slow,https://i.audiomack.com/nuchie-meek-2/10dab2b7ec.webp?width=416,103000,622,N/A,767,"May 18, 2020"
2026-08-12 05:09:35,Nuchie Meek,Nuchie MeekFriends,https://audiomack.com/nuchie-meek-/song/friends,https://i.audiomack.com/nuchie-meek-/53fc0eb083.webp?width=416,65500,273,N/A,369,"June 25, 2021"
2026-08-12 05:09:38,Nuchie Meek,Nuchie Meek998 Prt II,https://audiomack.com/nuchie-meek-/song/998-prt-ii,https://i.audiomack.com/nuchie-meek-/a80590d37f.webp?width=416,172000,1070,N/A,1110,"January 26, 2023"
2026-08-12 05:09:42,Nuchie Meek,PAGE NOT FOUND,https://audiomack.com/nuchie-meek-/song/win,N/A,N/A,N/A,N/A,N/A,N/A
2026-08-12 05:09:45,Nuchie Meek,Nuchie MeekTrapco Service,https://audiomack.com/nuchie-meek-/song/trapco-service,https://i.audiomack.com/nuchie-meek-2/10dab2b7ec.webp?width=416,62200,465,N/A,647,"May 25, 2020"
2026-08-12 05:09:48,Nuchie Meek,Nuchie MeekAli Bomaye,https://audiomack.com/nuchie-meek-/song/ali-bomaye,https://i.audiomack.com/nuchie-meek-2/10dab2b7ec.webp?width=416,65800,0,N/A,607,"May 25, 2020"
2026-08-12 05:09:52,Nuchie Meek,DJ LawGro9man,https://audiomack.com/nuchie-meek-/song/gro9man,https://i.audiomack.com/nuchie-meek-2/d83611c0b2.webp?width=416,25700,123,N/A,192,"March 7, 2020"
2026-08-12 05:09:55,Nuchie Meek,Nuchie MeekJebeh,https://audiomack.com/nuchie-meek-/song/jebeh,https://i.audiomack.com/nuchie-meek-2/10dab2b7ec.webp?width=416,63500,465,N/A,672,"May 25, 2020"
2026-08-12 05:09:59,Nuchie Meek,Nuchie MeekBroken valentine,https://audiomack.com/nuchie-meek-/song/broken-valentine,https://i.audiomack.com/nuchie-meek-2/deb6e8c5fd.webp?width=416,43200,187,N/A,170,"February 14, 2021"
2026-08-12 05:10:02,Nuchie Meek,Nuchie MeekTake Dreg,https://audiomack.com/nuchie-meek-/song/take-dreg,https://i.audiomack.com/nuchie-meek-2/ce02426bd1.webp?width=416,25600,104,N/A,122,"January 9, 2021"
2026-08-12 05:10:06,Nuchie Meek,Nuchie MeekI Want Be Like You,https://audiomack.com/nuchie-meek-/song/nuchie-meek-i-want-be-like-you,https://i.audiomack.com/nuchie-meek-2/0c77d8da29.webp?width=416,20700,92,N/A,110,"January 21, 2020"
2026-08-12 05:10:09,Nuchie Meek,Nuchie MeekMake 8 2 WAP (freestyle),https://audiomack.com/nuchie-meek-/song/make-8-2-wap,https://i.audiomack.com/nuchie-meek-/c709e227c1.webp?width=416,121000,485,N/A,479,"April 6, 2021"
2026-08-12 05:10:26,KELLz,KELLzUnappreciated 2.0,https://audiomack.com/KELLz/song/unappreciated-20-feat-aruyah,https://i.audiomack.com/KELLz_Lib/56a7fcecfd.webp?width=416,221000,2029,N/A,4070,"July 14, 2025"
2026-08-12 05:10:30,KELLz,KELLzUnappreciated,https://audiomack.com/KELLz/song/unappreciated,https://i.audiomack.com/kellz-368/0e67c62a3d.webp?width=416,371000,3280,N/A,6710,"February 1, 2024"
2026-08-12 05:10:33,KELLz,KELLzDemon Time,https://audiomack.com/KELLz/song/demon-time,https://i.audiomack.com/KELLz_Lib/56a7fcecfd.webp?width=416,25400,286,N/A,271,"July 14, 2025"
2026-08-12 05:10:37,KELLz,KELLz-x-Deng-x-JZyNoPattern Dahtor,https://audiomack.com/KELLz/song/pattern-dahtor,https://i.audiomack.com/kellzbeatz/650dcc43a5.webp?width=416,15600,100,N/A,214,"April 22, 2020"
2026-08-12 05:10:40,KELLz,KELLzThrough The Forest,https://audiomack.com/KELLz/song/through-the-forest-feat-mr-church,https://i.audiomack.com/KELLz_Lib/56a7fcecfd.webp?width=416,36200,366,N/A,319,"July 14, 2025"
2026-08-12 05:10:44,KELLz,KELLzSacrifices,https://audiomack.com/KELLz/song/sacrifices,https://i.audiomack.com/KELLz_Lib/c3b1588d36.webp?width=416,30600,343,N/A,566,"May 31, 2024"
2026-08-12 05:10:47,KELLz,KELLzunappreciated open verse challenge instrumental,https://audiomack.com/KELLz/song/unappreciated-open-verse-challenge-instrumental,https://i.audiomack.com/kellz-lib/9dd68a5c0d.webp?width=416,2200,26,N/A,9,"March 17, 2024"
2026-08-12 05:11:07,Fazari,FazariONE DAY,https://audiomack.com/Fazari/song/one-day,https://i.audiomack.com/Fazari/cf61fb3837.webp?width=416,274000,2340,N/A,2470,"May 1, 2026"
2026-08-12 05:11:10,Fazari,FazariWICKED EX,https://audiomack.com/Fazari/song/wicked-ex,https://i.audiomack.com/Fazari/445d7f38c0.webp?width=416,250000,2009,N/A,2160,"February 11, 2026"
2026-08-12 05:11:13,Fazari,FazariYOU & WHO?,https://audiomack.com/Fazari/song/you-who,https://i.audiomack.com/Fazari/bddb57c25f.webp?width=416,270000,2220,N/A,2600,"November 1, 2025"
2026-08-12 05:11:17,Fazari,FazariWetting Hurting You,https://audiomack.com/Fazari/song/wetting-hurting-you-official-audio,https://i.audiomack.com/Fazari/bddb57c25f.webp?width=416,432000,3830,N/A,5090,"November 1, 2025"
2026-08-12 05:11:20,Fazari,FazariKoloqua Flow,https://audiomack.com/Fazari/song/koloqua-flow,https://i.audiomack.com/Fazari/026fdf22a2.webp?width=416,404000,3190,N/A,3480,"May 22, 2025"
2026-08-12 05:11:24,Fazari,FazariMorah,https://audiomack.com/Fazari/song/morah-1,https://i.audiomack.com/Fazari/14705601-c.webp?width=416,313000,2920,N/A,3770,"December 13, 2024"
2026-08-12 05:11:27,Fazari,FazariONE DAY REMIX,https://audiomack.com/Fazari/song/one-day-remix,https://i.audiomack.com/Fazari/9fa0b040a7.webp?width=416,6080,144,N/A,27,"July 24, 2026"
2026-08-12 05:11:30,Fazari,FazariDecember Story,https://audiomack.com/Fazari/song/december-story-official-audio,https://i.audiomack.com/Fazari/bddb57c25f.webp?width=416,173000,1640,N/A,1500,"November 1, 2025"
2026-08-12 05:11:34,Fazari,FazariSmell No Taste,https://audiomack.com/Fazari/song/smell-no-taste,https://i.audiomack.com/Fazari/4d48f34d80.webp?width=416,429000,3210,N/A,5200,"August 7, 2025"
2026-08-12 05:11:37,Fazari,FazariDehley Way,https://audiomack.com/Fazari/song/dehley-way,https://i.audiomack.com/Fazari/58e0c1fa0d.webp?width=416,353000,2610,N/A,4360,"March 29, 2024"
2026-08-12 05:11:41,Fazari,FazariBritishkolo 🇱🇷🇬🇧 ( Freestyle),https://audiomack.com/Fazari/song/britishkolo-freestyle,https://i.audiomack.com/Fazari/519db1f960.webp?width=416,215000,1800,N/A,2980,"February 22, 2024"
2026-08-12 05:11:44,Fazari,FazariStick It There,https://audiomack.com/Fazari/song/stick-8-there,https://i.audiomack.com/Fazari/5144eb52fd.webp?width=416,488000,2690,N/A,4160,"January 13, 2023"
2026-08-12 05:11:48,Fazari,FazariI Bann,https://audiomack.com/Fazari/song/i-bann,https://i.audiomack.com/Fazari/01c993aa5b.webp?width=416,206000,1470,N/A,2560,"January 6, 2024"
2026-08-12 05:11:51,Fazari,FazariOne Time Touch,https://audiomack.com/Fazari/song/one-time-touch-prodacool,https://i.audiomack.com/Fazari/54faa2a188.webp?width=416,61300,454,N/A,502,"April 21, 2023"
2026-08-12 05:11:54,Fazari,FazariTelema,https://audiomack.com/Fazari/song/fazarie-telema-22222,https://i.audiomack.com/Fazari/54faa2a188.webp?width=416,146000,943,N/A,1230,"April 21, 2023"
2026-08-12 05:11:58,Fazari,FazariMCSM (Freestyle),https://audiomack.com/Fazari/song/mcsm-freestyle,https://i.audiomack.com/Fazari/ca9f25565b.webp?width=416,191000,1490,N/A,3750,"March 12, 2025"
2026-08-12 05:12:01,Fazari,Fazari🇱🇷Wah Yur Problem,https://audiomack.com/Fazari/song/wah-yur-problem,https://i.audiomack.com/Fazari/b0b72fe80c.webp?width=416,352000,2960,N/A,4310,"August 5, 2023"
2026-08-12 05:12:05,Fazari,FazariCocomenta,https://audiomack.com/Fazari/song/cocomenta-prod-acool,https://i.audiomack.com/Fazari/54faa2a188.webp?width=416,135000,782,N/A,1220,"April 21, 2023"
2026-08-12 05:12:08,Fazari,FazariCruise,https://audiomack.com/Fazari/song/faz-master,https://i.audiomack.com/Fazari/54faa2a188.webp?width=416,250000,1260,N/A,2670,"April 21, 2023"
2026-08-12 05:12:12,Fazari,FazariUpside Down,https://audiomack.com/Fazari/song/upside-down-mst,https://i.audiomack.com/Fazari/54faa2a188.webp?width=416,72600,480,N/A,692,"April 21, 2023"
2026-08-12 05:12:15,Fazari,FazariDrink & Blow,https://audiomack.com/Fazari/song/drink-and-blow-prodacool,https://i.audiomack.com/Fazari/54faa2a188.webp?width=416,48300,428,N/A,623,"April 21, 2023"
2026-08-12 05:12:19,Fazari,FazariFrench Fries,https://audiomack.com/Fazari/song/french-fries-mst,https://i.audiomack.com/Fazari/54faa2a188.webp?width=416,51200,414,N/A,508,"April 21, 2023"
2026-08-12 05:12:22,Fazari,FazariAYY SHAY,https://audiomack.com/Fazari/song/ayy-shay,https://i.audiomack.com/Fazari/92add792e3.webp?width=416,94500,1120,N/A,2700,"October 11, 2024"
2026-08-12 05:12:26,Fazari,Fazari_OfficialShout_Out_To_My_Ex_Prod._A.COOL,https://audiomack.com/Fazari/song/shout-out-to-my-ex-prod-acool,https://i.audiomack.com/fazari-official/cfa0bb7147.webp?width=416,116000,462,N/A,990,"June 23, 2020"
2026-08-12 05:12:29,Fazari,FazariMOXIE,https://audiomack.com/Fazari/song/moxie,https://i.audiomack.com/fazari-official/d914de53df.webp?width=416,3790,20,N/A,23,"August 14, 2020"
2026-08-12 05:12:32,Fazari,FazariBow Legs See Bow Legs,https://audiomack.com/Fazari/song/bow-legs-see-bow-legs,https://i.audiomack.com/Fazari/9eb35415d7.webp?width=416,101000,478,N/A,668,"July 15, 2022"
2026-08-12 05:12:36,Fazari,FazariBig Vlah,https://audiomack.com/Fazari/song/big-vlah,https://i.audiomack.com/Fazari/95e350b7bb.webp?width=416,104000,361,N/A,524,"September 23, 2022"
2026-08-12 05:12:39,Fazari,Fazari_ft_Nikey 20Fire_Prod.by Recordking & T.MA,https://audiomack.com/Fazari/song/fire-prodby-recordking-tma,https://i.audiomack.com/fazari-official/c7d8a94ba0.webp?width=416,8590,34,N/A,40,"January 10, 2020"
2026-08-12 05:12:43,Fazari,FazariBIG JUE SZN (REMIX),https://audiomack.com/Fazari/song/big-jue-szn-remix,https://i.audiomack.com/Fazari/7e11de5b91.webp?width=416,48700,398,N/A,532,"December 11, 2023"
2026-08-12 05:12:46,Fazari,FazariNo_Be_JuJu_Be_That_,https://audiomack.com/Fazari/song/no-be-juju-be-that,https://i.audiomack.com/Fazari/f975d3cff6.webp?width=416,22100,104,N/A,142,"February 19, 2022"
2026-08-12 05:12:50,Fazari,FazariFazFlex_-_Reverse_Prod._A.COOL,https://audiomack.com/Fazari/song/fazflex-reverse-prod-acool,https://i.audiomack.com/fazari-official/727ce455eb.webp?width=416,5860,37,N/A,57,"December 2, 2019"
2026-08-12 05:12:53,Fazari,FazariLah_Ay_There_Prod._A.COOL,https://audiomack.com/Fazari/song/lah-ay-there-prod-acool,https://i.audiomack.com/fazari-official/67af00fd08.webp?width=416,11100,51,N/A,69,"October 1, 2019"
2026-08-12 05:12:56,Fazari,FazariBIg Jue Season Open verse instrumental,https://audiomack.com/Fazari/song/big-jue-season-open-verse-instrumental,https://i.audiomack.com/Fazari/22f30ec906.webp?width=416,11500,53,N/A,77,"November 8, 2023"
2026-08-12 05:13:00,Fazari,FazariSnapchat,https://audiomack.com/Fazari/song/snapchat,https://i.audiomack.com/Fazari/e66c160352.webp?width=416,8660,33,N/A,35,"November 25, 2020"
2026-08-12 05:13:03,Fazari,FazariMicroscopic_Eye_Prod._A.COOL,https://audiomack.com/Fazari/song/microscopic-eye-prod-acool,https://i.audiomack.com/fazari-official/a26c7d1844.webp?width=416,3970,22,N/A,19,"February 15, 2020"
2026-08-12 05:13:06,Fazari,FazariFinesse Cover (Fazari),https://audiomack.com/Fazari/song/finesse-cover-fazari,https://i.audiomack.com/Fazari/c9f3d95c9e.webp?width=416,5520,24,N/A,25,"March 23, 2022"
2026-08-12 05:13:10,Fazari,FazariPrayer_Up_For_NKT_(Prod._A.COOL),https://audiomack.com/Fazari/song/prayer-up-for-nkt-prod-acool,https://i.audiomack.com/Fazari/3f72d8ecac.webp?width=416,5410,28,N/A,25,"January 23, 2022"
2026-08-12 05:13:13,Fazari,FazariFREE MIND,https://audiomack.com/Fazari/song/free-mind,https://i.audiomack.com/Fazari/2a11172898.webp?width=416,7070,28,N/A,28,"June 5, 2021"
2026-08-12 05:13:17,Fazari,FazariMAD LOVE,https://audiomack.com/Fazari/song/mad-love,https://i.audiomack.com/Fazari/c90bb8cd68.webp?width=416,12500,45,N/A,68,"January 29, 2021"
2026-08-12 05:13:20,Fazari,FazariThe_First_Pepo_(Prod._A.COOL),https://audiomack.com/Fazari/song/the-first-pepo-prod-acool,https://i.audiomack.com/fazari-official/19b45ebfd2.webp?width=416,5210,25,N/A,23,"September 4, 2020"
